<?xml version="1.0" encoding="UTF-8"?>
<gpx xmlns="http://www.topografix.com/GPX/1/1" xmlns:gpxdata="http://www.cluetrust.com/XML/GPXDATA/1/0" xmlns:xsi="http://www.w3.org/2001/XMLSchema-instance" xsi:schemaLocation="http://www.topografix.com/GPX/1/1 https://www.topografix.com/GPX/1/1/gpx.xsd http://www.cluetrust.com/XML/GPXDATA/1/0 https://www.cluetrust.com/Schemas/gpxdata10.xsd" creator="COROS Wearables" version="1.1">
 <metadata>
  <link href="https://www.coros.com">
   <text>COROS</text>
  </link>
  <time>2026-07-25T08:34:05Z</time>
  <coros_edit>1</coros_edit>
 </metadata>
 <trk>
  <name>Les Géants 300 VF-22770269</name>
  <type>cycling</type>
  <trkseg>
   <trkpt lat="45.9010000" lon="6.1313300">
    <ele>449</ele>
   </trkpt>
   <trkpt lat="45.9020600" lon="6.1313500">
    <ele>451</ele>
   </trkpt>
   <trkpt lat="45.9021000" lon="6.1314700">
    <ele>452</ele>
   </trkpt>
   <trkpt lat="45.9021500" lon="6.1316800">
    <ele>453</ele>
   </trkpt>
   <trkpt lat="45.9022400" lon="6.1320000">
    <ele>454</ele>
   </trkpt>
   <trkpt lat="45.9026500" lon="6.1335000">
    <ele>455</ele>
   </trkpt>
   <trkpt lat="45.9026900" lon="6.1335300">
    <ele>455</ele>
   </trkpt>
   <trkpt lat="45.9027500" lon="6.1337300">
    <ele>455</ele>
   </trkpt>
   <trkpt lat="45.9027800" lon="6.1338800">
    <ele>455</ele>
   </trkpt>
   <trkpt lat="45.9028900" lon="6.1342600">
    <ele>455</ele>
   </trkpt>
   <trkpt lat="45.9029600" lon="6.1343600">
    <ele>455</ele>
   </trkpt>
   <trkpt lat="45.9031900" lon="6.1352800">
    <ele>456</ele>
   </trkpt>
   <trkpt lat="45.9031700" lon="6.1354400">
    <ele>455</ele>
   </trkpt>
   <trkpt lat="45.9032300" lon="6.1356300">
    <ele>455</ele>
   </trkpt>
   <trkpt lat="45.9032900" lon="6.1358499">
    <ele>455</ele>
   </trkpt>
   <trkpt lat="45.9033200" lon="6.1359800">
    <ele>454</ele>
   </trkpt>
   <trkpt lat="45.9033400" lon="6.1360500">
    <ele>454</ele>
   </trkpt>
   <trkpt lat="45.9033700" lon="6.1361500">
    <ele>454</ele>
   </trkpt>
   <trkpt lat="45.9034400" lon="6.1361700">
    <ele>454</ele>
   </trkpt>
   <trkpt lat="45.9039300" lon="6.1380200">
    <ele>456</ele>
   </trkpt>
   <trkpt lat="45.9039000" lon="6.1381700">
    <ele>455</ele>
   </trkpt>
   <trkpt lat="45.9040000" lon="6.1385300">
    <ele>455</ele>
   </trkpt>
   <trkpt lat="45.9040500" lon="6.1387100">
    <ele>455</ele>
   </trkpt>
   <trkpt lat="45.9040800" lon="6.1388000">
    <ele>455</ele>
   </trkpt>
   <trkpt lat="45.9041100" lon="6.1389300">
    <ele>455</ele>
   </trkpt>
   <trkpt lat="45.9041900" lon="6.1390100">
    <ele>456</ele>
   </trkpt>
   <trkpt lat="45.9045900" lon="6.1404800">
    <ele>452</ele>
   </trkpt>
   <trkpt lat="45.9046499" lon="6.1407200">
    <ele>452</ele>
   </trkpt>
   <trkpt lat="45.9046600" lon="6.1408900">
    <ele>452</ele>
   </trkpt>
   <trkpt lat="45.9046700" lon="6.1410000">
    <ele>452</ele>
   </trkpt>
   <trkpt lat="45.9049000" lon="6.1418600">
    <ele>451</ele>
   </trkpt>
   <trkpt lat="45.9050299" lon="6.1424800">
    <ele>451</ele>
   </trkpt>
   <trkpt lat="45.9050500" lon="6.1426600">
    <ele>451</ele>
   </trkpt>
   <trkpt lat="45.9050600" lon="6.1429500">
    <ele>452</ele>
   </trkpt>
   <trkpt lat="45.9050600" lon="6.1433500">
    <ele>453</ele>
   </trkpt>
   <trkpt lat="45.9050500" lon="6.1434500">
    <ele>453</ele>
   </trkpt>
   <trkpt lat="45.9050100" lon="6.1437600">
    <ele>453</ele>
   </trkpt>
   <trkpt lat="45.9049800" lon="6.1439199">
    <ele>453</ele>
   </trkpt>
   <trkpt lat="45.9049500" lon="6.1440400">
    <ele>453</ele>
   </trkpt>
   <trkpt lat="45.9048000" lon="6.1445700">
    <ele>454</ele>
   </trkpt>
   <trkpt lat="45.9047800" lon="6.1446700">
    <ele>455</ele>
   </trkpt>
   <trkpt lat="45.9046700" lon="6.1451500">
    <ele>455</ele>
   </trkpt>
   <trkpt lat="45.9046600" lon="6.1452700">
    <ele>455</ele>
   </trkpt>
   <trkpt lat="45.9046600" lon="6.1452700">
    <ele>455</ele>
   </trkpt>
   <trkpt lat="45.9046200" lon="6.1455700">
    <ele>455</ele>
   </trkpt>
   <trkpt lat="45.9045800" lon="6.1460900">
    <ele>455</ele>
   </trkpt>
   <trkpt lat="45.9045900" lon="6.1464800">
    <ele>455</ele>
   </trkpt>
   <trkpt lat="45.9046200" lon="6.1468700">
    <ele>455</ele>
   </trkpt>
   <trkpt lat="45.9046900" lon="6.1474000">
    <ele>453</ele>
   </trkpt>
   <trkpt lat="45.9051400" lon="6.1503900">
    <ele>449</ele>
   </trkpt>
   <trkpt lat="45.9051800" lon="6.1506900">
    <ele>449</ele>
   </trkpt>
   <trkpt lat="45.9052500" lon="6.1511600">
    <ele>449</ele>
   </trkpt>
   <trkpt lat="45.9055400" lon="6.1530200">
    <ele>450</ele>
   </trkpt>
   <trkpt lat="45.9057699" lon="6.1545900">
    <ele>450</ele>
   </trkpt>
   <trkpt lat="45.9058500" lon="6.1550200">
    <ele>450</ele>
   </trkpt>
   <trkpt lat="45.9058200" lon="6.1551600">
    <ele>450</ele>
   </trkpt>
   <trkpt lat="45.9058500" lon="6.1553900">
    <ele>450</ele>
   </trkpt>
   <trkpt lat="45.9058900" lon="6.1558000">
    <ele>449</ele>
   </trkpt>
   <trkpt lat="45.9059300" lon="6.1558900">
    <ele>449</ele>
   </trkpt>
   <trkpt lat="45.9059200" lon="6.1560900">
    <ele>449</ele>
   </trkpt>
   <trkpt lat="45.9059500" lon="6.1562000">
    <ele>449</ele>
   </trkpt>
   <trkpt lat="45.9059400" lon="6.1563000">
    <ele>449</ele>
   </trkpt>
   <trkpt lat="45.9058400" lon="6.1569100">
    <ele>449</ele>
   </trkpt>
   <trkpt lat="45.9057500" lon="6.1573300">
    <ele>449</ele>
   </trkpt>
   <trkpt lat="45.9056600" lon="6.1576300">
    <ele>449</ele>
   </trkpt>
   <trkpt lat="45.9055600" lon="6.1579100">
    <ele>449</ele>
   </trkpt>
   <trkpt lat="45.9053400" lon="6.1583800">
    <ele>449</ele>
   </trkpt>
   <trkpt lat="45.9053900" lon="6.1584400">
    <ele>450</ele>
   </trkpt>
   <trkpt lat="45.9054400" lon="6.1585200">
    <ele>450</ele>
   </trkpt>
   <trkpt lat="45.9054600" lon="6.1585700">
    <ele>450</ele>
   </trkpt>
   <trkpt lat="45.9055300" lon="6.1585400">
    <ele>450</ele>
   </trkpt>
   <trkpt lat="45.9055700" lon="6.1585400">
    <ele>450</ele>
   </trkpt>
   <trkpt lat="45.9055899" lon="6.1585700">
    <ele>451</ele>
   </trkpt>
   <trkpt lat="45.9056100" lon="6.1585500">
    <ele>451</ele>
   </trkpt>
   <trkpt lat="45.9056600" lon="6.1585800">
    <ele>451</ele>
   </trkpt>
   <trkpt lat="45.9057400" lon="6.1586500">
    <ele>451</ele>
   </trkpt>
   <trkpt lat="45.9058400" lon="6.1587300">
    <ele>451</ele>
   </trkpt>
   <trkpt lat="45.9059500" lon="6.1587900">
    <ele>452</ele>
   </trkpt>
   <trkpt lat="45.9069400" lon="6.1588500">
    <ele>455</ele>
   </trkpt>
   <trkpt lat="45.9069900" lon="6.1588100">
    <ele>455</ele>
   </trkpt>
   <trkpt lat="45.9073800" lon="6.1588300">
    <ele>457</ele>
   </trkpt>
   <trkpt lat="45.9077399" lon="6.1587900">
    <ele>458</ele>
   </trkpt>
   <trkpt lat="45.9078200" lon="6.1587700">
    <ele>458</ele>
   </trkpt>
   <trkpt lat="45.9079100" lon="6.1587500">
    <ele>458</ele>
   </trkpt>
   <trkpt lat="45.9081199" lon="6.1586500">
    <ele>458</ele>
   </trkpt>
   <trkpt lat="45.9081800" lon="6.1586200">
    <ele>458</ele>
   </trkpt>
   <trkpt lat="45.9084200" lon="6.1584899">
    <ele>458</ele>
   </trkpt>
   <trkpt lat="45.9089699" lon="6.1581400">
    <ele>458</ele>
   </trkpt>
   <trkpt lat="45.9097200" lon="6.1576700">
    <ele>459</ele>
   </trkpt>
   <trkpt lat="45.9101900" lon="6.1573700">
    <ele>460</ele>
   </trkpt>
   <trkpt lat="45.9104400" lon="6.1572100">
    <ele>460</ele>
   </trkpt>
   <trkpt lat="45.9105100" lon="6.1571600">
    <ele>460</ele>
   </trkpt>
   <trkpt lat="45.9111199" lon="6.1568100">
    <ele>462</ele>
   </trkpt>
   <trkpt lat="45.9113800" lon="6.1566200">
    <ele>462</ele>
   </trkpt>
   <trkpt lat="45.9114300" lon="6.1565600">
    <ele>462</ele>
   </trkpt>
   <trkpt lat="45.9115100" lon="6.1564800">
    <ele>462</ele>
   </trkpt>
   <trkpt lat="45.9117900" lon="6.1561100">
    <ele>462</ele>
   </trkpt>
   <trkpt lat="45.9118700" lon="6.1560499">
    <ele>462</ele>
   </trkpt>
   <trkpt lat="45.9121700" lon="6.1556600">
    <ele>461</ele>
   </trkpt>
   <trkpt lat="45.9122600" lon="6.1555600">
    <ele>462</ele>
   </trkpt>
   <trkpt lat="45.9123300" lon="6.1555099">
    <ele>462</ele>
   </trkpt>
   <trkpt lat="45.9123600" lon="6.1555300">
    <ele>462</ele>
   </trkpt>
   <trkpt lat="45.9123900" lon="6.1555300">
    <ele>462</ele>
   </trkpt>
   <trkpt lat="45.9124399" lon="6.1555000">
    <ele>462</ele>
   </trkpt>
   <trkpt lat="45.9124600" lon="6.1554800">
    <ele>462</ele>
   </trkpt>
   <trkpt lat="45.9124900" lon="6.1554000">
    <ele>462</ele>
   </trkpt>
   <trkpt lat="45.9124900" lon="6.1553600">
    <ele>462</ele>
   </trkpt>
   <trkpt lat="45.9125600" lon="6.1552000">
    <ele>462</ele>
   </trkpt>
   <trkpt lat="45.9126000" lon="6.1551300">
    <ele>462</ele>
   </trkpt>
   <trkpt lat="45.9127400" lon="6.1548800">
    <ele>462</ele>
   </trkpt>
   <trkpt lat="45.9129600" lon="6.1546000">
    <ele>462</ele>
   </trkpt>
   <trkpt lat="45.9133000" lon="6.1541499">
    <ele>461</ele>
   </trkpt>
   <trkpt lat="45.9135300" lon="6.1537900">
    <ele>462</ele>
   </trkpt>
   <trkpt lat="45.9141500" lon="6.1526900">
    <ele>464</ele>
   </trkpt>
   <trkpt lat="45.9144700" lon="6.1521300">
    <ele>465</ele>
   </trkpt>
   <trkpt lat="45.9145600" lon="6.1519899">
    <ele>466</ele>
   </trkpt>
   <trkpt lat="45.9146800" lon="6.1518200">
    <ele>467</ele>
   </trkpt>
   <trkpt lat="45.9147900" lon="6.1516000">
    <ele>467</ele>
   </trkpt>
   <trkpt lat="45.9148200" lon="6.1516200">
    <ele>467</ele>
   </trkpt>
   <trkpt lat="45.9148799" lon="6.1516000">
    <ele>468</ele>
   </trkpt>
   <trkpt lat="45.9151100" lon="6.1516900">
    <ele>470</ele>
   </trkpt>
   <trkpt lat="45.9151800" lon="6.1516900">
    <ele>470</ele>
   </trkpt>
   <trkpt lat="45.9158400" lon="6.1516600">
    <ele>473</ele>
   </trkpt>
   <trkpt lat="45.9160600" lon="6.1517300">
    <ele>474</ele>
   </trkpt>
   <trkpt lat="45.9160899" lon="6.1517300">
    <ele>474</ele>
   </trkpt>
   <trkpt lat="45.9161400" lon="6.1517600">
    <ele>474</ele>
   </trkpt>
   <trkpt lat="45.9164500" lon="6.1517600">
    <ele>475</ele>
   </trkpt>
   <trkpt lat="45.9168200" lon="6.1517500">
    <ele>478</ele>
   </trkpt>
   <trkpt lat="45.9169800" lon="6.1517099">
    <ele>479</ele>
   </trkpt>
   <trkpt lat="45.9170400" lon="6.1517400">
    <ele>480</ele>
   </trkpt>
   <trkpt lat="45.9170800" lon="6.1518100">
    <ele>481</ele>
   </trkpt>
   <trkpt lat="45.9171600" lon="6.1520900">
    <ele>483</ele>
   </trkpt>
   <trkpt lat="45.9171900" lon="6.1522900">
    <ele>484</ele>
   </trkpt>
   <trkpt lat="45.9172400" lon="6.1526900">
    <ele>486</ele>
   </trkpt>
   <trkpt lat="45.9172800" lon="6.1529999">
    <ele>488</ele>
   </trkpt>
   <trkpt lat="45.9172700" lon="6.1532300">
    <ele>489</ele>
   </trkpt>
   <trkpt lat="45.9172300" lon="6.1536200">
    <ele>491</ele>
   </trkpt>
   <trkpt lat="45.9171600" lon="6.1541900">
    <ele>494</ele>
   </trkpt>
   <trkpt lat="45.9171200" lon="6.1544700">
    <ele>495</ele>
   </trkpt>
   <trkpt lat="45.9170400" lon="6.1548800">
    <ele>496</ele>
   </trkpt>
   <trkpt lat="45.9170500" lon="6.1549800">
    <ele>497</ele>
   </trkpt>
   <trkpt lat="45.9170299" lon="6.1551000">
    <ele>497</ele>
   </trkpt>
   <trkpt lat="45.9170500" lon="6.1552600">
    <ele>498</ele>
   </trkpt>
   <trkpt lat="45.9170700" lon="6.1553400">
    <ele>499</ele>
   </trkpt>
   <trkpt lat="45.9171000" lon="6.1554300">
    <ele>500</ele>
   </trkpt>
   <trkpt lat="45.9171800" lon="6.1555900">
    <ele>502</ele>
   </trkpt>
   <trkpt lat="45.9172700" lon="6.1556900">
    <ele>504</ele>
   </trkpt>
   <trkpt lat="45.9173199" lon="6.1557200">
    <ele>505</ele>
   </trkpt>
   <trkpt lat="45.9174400" lon="6.1557800">
    <ele>508</ele>
   </trkpt>
   <trkpt lat="45.9178400" lon="6.1559400">
    <ele>510</ele>
   </trkpt>
   <trkpt lat="45.9179500" lon="6.1559700">
    <ele>511</ele>
   </trkpt>
   <trkpt lat="45.9180300" lon="6.1559600">
    <ele>511</ele>
   </trkpt>
   <trkpt lat="45.9181300" lon="6.1559500">
    <ele>511</ele>
   </trkpt>
   <trkpt lat="45.9182100" lon="6.1559100">
    <ele>512</ele>
   </trkpt>
   <trkpt lat="45.9182100" lon="6.1558500">
    <ele>512</ele>
   </trkpt>
   <trkpt lat="45.9183300" lon="6.1557800">
    <ele>512</ele>
   </trkpt>
   <trkpt lat="45.9184700" lon="6.1556600">
    <ele>513</ele>
   </trkpt>
   <trkpt lat="45.9186000" lon="6.1555500">
    <ele>514</ele>
   </trkpt>
   <trkpt lat="45.9186900" lon="6.1554700">
    <ele>514</ele>
   </trkpt>
   <trkpt lat="45.9187500" lon="6.1554399">
    <ele>515</ele>
   </trkpt>
   <trkpt lat="45.9188000" lon="6.1554399">
    <ele>515</ele>
   </trkpt>
   <trkpt lat="45.9188500" lon="6.1554399">
    <ele>515</ele>
   </trkpt>
   <trkpt lat="45.9189600" lon="6.1554700">
    <ele>516</ele>
   </trkpt>
   <trkpt lat="45.9189600" lon="6.1555700">
    <ele>516</ele>
   </trkpt>
   <trkpt lat="45.9189800" lon="6.1556100">
    <ele>516</ele>
   </trkpt>
   <trkpt lat="45.9189999" lon="6.1556499">
    <ele>516</ele>
   </trkpt>
   <trkpt lat="45.9190600" lon="6.1556900">
    <ele>516</ele>
   </trkpt>
   <trkpt lat="45.9190300" lon="6.1558400">
    <ele>516</ele>
   </trkpt>
   <trkpt lat="45.9190200" lon="6.1559100">
    <ele>516</ele>
   </trkpt>
   <trkpt lat="45.9189999" lon="6.1560400">
    <ele>515</ele>
   </trkpt>
   <trkpt lat="45.9189400" lon="6.1560800">
    <ele>515</ele>
   </trkpt>
   <trkpt lat="45.9188800" lon="6.1562900">
    <ele>514</ele>
   </trkpt>
   <trkpt lat="45.9188500" lon="6.1564200">
    <ele>514</ele>
   </trkpt>
   <trkpt lat="45.9188300" lon="6.1566400">
    <ele>513</ele>
   </trkpt>
   <trkpt lat="45.9188300" lon="6.1567200">
    <ele>513</ele>
   </trkpt>
   <trkpt lat="45.9188300" lon="6.1567700">
    <ele>513</ele>
   </trkpt>
   <trkpt lat="45.9188600" lon="6.1570300">
    <ele>513</ele>
   </trkpt>
   <trkpt lat="45.9188700" lon="6.1571400">
    <ele>513</ele>
   </trkpt>
   <trkpt lat="45.9189500" lon="6.1573700">
    <ele>514</ele>
   </trkpt>
   <trkpt lat="45.9189800" lon="6.1575100">
    <ele>514</ele>
   </trkpt>
   <trkpt lat="45.9189700" lon="6.1576200">
    <ele>514</ele>
   </trkpt>
   <trkpt lat="45.9189800" lon="6.1576600">
    <ele>514</ele>
   </trkpt>
   <trkpt lat="45.9189999" lon="6.1577100">
    <ele>515</ele>
   </trkpt>
   <trkpt lat="45.9190200" lon="6.1577300">
    <ele>515</ele>
   </trkpt>
   <trkpt lat="45.9190500" lon="6.1577500">
    <ele>515</ele>
   </trkpt>
   <trkpt lat="45.9191300" lon="6.1580700">
    <ele>516</ele>
   </trkpt>
   <trkpt lat="45.9191900" lon="6.1580300">
    <ele>516</ele>
   </trkpt>
   <trkpt lat="45.9192100" lon="6.1580800">
    <ele>516</ele>
   </trkpt>
   <trkpt lat="45.9192300" lon="6.1581600">
    <ele>516</ele>
   </trkpt>
   <trkpt lat="45.9192800" lon="6.1583200">
    <ele>517</ele>
   </trkpt>
   <trkpt lat="45.9193600" lon="6.1586299">
    <ele>519</ele>
   </trkpt>
   <trkpt lat="45.9194600" lon="6.1589700">
    <ele>521</ele>
   </trkpt>
   <trkpt lat="45.9194600" lon="6.1590600">
    <ele>522</ele>
   </trkpt>
   <trkpt lat="45.9194600" lon="6.1591699">
    <ele>522</ele>
   </trkpt>
   <trkpt lat="45.9194400" lon="6.1592100">
    <ele>522</ele>
   </trkpt>
   <trkpt lat="45.9194200" lon="6.1592500">
    <ele>522</ele>
   </trkpt>
   <trkpt lat="45.9194200" lon="6.1593000">
    <ele>523</ele>
   </trkpt>
   <trkpt lat="45.9194200" lon="6.1593500">
    <ele>523</ele>
   </trkpt>
   <trkpt lat="45.9194300" lon="6.1594000">
    <ele>523</ele>
   </trkpt>
   <trkpt lat="45.9194600" lon="6.1594400">
    <ele>524</ele>
   </trkpt>
   <trkpt lat="45.9194900" lon="6.1594700">
    <ele>524</ele>
   </trkpt>
   <trkpt lat="45.9195200" lon="6.1594900">
    <ele>524</ele>
   </trkpt>
   <trkpt lat="45.9195600" lon="6.1594900">
    <ele>525</ele>
   </trkpt>
   <trkpt lat="45.9196100" lon="6.1595900">
    <ele>526</ele>
   </trkpt>
   <trkpt lat="45.9197300" lon="6.1599500">
    <ele>529</ele>
   </trkpt>
   <trkpt lat="45.9198200" lon="6.1602800">
    <ele>532</ele>
   </trkpt>
   <trkpt lat="45.9200000" lon="6.1609400">
    <ele>539</ele>
   </trkpt>
   <trkpt lat="45.9202000" lon="6.1616300">
    <ele>542</ele>
   </trkpt>
   <trkpt lat="45.9204500" lon="6.1625400">
    <ele>548</ele>
   </trkpt>
   <trkpt lat="45.9206600" lon="6.1633100">
    <ele>554</ele>
   </trkpt>
   <trkpt lat="45.9208100" lon="6.1638400">
    <ele>555</ele>
   </trkpt>
   <trkpt lat="45.9208500" lon="6.1640100">
    <ele>556</ele>
   </trkpt>
   <trkpt lat="45.9209699" lon="6.1643900">
    <ele>556</ele>
   </trkpt>
   <trkpt lat="45.9209900" lon="6.1644500">
    <ele>557</ele>
   </trkpt>
   <trkpt lat="45.9210600" lon="6.1647000">
    <ele>557</ele>
   </trkpt>
   <trkpt lat="45.9211100" lon="6.1647900">
    <ele>557</ele>
   </trkpt>
   <trkpt lat="45.9211800" lon="6.1648700">
    <ele>558</ele>
   </trkpt>
   <trkpt lat="45.9212900" lon="6.1649300">
    <ele>558</ele>
   </trkpt>
   <trkpt lat="45.9215000" lon="6.1649800">
    <ele>559</ele>
   </trkpt>
   <trkpt lat="45.9216800" lon="6.1650500">
    <ele>559</ele>
   </trkpt>
   <trkpt lat="45.9223000" lon="6.1651700">
    <ele>560</ele>
   </trkpt>
   <trkpt lat="45.9224800" lon="6.1652400">
    <ele>560</ele>
   </trkpt>
   <trkpt lat="45.9224800" lon="6.1652900">
    <ele>560</ele>
   </trkpt>
   <trkpt lat="45.9225500" lon="6.1653900">
    <ele>560</ele>
   </trkpt>
   <trkpt lat="45.9225800" lon="6.1655000">
    <ele>560</ele>
   </trkpt>
   <trkpt lat="45.9225900" lon="6.1656500">
    <ele>560</ele>
   </trkpt>
   <trkpt lat="45.9225700" lon="6.1658200">
    <ele>561</ele>
   </trkpt>
   <trkpt lat="45.9225300" lon="6.1661400">
    <ele>562</ele>
   </trkpt>
   <trkpt lat="45.9224200" lon="6.1665599">
    <ele>563</ele>
   </trkpt>
   <trkpt lat="45.9223200" lon="6.1668700">
    <ele>564</ele>
   </trkpt>
   <trkpt lat="45.9219400" lon="6.1679199">
    <ele>568</ele>
   </trkpt>
   <trkpt lat="45.9218600" lon="6.1683000">
    <ele>569</ele>
   </trkpt>
   <trkpt lat="45.9217700" lon="6.1692700">
    <ele>572</ele>
   </trkpt>
   <trkpt lat="45.9217100" lon="6.1694500">
    <ele>573</ele>
   </trkpt>
   <trkpt lat="45.9216100" lon="6.1697100">
    <ele>574</ele>
   </trkpt>
   <trkpt lat="45.9216100" lon="6.1698500">
    <ele>574</ele>
   </trkpt>
   <trkpt lat="45.9216399" lon="6.1698300">
    <ele>574</ele>
   </trkpt>
   <trkpt lat="45.9217299" lon="6.1698300">
    <ele>573</ele>
   </trkpt>
   <trkpt lat="45.9217299" lon="6.1699700">
    <ele>574</ele>
   </trkpt>
   <trkpt lat="45.9217100" lon="6.1701300">
    <ele>575</ele>
   </trkpt>
   <trkpt lat="45.9216800" lon="6.1704100">
    <ele>576</ele>
   </trkpt>
   <trkpt lat="45.9216600" lon="6.1706200">
    <ele>577</ele>
   </trkpt>
   <trkpt lat="45.9216600" lon="6.1707400">
    <ele>578</ele>
   </trkpt>
   <trkpt lat="45.9216800" lon="6.1708700">
    <ele>578</ele>
   </trkpt>
   <trkpt lat="45.9217299" lon="6.1710000">
    <ele>579</ele>
   </trkpt>
   <trkpt lat="45.9217900" lon="6.1711200">
    <ele>579</ele>
   </trkpt>
   <trkpt lat="45.9222200" lon="6.1715900">
    <ele>579</ele>
   </trkpt>
   <trkpt lat="45.9222700" lon="6.1716500">
    <ele>579</ele>
   </trkpt>
   <trkpt lat="45.9223500" lon="6.1717300">
    <ele>579</ele>
   </trkpt>
   <trkpt lat="45.9226400" lon="6.1720700">
    <ele>579</ele>
   </trkpt>
   <trkpt lat="45.9226900" lon="6.1721300">
    <ele>579</ele>
   </trkpt>
   <trkpt lat="45.9228300" lon="6.1724100">
    <ele>579</ele>
   </trkpt>
   <trkpt lat="45.9230100" lon="6.1729300">
    <ele>582</ele>
   </trkpt>
   <trkpt lat="45.9231000" lon="6.1732200">
    <ele>583</ele>
   </trkpt>
   <trkpt lat="45.9231600" lon="6.1734200">
    <ele>583</ele>
   </trkpt>
   <trkpt lat="45.9232100" lon="6.1735800">
    <ele>583</ele>
   </trkpt>
   <trkpt lat="45.9232800" lon="6.1737900">
    <ele>583</ele>
   </trkpt>
   <trkpt lat="45.9232800" lon="6.1738700">
    <ele>583</ele>
   </trkpt>
   <trkpt lat="45.9232900" lon="6.1739499">
    <ele>583</ele>
   </trkpt>
   <trkpt lat="45.9233199" lon="6.1740199">
    <ele>583</ele>
   </trkpt>
   <trkpt lat="45.9233500" lon="6.1740900">
    <ele>583</ele>
   </trkpt>
   <trkpt lat="45.9234000" lon="6.1741400">
    <ele>583</ele>
   </trkpt>
   <trkpt lat="45.9234700" lon="6.1741900">
    <ele>583</ele>
   </trkpt>
   <trkpt lat="45.9235100" lon="6.1743400">
    <ele>583</ele>
   </trkpt>
   <trkpt lat="45.9235400" lon="6.1744800">
    <ele>583</ele>
   </trkpt>
   <trkpt lat="45.9235800" lon="6.1746400">
    <ele>583</ele>
   </trkpt>
   <trkpt lat="45.9236300" lon="6.1747400">
    <ele>583</ele>
   </trkpt>
   <trkpt lat="45.9237700" lon="6.1749200">
    <ele>583</ele>
   </trkpt>
   <trkpt lat="45.9239000" lon="6.1750200">
    <ele>582</ele>
   </trkpt>
   <trkpt lat="45.9248500" lon="6.1757400">
    <ele>571</ele>
   </trkpt>
   <trkpt lat="45.9249900" lon="6.1757200">
    <ele>569</ele>
   </trkpt>
   <trkpt lat="45.9251800" lon="6.1754900">
    <ele>570</ele>
   </trkpt>
   <trkpt lat="45.9253300" lon="6.1753500">
    <ele>571</ele>
   </trkpt>
   <trkpt lat="45.9255100" lon="6.1752600">
    <ele>571</ele>
   </trkpt>
   <trkpt lat="45.9257700" lon="6.1751800">
    <ele>571</ele>
   </trkpt>
   <trkpt lat="45.9259300" lon="6.1751699">
    <ele>570</ele>
   </trkpt>
   <trkpt lat="45.9264300" lon="6.1751699">
    <ele>569</ele>
   </trkpt>
   <trkpt lat="45.9267400" lon="6.1752000">
    <ele>567</ele>
   </trkpt>
   <trkpt lat="45.9271600" lon="6.1752000">
    <ele>567</ele>
   </trkpt>
   <trkpt lat="45.9274900" lon="6.1753200">
    <ele>563</ele>
   </trkpt>
   <trkpt lat="45.9277400" lon="6.1753700">
    <ele>560</ele>
   </trkpt>
   <trkpt lat="45.9280100" lon="6.1753700">
    <ele>558</ele>
   </trkpt>
   <trkpt lat="45.9281099" lon="6.1753800">
    <ele>557</ele>
   </trkpt>
   <trkpt lat="45.9281400" lon="6.1753900">
    <ele>557</ele>
   </trkpt>
   <trkpt lat="45.9282300" lon="6.1755100">
    <ele>553</ele>
   </trkpt>
   <trkpt lat="45.9282300" lon="6.1756700">
    <ele>548</ele>
   </trkpt>
   <trkpt lat="45.9281700" lon="6.1758300">
    <ele>544</ele>
   </trkpt>
   <trkpt lat="45.9280700" lon="6.1759200">
    <ele>543</ele>
   </trkpt>
   <trkpt lat="45.9277299" lon="6.1760200">
    <ele>544</ele>
   </trkpt>
   <trkpt lat="45.9276000" lon="6.1760700">
    <ele>543</ele>
   </trkpt>
   <trkpt lat="45.9273800" lon="6.1762400">
    <ele>541</ele>
   </trkpt>
   <trkpt lat="45.9270100" lon="6.1766200">
    <ele>536</ele>
   </trkpt>
   <trkpt lat="45.9267500" lon="6.1769000">
    <ele>534</ele>
   </trkpt>
   <trkpt lat="45.9266999" lon="6.1770200">
    <ele>534</ele>
   </trkpt>
   <trkpt lat="45.9266999" lon="6.1771500">
    <ele>532</ele>
   </trkpt>
   <trkpt lat="45.9267300" lon="6.1772600">
    <ele>531</ele>
   </trkpt>
   <trkpt lat="45.9267899" lon="6.1773800">
    <ele>530</ele>
   </trkpt>
   <trkpt lat="45.9268400" lon="6.1774300">
    <ele>529</ele>
   </trkpt>
   <trkpt lat="45.9272000" lon="6.1775600">
    <ele>527</ele>
   </trkpt>
   <trkpt lat="45.9275800" lon="6.1776799">
    <ele>523</ele>
   </trkpt>
   <trkpt lat="45.9278800" lon="6.1777600">
    <ele>520</ele>
   </trkpt>
   <trkpt lat="45.9280000" lon="6.1777600">
    <ele>520</ele>
   </trkpt>
   <trkpt lat="45.9281000" lon="6.1776900">
    <ele>521</ele>
   </trkpt>
   <trkpt lat="45.9281700" lon="6.1776099">
    <ele>522</ele>
   </trkpt>
   <trkpt lat="45.9282600" lon="6.1774300">
    <ele>524</ele>
   </trkpt>
   <trkpt lat="45.9283300" lon="6.1773400">
    <ele>525</ele>
   </trkpt>
   <trkpt lat="45.9283900" lon="6.1773100">
    <ele>523</ele>
   </trkpt>
   <trkpt lat="45.9284300" lon="6.1773300">
    <ele>521</ele>
   </trkpt>
   <trkpt lat="45.9284700" lon="6.1773500">
    <ele>520</ele>
   </trkpt>
   <trkpt lat="45.9285100" lon="6.1774500">
    <ele>518</ele>
   </trkpt>
   <trkpt lat="45.9285100" lon="6.1774900">
    <ele>517</ele>
   </trkpt>
   <trkpt lat="45.9285100" lon="6.1775700">
    <ele>516</ele>
   </trkpt>
   <trkpt lat="45.9284500" lon="6.1777100">
    <ele>517</ele>
   </trkpt>
   <trkpt lat="45.9282100" lon="6.1780900">
    <ele>514</ele>
   </trkpt>
   <trkpt lat="45.9280300" lon="6.1782400">
    <ele>512</ele>
   </trkpt>
   <trkpt lat="45.9279500" lon="6.1782800">
    <ele>511</ele>
   </trkpt>
   <trkpt lat="45.9277299" lon="6.1783300">
    <ele>510</ele>
   </trkpt>
   <trkpt lat="45.9274100" lon="6.1781600">
    <ele>513</ele>
   </trkpt>
   <trkpt lat="45.9272500" lon="6.1781600">
    <ele>515</ele>
   </trkpt>
   <trkpt lat="45.9271699" lon="6.1782700">
    <ele>513</ele>
   </trkpt>
   <trkpt lat="45.9271400" lon="6.1783600">
    <ele>512</ele>
   </trkpt>
   <trkpt lat="45.9271400" lon="6.1784200">
    <ele>510</ele>
   </trkpt>
   <trkpt lat="45.9272100" lon="6.1785500">
    <ele>507</ele>
   </trkpt>
   <trkpt lat="45.9273200" lon="6.1785600">
    <ele>506</ele>
   </trkpt>
   <trkpt lat="45.9274900" lon="6.1785400">
    <ele>505</ele>
   </trkpt>
   <trkpt lat="45.9277000" lon="6.1785400">
    <ele>505</ele>
   </trkpt>
   <trkpt lat="45.9279600" lon="6.1786800">
    <ele>504</ele>
   </trkpt>
   <trkpt lat="45.9281099" lon="6.1788400">
    <ele>502</ele>
   </trkpt>
   <trkpt lat="45.9281700" lon="6.1789600">
    <ele>500</ele>
   </trkpt>
   <trkpt lat="45.9282100" lon="6.1790600">
    <ele>499</ele>
   </trkpt>
   <trkpt lat="45.9282300" lon="6.1791200">
    <ele>498</ele>
   </trkpt>
   <trkpt lat="45.9284800" lon="6.1796900">
    <ele>508</ele>
   </trkpt>
   <trkpt lat="45.9284899" lon="6.1797900">
    <ele>509</ele>
   </trkpt>
   <trkpt lat="45.9284200" lon="6.1800499">
    <ele>510</ele>
   </trkpt>
   <trkpt lat="45.9282400" lon="6.1803600">
    <ele>510</ele>
   </trkpt>
   <trkpt lat="45.9279400" lon="6.1809300">
    <ele>511</ele>
   </trkpt>
   <trkpt lat="45.9275499" lon="6.1820100">
    <ele>515</ele>
   </trkpt>
   <trkpt lat="45.9272100" lon="6.1829599">
    <ele>517</ele>
   </trkpt>
   <trkpt lat="45.9271500" lon="6.1831900">
    <ele>518</ele>
   </trkpt>
   <trkpt lat="45.9270799" lon="6.1837600">
    <ele>522</ele>
   </trkpt>
   <trkpt lat="45.9270500" lon="6.1839200">
    <ele>523</ele>
   </trkpt>
   <trkpt lat="45.9270000" lon="6.1841200">
    <ele>524</ele>
   </trkpt>
   <trkpt lat="45.9266200" lon="6.1851400">
    <ele>523</ele>
   </trkpt>
   <trkpt lat="45.9265900" lon="6.1852400">
    <ele>523</ele>
   </trkpt>
   <trkpt lat="45.9265600" lon="6.1853900">
    <ele>523</ele>
   </trkpt>
   <trkpt lat="45.9265300" lon="6.1856099">
    <ele>524</ele>
   </trkpt>
   <trkpt lat="45.9265300" lon="6.1861700">
    <ele>526</ele>
   </trkpt>
   <trkpt lat="45.9265300" lon="6.1864100">
    <ele>526</ele>
   </trkpt>
   <trkpt lat="45.9265600" lon="6.1865800">
    <ele>528</ele>
   </trkpt>
   <trkpt lat="45.9266000" lon="6.1867100">
    <ele>529</ele>
   </trkpt>
   <trkpt lat="45.9267600" lon="6.1870900">
    <ele>537</ele>
   </trkpt>
   <trkpt lat="45.9267800" lon="6.1872299">
    <ele>538</ele>
   </trkpt>
   <trkpt lat="45.9267899" lon="6.1873600">
    <ele>540</ele>
   </trkpt>
   <trkpt lat="45.9267500" lon="6.1875200">
    <ele>540</ele>
   </trkpt>
   <trkpt lat="45.9266000" lon="6.1880000">
    <ele>539</ele>
   </trkpt>
   <trkpt lat="45.9265800" lon="6.1880800">
    <ele>539</ele>
   </trkpt>
   <trkpt lat="45.9266000" lon="6.1881600">
    <ele>540</ele>
   </trkpt>
   <trkpt lat="45.9266300" lon="6.1882600">
    <ele>542</ele>
   </trkpt>
   <trkpt lat="45.9266999" lon="6.1883400">
    <ele>545</ele>
   </trkpt>
   <trkpt lat="45.9267700" lon="6.1883600">
    <ele>548</ele>
   </trkpt>
   <trkpt lat="45.9268300" lon="6.1883400">
    <ele>549</ele>
   </trkpt>
   <trkpt lat="45.9268800" lon="6.1883000">
    <ele>551</ele>
   </trkpt>
   <trkpt lat="45.9269100" lon="6.1882300">
    <ele>551</ele>
   </trkpt>
   <trkpt lat="45.9269600" lon="6.1880600">
    <ele>551</ele>
   </trkpt>
   <trkpt lat="45.9271100" lon="6.1875000">
    <ele>551</ele>
   </trkpt>
   <trkpt lat="45.9272800" lon="6.1871600">
    <ele>552</ele>
   </trkpt>
   <trkpt lat="45.9273800" lon="6.1870200">
    <ele>552</ele>
   </trkpt>
   <trkpt lat="45.9277000" lon="6.1866899">
    <ele>554</ele>
   </trkpt>
   <trkpt lat="45.9277800" lon="6.1865900">
    <ele>555</ele>
   </trkpt>
   <trkpt lat="45.9278800" lon="6.1863600">
    <ele>555</ele>
   </trkpt>
   <trkpt lat="45.9279700" lon="6.1860600">
    <ele>554</ele>
   </trkpt>
   <trkpt lat="45.9280800" lon="6.1856000">
    <ele>553</ele>
   </trkpt>
   <trkpt lat="45.9281300" lon="6.1854800">
    <ele>553</ele>
   </trkpt>
   <trkpt lat="45.9281900" lon="6.1853800">
    <ele>554</ele>
   </trkpt>
   <trkpt lat="45.9282400" lon="6.1853200">
    <ele>554</ele>
   </trkpt>
   <trkpt lat="45.9283200" lon="6.1852500">
    <ele>555</ele>
   </trkpt>
   <trkpt lat="45.9284000" lon="6.1852100">
    <ele>556</ele>
   </trkpt>
   <trkpt lat="45.9287599" lon="6.1850900">
    <ele>558</ele>
   </trkpt>
   <trkpt lat="45.9288800" lon="6.1850400">
    <ele>559</ele>
   </trkpt>
   <trkpt lat="45.9289300" lon="6.1849900">
    <ele>559</ele>
   </trkpt>
   <trkpt lat="45.9290600" lon="6.1848500">
    <ele>559</ele>
   </trkpt>
   <trkpt lat="45.9291300" lon="6.1848000">
    <ele>559</ele>
   </trkpt>
   <trkpt lat="45.9291800" lon="6.1847800">
    <ele>559</ele>
   </trkpt>
   <trkpt lat="45.9292400" lon="6.1847899">
    <ele>561</ele>
   </trkpt>
   <trkpt lat="45.9292800" lon="6.1848200">
    <ele>562</ele>
   </trkpt>
   <trkpt lat="45.9293200" lon="6.1849000">
    <ele>563</ele>
   </trkpt>
   <trkpt lat="45.9293500" lon="6.1849900">
    <ele>565</ele>
   </trkpt>
   <trkpt lat="45.9293500" lon="6.1850800">
    <ele>566</ele>
   </trkpt>
   <trkpt lat="45.9293300" lon="6.1851700">
    <ele>567</ele>
   </trkpt>
   <trkpt lat="45.9285900" lon="6.1864100">
    <ele>569</ele>
   </trkpt>
   <trkpt lat="45.9285200" lon="6.1865600">
    <ele>570</ele>
   </trkpt>
   <trkpt lat="45.9284800" lon="6.1866899">
    <ele>571</ele>
   </trkpt>
   <trkpt lat="45.9284800" lon="6.1867599">
    <ele>572</ele>
   </trkpt>
   <trkpt lat="45.9284800" lon="6.1868200">
    <ele>573</ele>
   </trkpt>
   <trkpt lat="45.9285100" lon="6.1869600">
    <ele>576</ele>
   </trkpt>
   <trkpt lat="45.9285600" lon="6.1870400">
    <ele>578</ele>
   </trkpt>
   <trkpt lat="45.9286300" lon="6.1870800">
    <ele>580</ele>
   </trkpt>
   <trkpt lat="45.9287100" lon="6.1871100">
    <ele>582</ele>
   </trkpt>
   <trkpt lat="45.9288000" lon="6.1870800">
    <ele>582</ele>
   </trkpt>
   <trkpt lat="45.9288700" lon="6.1870100">
    <ele>582</ele>
   </trkpt>
   <trkpt lat="45.9297700" lon="6.1857000">
    <ele>584</ele>
   </trkpt>
   <trkpt lat="45.9304700" lon="6.1849200">
    <ele>589</ele>
   </trkpt>
   <trkpt lat="45.9308800" lon="6.1845900">
    <ele>593</ele>
   </trkpt>
   <trkpt lat="45.9309900" lon="6.1845100">
    <ele>593</ele>
   </trkpt>
   <trkpt lat="45.9310600" lon="6.1844800">
    <ele>593</ele>
   </trkpt>
   <trkpt lat="45.9311600" lon="6.1845100">
    <ele>594</ele>
   </trkpt>
   <trkpt lat="45.9312600" lon="6.1845900">
    <ele>595</ele>
   </trkpt>
   <trkpt lat="45.9313100" lon="6.1846900">
    <ele>596</ele>
   </trkpt>
   <trkpt lat="45.9314200" lon="6.1849500">
    <ele>598</ele>
   </trkpt>
   <trkpt lat="45.9315500" lon="6.1853000">
    <ele>602</ele>
   </trkpt>
   <trkpt lat="45.9316500" lon="6.1855200">
    <ele>604</ele>
   </trkpt>
   <trkpt lat="45.9317200" lon="6.1856500">
    <ele>606</ele>
   </trkpt>
   <trkpt lat="45.9321500" lon="6.1860799">
    <ele>606</ele>
   </trkpt>
   <trkpt lat="45.9323600" lon="6.1862100">
    <ele>606</ele>
   </trkpt>
   <trkpt lat="45.9325900" lon="6.1867000">
    <ele>609</ele>
   </trkpt>
   <trkpt lat="45.9328500" lon="6.1872100">
    <ele>609</ele>
   </trkpt>
   <trkpt lat="45.9332800" lon="6.1872700">
    <ele>609</ele>
   </trkpt>
   <trkpt lat="45.9333100" lon="6.1872800">
    <ele>609</ele>
   </trkpt>
   <trkpt lat="45.9335100" lon="6.1872500">
    <ele>611</ele>
   </trkpt>
   <trkpt lat="45.9335900" lon="6.1871500">
    <ele>612</ele>
   </trkpt>
   <trkpt lat="45.9336600" lon="6.1870200">
    <ele>613</ele>
   </trkpt>
   <trkpt lat="45.9336900" lon="6.1868700">
    <ele>613</ele>
   </trkpt>
   <trkpt lat="45.9337200" lon="6.1866899">
    <ele>613</ele>
   </trkpt>
   <trkpt lat="45.9337600" lon="6.1865700">
    <ele>614</ele>
   </trkpt>
   <trkpt lat="45.9338300" lon="6.1865000">
    <ele>614</ele>
   </trkpt>
   <trkpt lat="45.9339299" lon="6.1864700">
    <ele>616</ele>
   </trkpt>
   <trkpt lat="45.9340300" lon="6.1864800">
    <ele>617</ele>
   </trkpt>
   <trkpt lat="45.9341400" lon="6.1865300">
    <ele>619</ele>
   </trkpt>
   <trkpt lat="45.9342300" lon="6.1866100">
    <ele>620</ele>
   </trkpt>
   <trkpt lat="45.9343200" lon="6.1867800">
    <ele>621</ele>
   </trkpt>
   <trkpt lat="45.9344100" lon="6.1869600">
    <ele>622</ele>
   </trkpt>
   <trkpt lat="45.9345300" lon="6.1873600">
    <ele>624</ele>
   </trkpt>
   <trkpt lat="45.9346100" lon="6.1876800">
    <ele>627</ele>
   </trkpt>
   <trkpt lat="45.9346400" lon="6.1877800">
    <ele>628</ele>
   </trkpt>
   <trkpt lat="45.9346500" lon="6.1879600">
    <ele>629</ele>
   </trkpt>
   <trkpt lat="45.9346400" lon="6.1880400">
    <ele>629</ele>
   </trkpt>
   <trkpt lat="45.9346200" lon="6.1881600">
    <ele>630</ele>
   </trkpt>
   <trkpt lat="45.9346000" lon="6.1882500">
    <ele>630</ele>
   </trkpt>
   <trkpt lat="45.9345200" lon="6.1884300">
    <ele>630</ele>
   </trkpt>
   <trkpt lat="45.9344700" lon="6.1884800">
    <ele>630</ele>
   </trkpt>
   <trkpt lat="45.9343600" lon="6.1885899">
    <ele>630</ele>
   </trkpt>
   <trkpt lat="45.9342500" lon="6.1886300">
    <ele>629</ele>
   </trkpt>
   <trkpt lat="45.9341700" lon="6.1887000">
    <ele>629</ele>
   </trkpt>
   <trkpt lat="45.9341300" lon="6.1887700">
    <ele>629</ele>
   </trkpt>
   <trkpt lat="45.9341000" lon="6.1888600">
    <ele>629</ele>
   </trkpt>
   <trkpt lat="45.9340700" lon="6.1890000">
    <ele>631</ele>
   </trkpt>
   <trkpt lat="45.9340700" lon="6.1891100">
    <ele>632</ele>
   </trkpt>
   <trkpt lat="45.9341099" lon="6.1893300">
    <ele>633</ele>
   </trkpt>
   <trkpt lat="45.9341099" lon="6.1893900">
    <ele>633</ele>
   </trkpt>
   <trkpt lat="45.9341099" lon="6.1894800">
    <ele>633</ele>
   </trkpt>
   <trkpt lat="45.9341099" lon="6.1896000">
    <ele>633</ele>
   </trkpt>
   <trkpt lat="45.9341300" lon="6.1896600">
    <ele>633</ele>
   </trkpt>
   <trkpt lat="45.9342500" lon="6.1898099">
    <ele>634</ele>
   </trkpt>
   <trkpt lat="45.9343500" lon="6.1899300">
    <ele>635</ele>
   </trkpt>
   <trkpt lat="45.9344400" lon="6.1900400">
    <ele>635</ele>
   </trkpt>
   <trkpt lat="45.9346100" lon="6.1903600">
    <ele>635</ele>
   </trkpt>
   <trkpt lat="45.9346900" lon="6.1905000">
    <ele>634</ele>
   </trkpt>
   <trkpt lat="45.9347300" lon="6.1905500">
    <ele>634</ele>
   </trkpt>
   <trkpt lat="45.9348100" lon="6.1906100">
    <ele>634</ele>
   </trkpt>
   <trkpt lat="45.9349700" lon="6.1907300">
    <ele>633</ele>
   </trkpt>
   <trkpt lat="45.9351100" lon="6.1908899">
    <ele>632</ele>
   </trkpt>
   <trkpt lat="45.9351900" lon="6.1909900">
    <ele>631</ele>
   </trkpt>
   <trkpt lat="45.9353100" lon="6.1911300">
    <ele>632</ele>
   </trkpt>
   <trkpt lat="45.9358300" lon="6.1918700">
    <ele>634</ele>
   </trkpt>
   <trkpt lat="45.9361800" lon="6.1921900">
    <ele>635</ele>
   </trkpt>
   <trkpt lat="45.9363800" lon="6.1923400">
    <ele>635</ele>
   </trkpt>
   <trkpt lat="45.9364900" lon="6.1924200">
    <ele>635</ele>
   </trkpt>
   <trkpt lat="45.9366200" lon="6.1925100">
    <ele>635</ele>
   </trkpt>
   <trkpt lat="45.9368200" lon="6.1926300">
    <ele>636</ele>
   </trkpt>
   <trkpt lat="45.9370199" lon="6.1927400">
    <ele>638</ele>
   </trkpt>
   <trkpt lat="45.9372100" lon="6.1928300">
    <ele>639</ele>
   </trkpt>
   <trkpt lat="45.9374400" lon="6.1929700">
    <ele>640</ele>
   </trkpt>
   <trkpt lat="45.9375700" lon="6.1930300">
    <ele>641</ele>
   </trkpt>
   <trkpt lat="45.9377100" lon="6.1930500">
    <ele>642</ele>
   </trkpt>
   <trkpt lat="45.9380700" lon="6.1930500">
    <ele>644</ele>
   </trkpt>
   <trkpt lat="45.9381000" lon="6.1930500">
    <ele>644</ele>
   </trkpt>
   <trkpt lat="45.9383100" lon="6.1930400">
    <ele>645</ele>
   </trkpt>
   <trkpt lat="45.9384400" lon="6.1930300">
    <ele>646</ele>
   </trkpt>
   <trkpt lat="45.9388700" lon="6.1930100">
    <ele>648</ele>
   </trkpt>
   <trkpt lat="45.9390400" lon="6.1929999">
    <ele>648</ele>
   </trkpt>
   <trkpt lat="45.9391600" lon="6.1929999">
    <ele>649</ele>
   </trkpt>
   <trkpt lat="45.9394100" lon="6.1929999">
    <ele>650</ele>
   </trkpt>
   <trkpt lat="45.9394400" lon="6.1929900">
    <ele>650</ele>
   </trkpt>
   <trkpt lat="45.9397400" lon="6.1929900">
    <ele>651</ele>
   </trkpt>
   <trkpt lat="45.9399200" lon="6.1929800">
    <ele>651</ele>
   </trkpt>
   <trkpt lat="45.9402600" lon="6.1930900">
    <ele>653</ele>
   </trkpt>
   <trkpt lat="45.9403400" lon="6.1931100">
    <ele>654</ele>
   </trkpt>
   <trkpt lat="45.9405400" lon="6.1931800">
    <ele>655</ele>
   </trkpt>
   <trkpt lat="45.9420600" lon="6.1933900">
    <ele>662</ele>
   </trkpt>
   <trkpt lat="45.9430100" lon="6.1938900">
    <ele>666</ele>
   </trkpt>
   <trkpt lat="45.9435000" lon="6.1941800">
    <ele>668</ele>
   </trkpt>
   <trkpt lat="45.9445000" lon="6.1947500">
    <ele>675</ele>
   </trkpt>
   <trkpt lat="45.9448400" lon="6.1948400">
    <ele>677</ele>
   </trkpt>
   <trkpt lat="45.9452300" lon="6.1946800">
    <ele>677</ele>
   </trkpt>
   <trkpt lat="45.9454700" lon="6.1944700">
    <ele>676</ele>
   </trkpt>
   <trkpt lat="45.9460900" lon="6.1940200">
    <ele>678</ele>
   </trkpt>
   <trkpt lat="45.9463400" lon="6.1938700">
    <ele>680</ele>
   </trkpt>
   <trkpt lat="45.9464800" lon="6.1938100">
    <ele>682</ele>
   </trkpt>
   <trkpt lat="45.9466600" lon="6.1937800">
    <ele>683</ele>
   </trkpt>
   <trkpt lat="45.9468699" lon="6.1937800">
    <ele>684</ele>
   </trkpt>
   <trkpt lat="45.9470500" lon="6.1938000">
    <ele>684</ele>
   </trkpt>
   <trkpt lat="45.9472400" lon="6.1938700">
    <ele>685</ele>
   </trkpt>
   <trkpt lat="45.9474400" lon="6.1939800">
    <ele>686</ele>
   </trkpt>
   <trkpt lat="45.9476000" lon="6.1940799">
    <ele>687</ele>
   </trkpt>
   <trkpt lat="45.9479800" lon="6.1943100">
    <ele>688</ele>
   </trkpt>
   <trkpt lat="45.9491800" lon="6.1950600">
    <ele>695</ele>
   </trkpt>
   <trkpt lat="45.9501300" lon="6.1956400">
    <ele>699</ele>
   </trkpt>
   <trkpt lat="45.9505100" lon="6.1958700">
    <ele>701</ele>
   </trkpt>
   <trkpt lat="45.9514400" lon="6.1964400">
    <ele>705</ele>
   </trkpt>
   <trkpt lat="45.9515100" lon="6.1964900">
    <ele>705</ele>
   </trkpt>
   <trkpt lat="45.9521400" lon="6.1969000">
    <ele>707</ele>
   </trkpt>
   <trkpt lat="45.9525300" lon="6.1973000">
    <ele>709</ele>
   </trkpt>
   <trkpt lat="45.9526100" lon="6.1974200">
    <ele>709</ele>
   </trkpt>
   <trkpt lat="45.9528400" lon="6.1977900">
    <ele>710</ele>
   </trkpt>
   <trkpt lat="45.9533900" lon="6.1992500">
    <ele>717</ele>
   </trkpt>
   <trkpt lat="45.9539900" lon="6.2007899">
    <ele>725</ele>
   </trkpt>
   <trkpt lat="45.9541800" lon="6.2013800">
    <ele>729</ele>
   </trkpt>
   <trkpt lat="45.9543200" lon="6.2019900">
    <ele>732</ele>
   </trkpt>
   <trkpt lat="45.9544000" lon="6.2026800">
    <ele>736</ele>
   </trkpt>
   <trkpt lat="45.9544400" lon="6.2037000">
    <ele>740</ele>
   </trkpt>
   <trkpt lat="45.9544100" lon="6.2041600">
    <ele>741</ele>
   </trkpt>
   <trkpt lat="45.9543600" lon="6.2050500">
    <ele>743</ele>
   </trkpt>
   <trkpt lat="45.9543400" lon="6.2054000">
    <ele>746</ele>
   </trkpt>
   <trkpt lat="45.9543700" lon="6.2057000">
    <ele>747</ele>
   </trkpt>
   <trkpt lat="45.9544100" lon="6.2060000">
    <ele>749</ele>
   </trkpt>
   <trkpt lat="45.9545300" lon="6.2063700">
    <ele>751</ele>
   </trkpt>
   <trkpt lat="45.9547200" lon="6.2067600">
    <ele>753</ele>
   </trkpt>
   <trkpt lat="45.9549100" lon="6.2071100">
    <ele>754</ele>
   </trkpt>
   <trkpt lat="45.9550100" lon="6.2072800">
    <ele>755</ele>
   </trkpt>
   <trkpt lat="45.9550500" lon="6.2073400">
    <ele>755</ele>
   </trkpt>
   <trkpt lat="45.9552400" lon="6.2074999">
    <ele>756</ele>
   </trkpt>
   <trkpt lat="45.9559500" lon="6.2077000">
    <ele>754</ele>
   </trkpt>
   <trkpt lat="45.9560900" lon="6.2077600">
    <ele>754</ele>
   </trkpt>
   <trkpt lat="45.9564800" lon="6.2080000">
    <ele>756</ele>
   </trkpt>
   <trkpt lat="45.9576600" lon="6.2087600">
    <ele>762</ele>
   </trkpt>
   <trkpt lat="45.9580300" lon="6.2090800">
    <ele>762</ele>
   </trkpt>
   <trkpt lat="45.9581400" lon="6.2092300">
    <ele>762</ele>
   </trkpt>
   <trkpt lat="45.9582300" lon="6.2093900">
    <ele>762</ele>
   </trkpt>
   <trkpt lat="45.9583200" lon="6.2095700">
    <ele>763</ele>
   </trkpt>
   <trkpt lat="45.9583700" lon="6.2097200">
    <ele>763</ele>
   </trkpt>
   <trkpt lat="45.9584100" lon="6.2098600">
    <ele>764</ele>
   </trkpt>
   <trkpt lat="45.9584800" lon="6.2101900">
    <ele>765</ele>
   </trkpt>
   <trkpt lat="45.9585500" lon="6.2105900">
    <ele>768</ele>
   </trkpt>
   <trkpt lat="45.9586100" lon="6.2108900">
    <ele>769</ele>
   </trkpt>
   <trkpt lat="45.9586800" lon="6.2111200">
    <ele>769</ele>
   </trkpt>
   <trkpt lat="45.9587600" lon="6.2113500">
    <ele>769</ele>
   </trkpt>
   <trkpt lat="45.9590000" lon="6.2117300">
    <ele>768</ele>
   </trkpt>
   <trkpt lat="45.9591100" lon="6.2118900">
    <ele>767</ele>
   </trkpt>
   <trkpt lat="45.9592200" lon="6.2120700">
    <ele>766</ele>
   </trkpt>
   <trkpt lat="45.9598700" lon="6.2129600">
    <ele>763</ele>
   </trkpt>
   <trkpt lat="45.9602000" lon="6.2133900">
    <ele>759</ele>
   </trkpt>
   <trkpt lat="45.9602900" lon="6.2136200">
    <ele>759</ele>
   </trkpt>
   <trkpt lat="45.9603400" lon="6.2138400">
    <ele>759</ele>
   </trkpt>
   <trkpt lat="45.9603800" lon="6.2140500">
    <ele>759</ele>
   </trkpt>
   <trkpt lat="45.9603800" lon="6.2142799">
    <ele>759</ele>
   </trkpt>
   <trkpt lat="45.9601800" lon="6.2147600">
    <ele>764</ele>
   </trkpt>
   <trkpt lat="45.9601500" lon="6.2150100">
    <ele>765</ele>
   </trkpt>
   <trkpt lat="45.9601200" lon="6.2153800">
    <ele>766</ele>
   </trkpt>
   <trkpt lat="45.9601100" lon="6.2160300">
    <ele>768</ele>
   </trkpt>
   <trkpt lat="45.9601400" lon="6.2161600">
    <ele>768</ele>
   </trkpt>
   <trkpt lat="45.9601600" lon="6.2162700">
    <ele>768</ele>
   </trkpt>
   <trkpt lat="45.9603200" lon="6.2164600">
    <ele>767</ele>
   </trkpt>
   <trkpt lat="45.9604400" lon="6.2164700">
    <ele>765</ele>
   </trkpt>
   <trkpt lat="45.9614400" lon="6.2157700">
    <ele>751</ele>
   </trkpt>
   <trkpt lat="45.9615600" lon="6.2156900">
    <ele>750</ele>
   </trkpt>
   <trkpt lat="45.9617200" lon="6.2156000">
    <ele>749</ele>
   </trkpt>
   <trkpt lat="45.9618700" lon="6.2155300">
    <ele>749</ele>
   </trkpt>
   <trkpt lat="45.9620300" lon="6.2154900">
    <ele>749</ele>
   </trkpt>
   <trkpt lat="45.9622800" lon="6.2154500">
    <ele>750</ele>
   </trkpt>
   <trkpt lat="45.9624300" lon="6.2153600">
    <ele>750</ele>
   </trkpt>
   <trkpt lat="45.9626800" lon="6.2151600">
    <ele>749</ele>
   </trkpt>
   <trkpt lat="45.9628000" lon="6.2150600">
    <ele>748</ele>
   </trkpt>
   <trkpt lat="45.9629100" lon="6.2149900">
    <ele>747</ele>
   </trkpt>
   <trkpt lat="45.9629900" lon="6.2149800">
    <ele>747</ele>
   </trkpt>
   <trkpt lat="45.9630800" lon="6.2149700">
    <ele>747</ele>
   </trkpt>
   <trkpt lat="45.9631600" lon="6.2149800">
    <ele>747</ele>
   </trkpt>
   <trkpt lat="45.9633400" lon="6.2150400">
    <ele>748</ele>
   </trkpt>
   <trkpt lat="45.9635600" lon="6.2151700">
    <ele>748</ele>
   </trkpt>
   <trkpt lat="45.9651600" lon="6.2161300">
    <ele>755</ele>
   </trkpt>
   <trkpt lat="45.9675200" lon="6.2175200">
    <ele>763</ele>
   </trkpt>
   <trkpt lat="45.9681799" lon="6.2179000">
    <ele>768</ele>
   </trkpt>
   <trkpt lat="45.9687900" lon="6.2181700">
    <ele>772</ele>
   </trkpt>
   <trkpt lat="45.9692900" lon="6.2184100">
    <ele>775</ele>
   </trkpt>
   <trkpt lat="45.9695400" lon="6.2185900">
    <ele>778</ele>
   </trkpt>
   <trkpt lat="45.9697900" lon="6.2186500">
    <ele>778</ele>
   </trkpt>
   <trkpt lat="45.9708900" lon="6.2186700">
    <ele>775</ele>
   </trkpt>
   <trkpt lat="45.9710100" lon="6.2186800">
    <ele>776</ele>
   </trkpt>
   <trkpt lat="45.9712500" lon="6.2185900">
    <ele>776</ele>
   </trkpt>
   <trkpt lat="45.9714100" lon="6.2183600">
    <ele>775</ele>
   </trkpt>
   <trkpt lat="45.9715599" lon="6.2178900">
    <ele>773</ele>
   </trkpt>
   <trkpt lat="45.9716800" lon="6.2177400">
    <ele>773</ele>
   </trkpt>
   <trkpt lat="45.9717700" lon="6.2176800">
    <ele>773</ele>
   </trkpt>
   <trkpt lat="45.9719000" lon="6.2176100">
    <ele>773</ele>
   </trkpt>
   <trkpt lat="45.9720700" lon="6.2175700">
    <ele>774</ele>
   </trkpt>
   <trkpt lat="45.9727700" lon="6.2175100">
    <ele>777</ele>
   </trkpt>
   <trkpt lat="45.9734399" lon="6.2174800">
    <ele>778</ele>
   </trkpt>
   <trkpt lat="45.9737200" lon="6.2175500">
    <ele>778</ele>
   </trkpt>
   <trkpt lat="45.9739400" lon="6.2177200">
    <ele>779</ele>
   </trkpt>
   <trkpt lat="45.9744600" lon="6.2182400">
    <ele>783</ele>
   </trkpt>
   <trkpt lat="45.9745200" lon="6.2183000">
    <ele>783</ele>
   </trkpt>
   <trkpt lat="45.9748600" lon="6.2187500">
    <ele>785</ele>
   </trkpt>
   <trkpt lat="45.9751300" lon="6.2191800">
    <ele>784</ele>
   </trkpt>
   <trkpt lat="45.9753400" lon="6.2195400">
    <ele>785</ele>
   </trkpt>
   <trkpt lat="45.9755400" lon="6.2197699">
    <ele>786</ele>
   </trkpt>
   <trkpt lat="45.9756000" lon="6.2198300">
    <ele>786</ele>
   </trkpt>
   <trkpt lat="45.9756799" lon="6.2198900">
    <ele>786</ele>
   </trkpt>
   <trkpt lat="45.9758100" lon="6.2199400">
    <ele>786</ele>
   </trkpt>
   <trkpt lat="45.9762700" lon="6.2200300">
    <ele>785</ele>
   </trkpt>
   <trkpt lat="45.9765200" lon="6.2201000">
    <ele>784</ele>
   </trkpt>
   <trkpt lat="45.9766800" lon="6.2201800">
    <ele>784</ele>
   </trkpt>
   <trkpt lat="45.9768100" lon="6.2202900">
    <ele>782</ele>
   </trkpt>
   <trkpt lat="45.9769500" lon="6.2204600">
    <ele>780</ele>
   </trkpt>
   <trkpt lat="45.9770600" lon="6.2206500">
    <ele>778</ele>
   </trkpt>
   <trkpt lat="45.9772700" lon="6.2210900">
    <ele>772</ele>
   </trkpt>
   <trkpt lat="45.9774200" lon="6.2214000">
    <ele>768</ele>
   </trkpt>
   <trkpt lat="45.9775700" lon="6.2217100">
    <ele>765</ele>
   </trkpt>
   <trkpt lat="45.9776500" lon="6.2218800">
    <ele>764</ele>
   </trkpt>
   <trkpt lat="45.9777300" lon="6.2220100">
    <ele>764</ele>
   </trkpt>
   <trkpt lat="45.9778000" lon="6.2221300">
    <ele>764</ele>
   </trkpt>
   <trkpt lat="45.9778300" lon="6.2221800">
    <ele>763</ele>
   </trkpt>
   <trkpt lat="45.9780800" lon="6.2225200">
    <ele>761</ele>
   </trkpt>
   <trkpt lat="45.9781500" lon="6.2226200">
    <ele>761</ele>
   </trkpt>
   <trkpt lat="45.9784200" lon="6.2229700">
    <ele>760</ele>
   </trkpt>
   <trkpt lat="45.9785400" lon="6.2231200">
    <ele>760</ele>
   </trkpt>
   <trkpt lat="45.9787700" lon="6.2235200">
    <ele>759</ele>
   </trkpt>
   <trkpt lat="45.9788700" lon="6.2237900">
    <ele>760</ele>
   </trkpt>
   <trkpt lat="45.9790500" lon="6.2243500">
    <ele>761</ele>
   </trkpt>
   <trkpt lat="45.9791500" lon="6.2246200">
    <ele>762</ele>
   </trkpt>
   <trkpt lat="45.9792700" lon="6.2248400">
    <ele>762</ele>
   </trkpt>
   <trkpt lat="45.9797200" lon="6.2253200">
    <ele>760</ele>
   </trkpt>
   <trkpt lat="45.9801500" lon="6.2258100">
    <ele>758</ele>
   </trkpt>
   <trkpt lat="45.9805800" lon="6.2264000">
    <ele>756</ele>
   </trkpt>
   <trkpt lat="45.9815200" lon="6.2277200">
    <ele>756</ele>
   </trkpt>
   <trkpt lat="45.9819100" lon="6.2284700">
    <ele>759</ele>
   </trkpt>
   <trkpt lat="45.9822900" lon="6.2291700">
    <ele>761</ele>
   </trkpt>
   <trkpt lat="45.9823600" lon="6.2292700">
    <ele>760</ele>
   </trkpt>
   <trkpt lat="45.9824300" lon="6.2293500">
    <ele>760</ele>
   </trkpt>
   <trkpt lat="45.9825200" lon="6.2294100">
    <ele>759</ele>
   </trkpt>
   <trkpt lat="45.9825900" lon="6.2294500">
    <ele>759</ele>
   </trkpt>
   <trkpt lat="45.9827000" lon="6.2294700">
    <ele>759</ele>
   </trkpt>
   <trkpt lat="45.9828000" lon="6.2294500">
    <ele>759</ele>
   </trkpt>
   <trkpt lat="45.9837300" lon="6.2288900">
    <ele>752</ele>
   </trkpt>
   <trkpt lat="45.9843700" lon="6.2285000">
    <ele>750</ele>
   </trkpt>
   <trkpt lat="45.9848000" lon="6.2282600">
    <ele>750</ele>
   </trkpt>
   <trkpt lat="45.9850100" lon="6.2282200">
    <ele>750</ele>
   </trkpt>
   <trkpt lat="45.9852000" lon="6.2282300">
    <ele>749</ele>
   </trkpt>
   <trkpt lat="45.9853700" lon="6.2282600">
    <ele>748</ele>
   </trkpt>
   <trkpt lat="45.9855400" lon="6.2283300">
    <ele>747</ele>
   </trkpt>
   <trkpt lat="45.9856900" lon="6.2284400">
    <ele>746</ele>
   </trkpt>
   <trkpt lat="45.9858300" lon="6.2285800">
    <ele>744</ele>
   </trkpt>
   <trkpt lat="45.9860200" lon="6.2288400">
    <ele>745</ele>
   </trkpt>
   <trkpt lat="45.9861400" lon="6.2290900">
    <ele>745</ele>
   </trkpt>
   <trkpt lat="45.9862400" lon="6.2294100">
    <ele>744</ele>
   </trkpt>
   <trkpt lat="45.9863200" lon="6.2298900">
    <ele>741</ele>
   </trkpt>
   <trkpt lat="45.9863100" lon="6.2302000">
    <ele>738</ele>
   </trkpt>
   <trkpt lat="45.9863100" lon="6.2308700">
    <ele>732</ele>
   </trkpt>
   <trkpt lat="45.9863400" lon="6.2314500">
    <ele>728</ele>
   </trkpt>
   <trkpt lat="45.9863900" lon="6.2317600">
    <ele>726</ele>
   </trkpt>
   <trkpt lat="45.9864100" lon="6.2318900">
    <ele>725</ele>
   </trkpt>
   <trkpt lat="45.9865700" lon="6.2324400">
    <ele>723</ele>
   </trkpt>
   <trkpt lat="45.9867700" lon="6.2330600">
    <ele>719</ele>
   </trkpt>
   <trkpt lat="45.9869800" lon="6.2337200">
    <ele>715</ele>
   </trkpt>
   <trkpt lat="45.9870200" lon="6.2340900">
    <ele>713</ele>
   </trkpt>
   <trkpt lat="45.9870100" lon="6.2344600">
    <ele>712</ele>
   </trkpt>
   <trkpt lat="45.9869600" lon="6.2348600">
    <ele>711</ele>
   </trkpt>
   <trkpt lat="45.9868900" lon="6.2352500">
    <ele>711</ele>
   </trkpt>
   <trkpt lat="45.9868700" lon="6.2353100">
    <ele>711</ele>
   </trkpt>
   <trkpt lat="45.9867900" lon="6.2357200">
    <ele>711</ele>
   </trkpt>
   <trkpt lat="45.9868800" lon="6.2360500">
    <ele>710</ele>
   </trkpt>
   <trkpt lat="45.9871300" lon="6.2366000">
    <ele>711</ele>
   </trkpt>
   <trkpt lat="45.9872700" lon="6.2371600">
    <ele>709</ele>
   </trkpt>
   <trkpt lat="45.9874700" lon="6.2374500">
    <ele>708</ele>
   </trkpt>
   <trkpt lat="45.9876800" lon="6.2376500">
    <ele>703</ele>
   </trkpt>
   <trkpt lat="45.9878200" lon="6.2378800">
    <ele>697</ele>
   </trkpt>
   <trkpt lat="45.9878400" lon="6.2380600">
    <ele>695</ele>
   </trkpt>
   <trkpt lat="45.9878200" lon="6.2382500">
    <ele>693</ele>
   </trkpt>
   <trkpt lat="45.9877700" lon="6.2384000">
    <ele>693</ele>
   </trkpt>
   <trkpt lat="45.9876999" lon="6.2385700">
    <ele>693</ele>
   </trkpt>
   <trkpt lat="45.9876500" lon="6.2387200">
    <ele>693</ele>
   </trkpt>
   <trkpt lat="45.9876400" lon="6.2388899">
    <ele>692</ele>
   </trkpt>
   <trkpt lat="45.9876600" lon="6.2390000">
    <ele>690</ele>
   </trkpt>
   <trkpt lat="45.9877100" lon="6.2391300">
    <ele>689</ele>
   </trkpt>
   <trkpt lat="45.9879800" lon="6.2395699">
    <ele>684</ele>
   </trkpt>
   <trkpt lat="45.9880700" lon="6.2397600">
    <ele>682</ele>
   </trkpt>
   <trkpt lat="45.9881400" lon="6.2400000">
    <ele>680</ele>
   </trkpt>
   <trkpt lat="45.9882100" lon="6.2404200">
    <ele>678</ele>
   </trkpt>
   <trkpt lat="45.9882800" lon="6.2410100">
    <ele>675</ele>
   </trkpt>
   <trkpt lat="45.9885100" lon="6.2424300">
    <ele>669</ele>
   </trkpt>
   <trkpt lat="45.9884600" lon="6.2429200">
    <ele>669</ele>
   </trkpt>
   <trkpt lat="45.9884200" lon="6.2435100">
    <ele>669</ele>
   </trkpt>
   <trkpt lat="45.9884600" lon="6.2438200">
    <ele>669</ele>
   </trkpt>
   <trkpt lat="45.9885800" lon="6.2442000">
    <ele>667</ele>
   </trkpt>
   <trkpt lat="45.9887900" lon="6.2450400">
    <ele>662</ele>
   </trkpt>
   <trkpt lat="45.9889400" lon="6.2455500">
    <ele>658</ele>
   </trkpt>
   <trkpt lat="45.9890100" lon="6.2458800">
    <ele>655</ele>
   </trkpt>
   <trkpt lat="45.9890199" lon="6.2461200">
    <ele>655</ele>
   </trkpt>
   <trkpt lat="45.9890100" lon="6.2466700">
    <ele>654</ele>
   </trkpt>
   <trkpt lat="45.9889700" lon="6.2477700">
    <ele>655</ele>
   </trkpt>
   <trkpt lat="45.9889800" lon="6.2479400">
    <ele>655</ele>
   </trkpt>
   <trkpt lat="45.9890199" lon="6.2481500">
    <ele>653</ele>
   </trkpt>
   <trkpt lat="45.9891000" lon="6.2483000">
    <ele>650</ele>
   </trkpt>
   <trkpt lat="45.9891999" lon="6.2484400">
    <ele>647</ele>
   </trkpt>
   <trkpt lat="45.9893300" lon="6.2485500">
    <ele>647</ele>
   </trkpt>
   <trkpt lat="45.9894700" lon="6.2485799">
    <ele>645</ele>
   </trkpt>
   <trkpt lat="45.9896600" lon="6.2485799">
    <ele>644</ele>
   </trkpt>
   <trkpt lat="45.9902200" lon="6.2485099">
    <ele>640</ele>
   </trkpt>
   <trkpt lat="45.9903199" lon="6.2485000">
    <ele>639</ele>
   </trkpt>
   <trkpt lat="45.9905000" lon="6.2484700">
    <ele>638</ele>
   </trkpt>
   <trkpt lat="45.9912400" lon="6.2483600">
    <ele>632</ele>
   </trkpt>
   <trkpt lat="45.9919000" lon="6.2482600">
    <ele>629</ele>
   </trkpt>
   <trkpt lat="45.9919500" lon="6.2482600">
    <ele>629</ele>
   </trkpt>
   <trkpt lat="45.9920199" lon="6.2482400">
    <ele>629</ele>
   </trkpt>
   <trkpt lat="45.9922800" lon="6.2482000">
    <ele>630</ele>
   </trkpt>
   <trkpt lat="45.9924000" lon="6.2481700">
    <ele>630</ele>
   </trkpt>
   <trkpt lat="45.9924700" lon="6.2481700">
    <ele>630</ele>
   </trkpt>
   <trkpt lat="45.9927599" lon="6.2481400">
    <ele>632</ele>
   </trkpt>
   <trkpt lat="45.9929100" lon="6.2481600">
    <ele>633</ele>
   </trkpt>
   <trkpt lat="45.9931000" lon="6.2482200">
    <ele>635</ele>
   </trkpt>
   <trkpt lat="45.9932700" lon="6.2483000">
    <ele>636</ele>
   </trkpt>
   <trkpt lat="45.9933900" lon="6.2484000">
    <ele>638</ele>
   </trkpt>
   <trkpt lat="45.9935300" lon="6.2485600">
    <ele>639</ele>
   </trkpt>
   <trkpt lat="45.9936099" lon="6.2486700">
    <ele>640</ele>
   </trkpt>
   <trkpt lat="45.9937100" lon="6.2489300">
    <ele>641</ele>
   </trkpt>
   <trkpt lat="45.9937900" lon="6.2492800">
    <ele>642</ele>
   </trkpt>
   <trkpt lat="45.9938700" lon="6.2495600">
    <ele>644</ele>
   </trkpt>
   <trkpt lat="45.9938400" lon="6.2496000">
    <ele>644</ele>
   </trkpt>
   <trkpt lat="45.9938300" lon="6.2496300">
    <ele>644</ele>
   </trkpt>
   <trkpt lat="45.9938200" lon="6.2496700">
    <ele>644</ele>
   </trkpt>
   <trkpt lat="45.9938300" lon="6.2497100">
    <ele>644</ele>
   </trkpt>
   <trkpt lat="45.9938400" lon="6.2497500">
    <ele>644</ele>
   </trkpt>
   <trkpt lat="45.9938600" lon="6.2497800">
    <ele>644</ele>
   </trkpt>
   <trkpt lat="45.9938900" lon="6.2497900">
    <ele>645</ele>
   </trkpt>
   <trkpt lat="45.9939200" lon="6.2497900">
    <ele>645</ele>
   </trkpt>
   <trkpt lat="45.9939300" lon="6.2499900">
    <ele>645</ele>
   </trkpt>
   <trkpt lat="45.9939200" lon="6.2505400">
    <ele>646</ele>
   </trkpt>
   <trkpt lat="45.9939400" lon="6.2507600">
    <ele>647</ele>
   </trkpt>
   <trkpt lat="45.9939800" lon="6.2509400">
    <ele>648</ele>
   </trkpt>
   <trkpt lat="45.9940100" lon="6.2510199">
    <ele>648</ele>
   </trkpt>
   <trkpt lat="45.9941200" lon="6.2512800">
    <ele>649</ele>
   </trkpt>
   <trkpt lat="45.9944200" lon="6.2518300">
    <ele>654</ele>
   </trkpt>
   <trkpt lat="45.9945600" lon="6.2523000">
    <ele>654</ele>
   </trkpt>
   <trkpt lat="45.9946500" lon="6.2525200">
    <ele>654</ele>
   </trkpt>
   <trkpt lat="45.9947299" lon="6.2526200">
    <ele>655</ele>
   </trkpt>
   <trkpt lat="45.9948300" lon="6.2526900">
    <ele>655</ele>
   </trkpt>
   <trkpt lat="45.9955700" lon="6.2529700">
    <ele>662</ele>
   </trkpt>
   <trkpt lat="45.9959200" lon="6.2533000">
    <ele>660</ele>
   </trkpt>
   <trkpt lat="45.9959800" lon="6.2533300">
    <ele>660</ele>
   </trkpt>
   <trkpt lat="45.9968600" lon="6.2534100">
    <ele>664</ele>
   </trkpt>
   <trkpt lat="45.9971600" lon="6.2534700">
    <ele>666</ele>
   </trkpt>
   <trkpt lat="45.9972600" lon="6.2535000">
    <ele>666</ele>
   </trkpt>
   <trkpt lat="45.9972600" lon="6.2535400">
    <ele>666</ele>
   </trkpt>
   <trkpt lat="45.9972800" lon="6.2535800">
    <ele>665</ele>
   </trkpt>
   <trkpt lat="45.9972900" lon="6.2536100">
    <ele>665</ele>
   </trkpt>
   <trkpt lat="45.9973200" lon="6.2536300">
    <ele>665</ele>
   </trkpt>
   <trkpt lat="45.9973500" lon="6.2536300">
    <ele>665</ele>
   </trkpt>
   <trkpt lat="45.9973699" lon="6.2536200">
    <ele>666</ele>
   </trkpt>
   <trkpt lat="45.9974000" lon="6.2535999">
    <ele>666</ele>
   </trkpt>
   <trkpt lat="45.9974200" lon="6.2535600">
    <ele>666</ele>
   </trkpt>
   <trkpt lat="45.9974200" lon="6.2535299">
    <ele>667</ele>
   </trkpt>
   <trkpt lat="45.9974200" lon="6.2534700">
    <ele>667</ele>
   </trkpt>
   <trkpt lat="45.9973800" lon="6.2534100">
    <ele>668</ele>
   </trkpt>
   <trkpt lat="45.9973600" lon="6.2534000">
    <ele>668</ele>
   </trkpt>
   <trkpt lat="45.9973600" lon="6.2532800">
    <ele>669</ele>
   </trkpt>
   <trkpt lat="45.9973500" lon="6.2532000">
    <ele>669</ele>
   </trkpt>
   <trkpt lat="45.9973000" lon="6.2530300">
    <ele>670</ele>
   </trkpt>
   <trkpt lat="45.9972500" lon="6.2529400">
    <ele>671</ele>
   </trkpt>
   <trkpt lat="45.9972200" lon="6.2529000">
    <ele>671</ele>
   </trkpt>
   <trkpt lat="45.9970200" lon="6.2527600">
    <ele>671</ele>
   </trkpt>
   <trkpt lat="45.9966300" lon="6.2526300">
    <ele>671</ele>
   </trkpt>
   <trkpt lat="45.9964400" lon="6.2525200">
    <ele>672</ele>
   </trkpt>
   <trkpt lat="45.9963399" lon="6.2524200">
    <ele>672</ele>
   </trkpt>
   <trkpt lat="45.9962700" lon="6.2522399">
    <ele>673</ele>
   </trkpt>
   <trkpt lat="45.9962400" lon="6.2520400">
    <ele>675</ele>
   </trkpt>
   <trkpt lat="45.9962400" lon="6.2518000">
    <ele>676</ele>
   </trkpt>
   <trkpt lat="45.9962600" lon="6.2515300">
    <ele>677</ele>
   </trkpt>
   <trkpt lat="45.9962700" lon="6.2514100">
    <ele>678</ele>
   </trkpt>
   <trkpt lat="45.9963200" lon="6.2509600">
    <ele>679</ele>
   </trkpt>
   <trkpt lat="45.9963900" lon="6.2505400">
    <ele>679</ele>
   </trkpt>
   <trkpt lat="45.9965300" lon="6.2498500">
    <ele>680</ele>
   </trkpt>
   <trkpt lat="45.9966099" lon="6.2494300">
    <ele>681</ele>
   </trkpt>
   <trkpt lat="45.9966800" lon="6.2494500">
    <ele>681</ele>
   </trkpt>
   <trkpt lat="45.9968300" lon="6.2494700">
    <ele>681</ele>
   </trkpt>
   <trkpt lat="45.9968800" lon="6.2495100">
    <ele>681</ele>
   </trkpt>
   <trkpt lat="45.9970600" lon="6.2496400">
    <ele>680</ele>
   </trkpt>
   <trkpt lat="45.9972000" lon="6.2497500">
    <ele>680</ele>
   </trkpt>
   <trkpt lat="45.9972400" lon="6.2497800">
    <ele>679</ele>
   </trkpt>
   <trkpt lat="45.9974000" lon="6.2499000">
    <ele>679</ele>
   </trkpt>
   <trkpt lat="45.9976100" lon="6.2500600">
    <ele>680</ele>
   </trkpt>
   <trkpt lat="45.9978100" lon="6.2501900">
    <ele>681</ele>
   </trkpt>
   <trkpt lat="45.9980199" lon="6.2502900">
    <ele>682</ele>
   </trkpt>
   <trkpt lat="45.9980600" lon="6.2503000">
    <ele>683</ele>
   </trkpt>
   <trkpt lat="45.9982900" lon="6.2503600">
    <ele>684</ele>
   </trkpt>
   <trkpt lat="45.9987100" lon="6.2504500">
    <ele>687</ele>
   </trkpt>
   <trkpt lat="45.9989400" lon="6.2505200">
    <ele>688</ele>
   </trkpt>
   <trkpt lat="45.9993300" lon="6.2507600">
    <ele>690</ele>
   </trkpt>
   <trkpt lat="45.9995100" lon="6.2508500">
    <ele>691</ele>
   </trkpt>
   <trkpt lat="45.9996800" lon="6.2509700">
    <ele>692</ele>
   </trkpt>
   <trkpt lat="46.0000100" lon="6.2511200">
    <ele>693</ele>
   </trkpt>
   <trkpt lat="46.0002500" lon="6.2512100">
    <ele>695</ele>
   </trkpt>
   <trkpt lat="46.0003400" lon="6.2512500">
    <ele>696</ele>
   </trkpt>
   <trkpt lat="46.0004000" lon="6.2512900">
    <ele>697</ele>
   </trkpt>
   <trkpt lat="46.0004599" lon="6.2513400">
    <ele>697</ele>
   </trkpt>
   <trkpt lat="46.0005499" lon="6.2514500">
    <ele>697</ele>
   </trkpt>
   <trkpt lat="46.0006000" lon="6.2515200">
    <ele>697</ele>
   </trkpt>
   <trkpt lat="46.0006900" lon="6.2516900">
    <ele>696</ele>
   </trkpt>
   <trkpt lat="46.0007200" lon="6.2517699">
    <ele>697</ele>
   </trkpt>
   <trkpt lat="46.0007499" lon="6.2519100">
    <ele>698</ele>
   </trkpt>
   <trkpt lat="46.0007900" lon="6.2522200">
    <ele>699</ele>
   </trkpt>
   <trkpt lat="46.0009000" lon="6.2533899">
    <ele>702</ele>
   </trkpt>
   <trkpt lat="46.0009100" lon="6.2536100">
    <ele>703</ele>
   </trkpt>
   <trkpt lat="46.0009100" lon="6.2537600">
    <ele>703</ele>
   </trkpt>
   <trkpt lat="46.0008700" lon="6.2543000">
    <ele>704</ele>
   </trkpt>
   <trkpt lat="46.0008800" lon="6.2545100">
    <ele>704</ele>
   </trkpt>
   <trkpt lat="46.0009000" lon="6.2546900">
    <ele>704</ele>
   </trkpt>
   <trkpt lat="46.0009600" lon="6.2549700">
    <ele>705</ele>
   </trkpt>
   <trkpt lat="46.0010600" lon="6.2552500">
    <ele>705</ele>
   </trkpt>
   <trkpt lat="46.0011500" lon="6.2554100">
    <ele>706</ele>
   </trkpt>
   <trkpt lat="46.0012200" lon="6.2554999">
    <ele>706</ele>
   </trkpt>
   <trkpt lat="46.0012800" lon="6.2555700">
    <ele>707</ele>
   </trkpt>
   <trkpt lat="46.0015700" lon="6.2557500">
    <ele>709</ele>
   </trkpt>
   <trkpt lat="46.0019200" lon="6.2559699">
    <ele>711</ele>
   </trkpt>
   <trkpt lat="46.0021700" lon="6.2561099">
    <ele>713</ele>
   </trkpt>
   <trkpt lat="46.0023100" lon="6.2561400">
    <ele>714</ele>
   </trkpt>
   <trkpt lat="46.0024200" lon="6.2561600">
    <ele>715</ele>
   </trkpt>
   <trkpt lat="46.0029700" lon="6.2562200">
    <ele>721</ele>
   </trkpt>
   <trkpt lat="46.0030900" lon="6.2562600">
    <ele>722</ele>
   </trkpt>
   <trkpt lat="46.0031700" lon="6.2563200">
    <ele>722</ele>
   </trkpt>
   <trkpt lat="46.0032500" lon="6.2564200">
    <ele>723</ele>
   </trkpt>
   <trkpt lat="46.0034400" lon="6.2568000">
    <ele>724</ele>
   </trkpt>
   <trkpt lat="46.0035400" lon="6.2569200">
    <ele>724</ele>
   </trkpt>
   <trkpt lat="46.0036100" lon="6.2570000">
    <ele>725</ele>
   </trkpt>
   <trkpt lat="46.0037700" lon="6.2571199">
    <ele>726</ele>
   </trkpt>
   <trkpt lat="46.0039400" lon="6.2572000">
    <ele>727</ele>
   </trkpt>
   <trkpt lat="46.0041000" lon="6.2571899">
    <ele>728</ele>
   </trkpt>
   <trkpt lat="46.0043700" lon="6.2570700">
    <ele>730</ele>
   </trkpt>
   <trkpt lat="46.0045000" lon="6.2570400">
    <ele>731</ele>
   </trkpt>
   <trkpt lat="46.0046899" lon="6.2570300">
    <ele>733</ele>
   </trkpt>
   <trkpt lat="46.0051200" lon="6.2571100">
    <ele>735</ele>
   </trkpt>
   <trkpt lat="46.0052100" lon="6.2571500">
    <ele>736</ele>
   </trkpt>
   <trkpt lat="46.0053200" lon="6.2572500">
    <ele>737</ele>
   </trkpt>
   <trkpt lat="46.0054000" lon="6.2573800">
    <ele>736</ele>
   </trkpt>
   <trkpt lat="46.0054700" lon="6.2575400">
    <ele>736</ele>
   </trkpt>
   <trkpt lat="46.0055300" lon="6.2578500">
    <ele>736</ele>
   </trkpt>
   <trkpt lat="46.0056200" lon="6.2581600">
    <ele>737</ele>
   </trkpt>
   <trkpt lat="46.0057400" lon="6.2582900">
    <ele>737</ele>
   </trkpt>
   <trkpt lat="46.0058700" lon="6.2583600">
    <ele>738</ele>
   </trkpt>
   <trkpt lat="46.0059700" lon="6.2583900">
    <ele>739</ele>
   </trkpt>
   <trkpt lat="46.0063800" lon="6.2584099">
    <ele>742</ele>
   </trkpt>
   <trkpt lat="46.0065000" lon="6.2584500">
    <ele>743</ele>
   </trkpt>
   <trkpt lat="46.0065900" lon="6.2585300">
    <ele>743</ele>
   </trkpt>
   <trkpt lat="46.0068800" lon="6.2588400">
    <ele>746</ele>
   </trkpt>
   <trkpt lat="46.0070200" lon="6.2590100">
    <ele>748</ele>
   </trkpt>
   <trkpt lat="46.0073600" lon="6.2596200">
    <ele>748</ele>
   </trkpt>
   <trkpt lat="46.0075100" lon="6.2597500">
    <ele>749</ele>
   </trkpt>
   <trkpt lat="46.0077600" lon="6.2599000">
    <ele>751</ele>
   </trkpt>
   <trkpt lat="46.0079900" lon="6.2600700">
    <ele>753</ele>
   </trkpt>
   <trkpt lat="46.0081000" lon="6.2601800">
    <ele>754</ele>
   </trkpt>
   <trkpt lat="46.0082000" lon="6.2603300">
    <ele>755</ele>
   </trkpt>
   <trkpt lat="46.0082900" lon="6.2606300">
    <ele>754</ele>
   </trkpt>
   <trkpt lat="46.0083800" lon="6.2608800">
    <ele>754</ele>
   </trkpt>
   <trkpt lat="46.0084600" lon="6.2610100">
    <ele>755</ele>
   </trkpt>
   <trkpt lat="46.0085500" lon="6.2611300">
    <ele>757</ele>
   </trkpt>
   <trkpt lat="46.0089500" lon="6.2615200">
    <ele>765</ele>
   </trkpt>
   <trkpt lat="46.0090600" lon="6.2617100">
    <ele>767</ele>
   </trkpt>
   <trkpt lat="46.0090999" lon="6.2619100">
    <ele>767</ele>
   </trkpt>
   <trkpt lat="46.0091200" lon="6.2623500">
    <ele>764</ele>
   </trkpt>
   <trkpt lat="46.0091800" lon="6.2625500">
    <ele>764</ele>
   </trkpt>
   <trkpt lat="46.0092200" lon="6.2626300">
    <ele>764</ele>
   </trkpt>
   <trkpt lat="46.0093300" lon="6.2627600">
    <ele>765</ele>
   </trkpt>
   <trkpt lat="46.0094000" lon="6.2628000">
    <ele>766</ele>
   </trkpt>
   <trkpt lat="46.0098100" lon="6.2630000">
    <ele>770</ele>
   </trkpt>
   <trkpt lat="46.0099000" lon="6.2630700">
    <ele>770</ele>
   </trkpt>
   <trkpt lat="46.0100000" lon="6.2632100">
    <ele>770</ele>
   </trkpt>
   <trkpt lat="46.0101500" lon="6.2634500">
    <ele>770</ele>
   </trkpt>
   <trkpt lat="46.0102800" lon="6.2636100">
    <ele>771</ele>
   </trkpt>
   <trkpt lat="46.0104000" lon="6.2636900">
    <ele>772</ele>
   </trkpt>
   <trkpt lat="46.0105800" lon="6.2637800">
    <ele>774</ele>
   </trkpt>
   <trkpt lat="46.0109500" lon="6.2640700">
    <ele>777</ele>
   </trkpt>
   <trkpt lat="46.0112900" lon="6.2642700">
    <ele>782</ele>
   </trkpt>
   <trkpt lat="46.0114100" lon="6.2643400">
    <ele>784</ele>
   </trkpt>
   <trkpt lat="46.0115300" lon="6.2644700">
    <ele>786</ele>
   </trkpt>
   <trkpt lat="46.0116100" lon="6.2645600">
    <ele>787</ele>
   </trkpt>
   <trkpt lat="46.0117000" lon="6.2647300">
    <ele>789</ele>
   </trkpt>
   <trkpt lat="46.0117800" lon="6.2649700">
    <ele>791</ele>
   </trkpt>
   <trkpt lat="46.0121899" lon="6.2662800">
    <ele>794</ele>
   </trkpt>
   <trkpt lat="46.0122799" lon="6.2665100">
    <ele>793</ele>
   </trkpt>
   <trkpt lat="46.0124000" lon="6.2666800">
    <ele>793</ele>
   </trkpt>
   <trkpt lat="46.0126900" lon="6.2669700">
    <ele>796</ele>
   </trkpt>
   <trkpt lat="46.0128500" lon="6.2671400">
    <ele>797</ele>
   </trkpt>
   <trkpt lat="46.0129400" lon="6.2673300">
    <ele>798</ele>
   </trkpt>
   <trkpt lat="46.0129800" lon="6.2675300">
    <ele>798</ele>
   </trkpt>
   <trkpt lat="46.0130300" lon="6.2678900">
    <ele>800</ele>
   </trkpt>
   <trkpt lat="46.0132300" lon="6.2684700">
    <ele>807</ele>
   </trkpt>
   <trkpt lat="46.0132500" lon="6.2686600">
    <ele>807</ele>
   </trkpt>
   <trkpt lat="46.0132400" lon="6.2688100">
    <ele>807</ele>
   </trkpt>
   <trkpt lat="46.0132000" lon="6.2689400">
    <ele>806</ele>
   </trkpt>
   <trkpt lat="46.0130600" lon="6.2692600">
    <ele>802</ele>
   </trkpt>
   <trkpt lat="46.0129900" lon="6.2695100">
    <ele>802</ele>
   </trkpt>
   <trkpt lat="46.0129600" lon="6.2698400">
    <ele>803</ele>
   </trkpt>
   <trkpt lat="46.0129900" lon="6.2702000">
    <ele>805</ele>
   </trkpt>
   <trkpt lat="46.0130800" lon="6.2705200">
    <ele>807</ele>
   </trkpt>
   <trkpt lat="46.0132900" lon="6.2710600">
    <ele>813</ele>
   </trkpt>
   <trkpt lat="46.0133800" lon="6.2714400">
    <ele>817</ele>
   </trkpt>
   <trkpt lat="46.0134500" lon="6.2718900">
    <ele>818</ele>
   </trkpt>
   <trkpt lat="46.0135600" lon="6.2722400">
    <ele>820</ele>
   </trkpt>
   <trkpt lat="46.0143800" lon="6.2739400">
    <ele>825</ele>
   </trkpt>
   <trkpt lat="46.0145500" lon="6.2742500">
    <ele>826</ele>
   </trkpt>
   <trkpt lat="46.0146900" lon="6.2744600">
    <ele>826</ele>
   </trkpt>
   <trkpt lat="46.0149300" lon="6.2746200">
    <ele>830</ele>
   </trkpt>
   <trkpt lat="46.0153700" lon="6.2748900">
    <ele>835</ele>
   </trkpt>
   <trkpt lat="46.0154600" lon="6.2750000">
    <ele>835</ele>
   </trkpt>
   <trkpt lat="46.0155200" lon="6.2751300">
    <ele>836</ele>
   </trkpt>
   <trkpt lat="46.0155600" lon="6.2752900">
    <ele>837</ele>
   </trkpt>
   <trkpt lat="46.0155500" lon="6.2755599">
    <ele>836</ele>
   </trkpt>
   <trkpt lat="46.0155200" lon="6.2760100">
    <ele>834</ele>
   </trkpt>
   <trkpt lat="46.0155200" lon="6.2763799">
    <ele>833</ele>
   </trkpt>
   <trkpt lat="46.0155699" lon="6.2767000">
    <ele>834</ele>
   </trkpt>
   <trkpt lat="46.0158000" lon="6.2778200">
    <ele>839</ele>
   </trkpt>
   <trkpt lat="46.0158900" lon="6.2784800">
    <ele>841</ele>
   </trkpt>
   <trkpt lat="46.0160100" lon="6.2792899">
    <ele>846</ele>
   </trkpt>
   <trkpt lat="46.0161700" lon="6.2800700">
    <ele>847</ele>
   </trkpt>
   <trkpt lat="46.0162800" lon="6.2803500">
    <ele>847</ele>
   </trkpt>
   <trkpt lat="46.0163700" lon="6.2805300">
    <ele>848</ele>
   </trkpt>
   <trkpt lat="46.0166700" lon="6.2810000">
    <ele>850</ele>
   </trkpt>
   <trkpt lat="46.0170800" lon="6.2816200">
    <ele>853</ele>
   </trkpt>
   <trkpt lat="46.0173000" lon="6.2819000">
    <ele>854</ele>
   </trkpt>
   <trkpt lat="46.0174800" lon="6.2820600">
    <ele>855</ele>
   </trkpt>
   <trkpt lat="46.0176700" lon="6.2821999">
    <ele>856</ele>
   </trkpt>
   <trkpt lat="46.0189900" lon="6.2829200">
    <ele>864</ele>
   </trkpt>
   <trkpt lat="46.0202800" lon="6.2835900">
    <ele>870</ele>
   </trkpt>
   <trkpt lat="46.0203900" lon="6.2836299">
    <ele>871</ele>
   </trkpt>
   <trkpt lat="46.0205100" lon="6.2836100">
    <ele>873</ele>
   </trkpt>
   <trkpt lat="46.0205800" lon="6.2835400">
    <ele>874</ele>
   </trkpt>
   <trkpt lat="46.0206200" lon="6.2834600">
    <ele>875</ele>
   </trkpt>
   <trkpt lat="46.0206200" lon="6.2833600">
    <ele>876</ele>
   </trkpt>
   <trkpt lat="46.0205900" lon="6.2832300">
    <ele>877</ele>
   </trkpt>
   <trkpt lat="46.0205300" lon="6.2831400">
    <ele>877</ele>
   </trkpt>
   <trkpt lat="46.0204700" lon="6.2830700">
    <ele>877</ele>
   </trkpt>
   <trkpt lat="46.0199700" lon="6.2827600">
    <ele>874</ele>
   </trkpt>
   <trkpt lat="46.0198200" lon="6.2826100">
    <ele>875</ele>
   </trkpt>
   <trkpt lat="46.0196700" lon="6.2823900">
    <ele>876</ele>
   </trkpt>
   <trkpt lat="46.0195700" lon="6.2821999">
    <ele>878</ele>
   </trkpt>
   <trkpt lat="46.0194400" lon="6.2819300">
    <ele>880</ele>
   </trkpt>
   <trkpt lat="46.0193500" lon="6.2816000">
    <ele>882</ele>
   </trkpt>
   <trkpt lat="46.0189800" lon="6.2802400">
    <ele>888</ele>
   </trkpt>
   <trkpt lat="46.0189499" lon="6.2800500">
    <ele>889</ele>
   </trkpt>
   <trkpt lat="46.0189499" lon="6.2799600">
    <ele>889</ele>
   </trkpt>
   <trkpt lat="46.0189800" lon="6.2798600">
    <ele>891</ele>
   </trkpt>
   <trkpt lat="46.0190100" lon="6.2798299">
    <ele>891</ele>
   </trkpt>
   <trkpt lat="46.0190600" lon="6.2797900">
    <ele>892</ele>
   </trkpt>
   <trkpt lat="46.0191200" lon="6.2797900">
    <ele>893</ele>
   </trkpt>
   <trkpt lat="46.0192200" lon="6.2798700">
    <ele>894</ele>
   </trkpt>
   <trkpt lat="46.0193000" lon="6.2800000">
    <ele>895</ele>
   </trkpt>
   <trkpt lat="46.0196600" lon="6.2807800">
    <ele>895</ele>
   </trkpt>
   <trkpt lat="46.0198400" lon="6.2811000">
    <ele>895</ele>
   </trkpt>
   <trkpt lat="46.0199400" lon="6.2812300">
    <ele>895</ele>
   </trkpt>
   <trkpt lat="46.0200400" lon="6.2813100">
    <ele>896</ele>
   </trkpt>
   <trkpt lat="46.0201300" lon="6.2813700">
    <ele>896</ele>
   </trkpt>
   <trkpt lat="46.0208500" lon="6.2816599">
    <ele>901</ele>
   </trkpt>
   <trkpt lat="46.0210000" lon="6.2817000">
    <ele>902</ele>
   </trkpt>
   <trkpt lat="46.0211300" lon="6.2817700">
    <ele>903</ele>
   </trkpt>
   <trkpt lat="46.0212300" lon="6.2818500">
    <ele>903</ele>
   </trkpt>
   <trkpt lat="46.0214300" lon="6.2820600">
    <ele>903</ele>
   </trkpt>
   <trkpt lat="46.0217500" lon="6.2824600">
    <ele>905</ele>
   </trkpt>
   <trkpt lat="46.0218900" lon="6.2826500">
    <ele>906</ele>
   </trkpt>
   <trkpt lat="46.0219900" lon="6.2828500">
    <ele>907</ele>
   </trkpt>
   <trkpt lat="46.0221000" lon="6.2831400">
    <ele>907</ele>
   </trkpt>
   <trkpt lat="46.0224700" lon="6.2841400">
    <ele>909</ele>
   </trkpt>
   <trkpt lat="46.0226400" lon="6.2846300">
    <ele>911</ele>
   </trkpt>
   <trkpt lat="46.0227300" lon="6.2847799">
    <ele>911</ele>
   </trkpt>
   <trkpt lat="46.0228100" lon="6.2848700">
    <ele>912</ele>
   </trkpt>
   <trkpt lat="46.0229000" lon="6.2849100">
    <ele>913</ele>
   </trkpt>
   <trkpt lat="46.0233100" lon="6.2850400">
    <ele>918</ele>
   </trkpt>
   <trkpt lat="46.0234800" lon="6.2851100">
    <ele>920</ele>
   </trkpt>
   <trkpt lat="46.0235900" lon="6.2851900">
    <ele>921</ele>
   </trkpt>
   <trkpt lat="46.0236900" lon="6.2853000">
    <ele>922</ele>
   </trkpt>
   <trkpt lat="46.0237800" lon="6.2854100">
    <ele>923</ele>
   </trkpt>
   <trkpt lat="46.0238400" lon="6.2855200">
    <ele>923</ele>
   </trkpt>
   <trkpt lat="46.0239199" lon="6.2856800">
    <ele>924</ele>
   </trkpt>
   <trkpt lat="46.0240099" lon="6.2859700">
    <ele>925</ele>
   </trkpt>
   <trkpt lat="46.0241700" lon="6.2865900">
    <ele>927</ele>
   </trkpt>
   <trkpt lat="46.0242700" lon="6.2868300">
    <ele>927</ele>
   </trkpt>
   <trkpt lat="46.0243200" lon="6.2869400">
    <ele>927</ele>
   </trkpt>
   <trkpt lat="46.0244799" lon="6.2871900">
    <ele>927</ele>
   </trkpt>
   <trkpt lat="46.0245800" lon="6.2873000">
    <ele>927</ele>
   </trkpt>
   <trkpt lat="46.0247900" lon="6.2874700">
    <ele>929</ele>
   </trkpt>
   <trkpt lat="46.0249800" lon="6.2875500">
    <ele>932</ele>
   </trkpt>
   <trkpt lat="46.0250800" lon="6.2875600">
    <ele>932</ele>
   </trkpt>
   <trkpt lat="46.0252000" lon="6.2875500">
    <ele>932</ele>
   </trkpt>
   <trkpt lat="46.0254800" lon="6.2875000">
    <ele>931</ele>
   </trkpt>
   <trkpt lat="46.0260700" lon="6.2873500">
    <ele>931</ele>
   </trkpt>
   <trkpt lat="46.0262900" lon="6.2872500">
    <ele>931</ele>
   </trkpt>
   <trkpt lat="46.0265100" lon="6.2870900">
    <ele>930</ele>
   </trkpt>
   <trkpt lat="46.0268100" lon="6.2866799">
    <ele>928</ele>
   </trkpt>
   <trkpt lat="46.0269300" lon="6.2864400">
    <ele>928</ele>
   </trkpt>
   <trkpt lat="46.0274600" lon="6.2848700">
    <ele>924</ele>
   </trkpt>
   <trkpt lat="46.0279900" lon="6.2833100">
    <ele>920</ele>
   </trkpt>
   <trkpt lat="46.0281000" lon="6.2830300">
    <ele>919</ele>
   </trkpt>
   <trkpt lat="46.0282100" lon="6.2828400">
    <ele>919</ele>
   </trkpt>
   <trkpt lat="46.0282500" lon="6.2827800">
    <ele>919</ele>
   </trkpt>
   <trkpt lat="46.0284000" lon="6.2826800">
    <ele>918</ele>
   </trkpt>
   <trkpt lat="46.0284800" lon="6.2826500">
    <ele>917</ele>
   </trkpt>
   <trkpt lat="46.0286500" lon="6.2826500">
    <ele>915</ele>
   </trkpt>
   <trkpt lat="46.0287500" lon="6.2826900">
    <ele>914</ele>
   </trkpt>
   <trkpt lat="46.0288100" lon="6.2827300">
    <ele>914</ele>
   </trkpt>
   <trkpt lat="46.0289000" lon="6.2828200">
    <ele>913</ele>
   </trkpt>
   <trkpt lat="46.0299700" lon="6.2842600">
    <ele>907</ele>
   </trkpt>
   <trkpt lat="46.0304900" lon="6.2849100">
    <ele>904</ele>
   </trkpt>
   <trkpt lat="46.0306799" lon="6.2850700">
    <ele>903</ele>
   </trkpt>
   <trkpt lat="46.0309700" lon="6.2851300">
    <ele>900</ele>
   </trkpt>
   <trkpt lat="46.0312300" lon="6.2851800">
    <ele>898</ele>
   </trkpt>
   <trkpt lat="46.0314000" lon="6.2852499">
    <ele>897</ele>
   </trkpt>
   <trkpt lat="46.0315500" lon="6.2853899">
    <ele>896</ele>
   </trkpt>
   <trkpt lat="46.0316600" lon="6.2856000">
    <ele>896</ele>
   </trkpt>
   <trkpt lat="46.0317999" lon="6.2861900">
    <ele>897</ele>
   </trkpt>
   <trkpt lat="46.0318900" lon="6.2864600">
    <ele>897</ele>
   </trkpt>
   <trkpt lat="46.0320600" lon="6.2867300">
    <ele>896</ele>
   </trkpt>
   <trkpt lat="46.0324200" lon="6.2870400">
    <ele>892</ele>
   </trkpt>
   <trkpt lat="46.0325700" lon="6.2871000">
    <ele>891</ele>
   </trkpt>
   <trkpt lat="46.0328800" lon="6.2871800">
    <ele>888</ele>
   </trkpt>
   <trkpt lat="46.0329800" lon="6.2872500">
    <ele>887</ele>
   </trkpt>
   <trkpt lat="46.0330500" lon="6.2873400">
    <ele>887</ele>
   </trkpt>
   <trkpt lat="46.0332000" lon="6.2876100">
    <ele>885</ele>
   </trkpt>
   <trkpt lat="46.0333400" lon="6.2879699">
    <ele>883</ele>
   </trkpt>
   <trkpt lat="46.0335200" lon="6.2886400">
    <ele>881</ele>
   </trkpt>
   <trkpt lat="46.0335700" lon="6.2887400">
    <ele>881</ele>
   </trkpt>
   <trkpt lat="46.0336799" lon="6.2888900">
    <ele>879</ele>
   </trkpt>
   <trkpt lat="46.0338200" lon="6.2890400">
    <ele>878</ele>
   </trkpt>
   <trkpt lat="46.0343400" lon="6.2895200">
    <ele>872</ele>
   </trkpt>
   <trkpt lat="46.0345299" lon="6.2897100">
    <ele>870</ele>
   </trkpt>
   <trkpt lat="46.0346900" lon="6.2899700">
    <ele>869</ele>
   </trkpt>
   <trkpt lat="46.0348000" lon="6.2903000">
    <ele>869</ele>
   </trkpt>
   <trkpt lat="46.0348900" lon="6.2907800">
    <ele>868</ele>
   </trkpt>
   <trkpt lat="46.0349999" lon="6.2912500">
    <ele>868</ele>
   </trkpt>
   <trkpt lat="46.0351300" lon="6.2916299">
    <ele>866</ele>
   </trkpt>
   <trkpt lat="46.0353700" lon="6.2920800">
    <ele>865</ele>
   </trkpt>
   <trkpt lat="46.0355000" lon="6.2922600">
    <ele>864</ele>
   </trkpt>
   <trkpt lat="46.0355800" lon="6.2923800">
    <ele>864</ele>
   </trkpt>
   <trkpt lat="46.0361100" lon="6.2930700">
    <ele>859</ele>
   </trkpt>
   <trkpt lat="46.0366200" lon="6.2938500">
    <ele>854</ele>
   </trkpt>
   <trkpt lat="46.0367900" lon="6.2941000">
    <ele>852</ele>
   </trkpt>
   <trkpt lat="46.0370800" lon="6.2946000">
    <ele>850</ele>
   </trkpt>
   <trkpt lat="46.0372000" lon="6.2948100">
    <ele>849</ele>
   </trkpt>
   <trkpt lat="46.0373800" lon="6.2950200">
    <ele>847</ele>
   </trkpt>
   <trkpt lat="46.0376900" lon="6.2953200">
    <ele>844</ele>
   </trkpt>
   <trkpt lat="46.0378400" lon="6.2955600">
    <ele>842</ele>
   </trkpt>
   <trkpt lat="46.0379500" lon="6.2958999">
    <ele>841</ele>
   </trkpt>
   <trkpt lat="46.0380400" lon="6.2962500">
    <ele>842</ele>
   </trkpt>
   <trkpt lat="46.0380899" lon="6.2964000">
    <ele>842</ele>
   </trkpt>
   <trkpt lat="46.0381500" lon="6.2965200">
    <ele>842</ele>
   </trkpt>
   <trkpt lat="46.0382300" lon="6.2966400">
    <ele>842</ele>
   </trkpt>
   <trkpt lat="46.0383000" lon="6.2967200">
    <ele>841</ele>
   </trkpt>
   <trkpt lat="46.0383900" lon="6.2968100">
    <ele>840</ele>
   </trkpt>
   <trkpt lat="46.0386499" lon="6.2970499">
    <ele>838</ele>
   </trkpt>
   <trkpt lat="46.0392700" lon="6.2975300">
    <ele>834</ele>
   </trkpt>
   <trkpt lat="46.0393600" lon="6.2976300">
    <ele>833</ele>
   </trkpt>
   <trkpt lat="46.0394300" lon="6.2977400">
    <ele>832</ele>
   </trkpt>
   <trkpt lat="46.0394900" lon="6.2978700">
    <ele>831</ele>
   </trkpt>
   <trkpt lat="46.0395600" lon="6.2981299">
    <ele>831</ele>
   </trkpt>
   <trkpt lat="46.0396500" lon="6.2985400">
    <ele>830</ele>
   </trkpt>
   <trkpt lat="46.0396900" lon="6.2987100">
    <ele>829</ele>
   </trkpt>
   <trkpt lat="46.0397400" lon="6.2988400">
    <ele>829</ele>
   </trkpt>
   <trkpt lat="46.0397900" lon="6.2989499">
    <ele>828</ele>
   </trkpt>
   <trkpt lat="46.0398700" lon="6.2990700">
    <ele>826</ele>
   </trkpt>
   <trkpt lat="46.0400599" lon="6.2992900">
    <ele>824</ele>
   </trkpt>
   <trkpt lat="46.0401200" lon="6.2993700">
    <ele>823</ele>
   </trkpt>
   <trkpt lat="46.0401700" lon="6.2994899">
    <ele>823</ele>
   </trkpt>
   <trkpt lat="46.0402300" lon="6.2996600">
    <ele>822</ele>
   </trkpt>
   <trkpt lat="46.0403200" lon="6.2999900">
    <ele>822</ele>
   </trkpt>
   <trkpt lat="46.0404500" lon="6.3005300">
    <ele>823</ele>
   </trkpt>
   <trkpt lat="46.0405299" lon="6.3007900">
    <ele>823</ele>
   </trkpt>
   <trkpt lat="46.0406400" lon="6.3010000">
    <ele>822</ele>
   </trkpt>
   <trkpt lat="46.0407900" lon="6.3011000">
    <ele>819</ele>
   </trkpt>
   <trkpt lat="46.0409500" lon="6.3011200">
    <ele>818</ele>
   </trkpt>
   <trkpt lat="46.0410800" lon="6.3010400">
    <ele>817</ele>
   </trkpt>
   <trkpt lat="46.0411700" lon="6.3009300">
    <ele>816</ele>
   </trkpt>
   <trkpt lat="46.0413000" lon="6.3006399">
    <ele>814</ele>
   </trkpt>
   <trkpt lat="46.0414500" lon="6.3002399">
    <ele>813</ele>
   </trkpt>
   <trkpt lat="46.0415300" lon="6.2999500">
    <ele>812</ele>
   </trkpt>
   <trkpt lat="46.0415500" lon="6.2997500">
    <ele>811</ele>
   </trkpt>
   <trkpt lat="46.0415400" lon="6.2996500">
    <ele>811</ele>
   </trkpt>
   <trkpt lat="46.0415200" lon="6.2974900">
    <ele>804</ele>
   </trkpt>
   <trkpt lat="46.0415500" lon="6.2971199">
    <ele>802</ele>
   </trkpt>
   <trkpt lat="46.0416500" lon="6.2965300">
    <ele>799</ele>
   </trkpt>
   <trkpt lat="46.0416800" lon="6.2959699">
    <ele>796</ele>
   </trkpt>
   <trkpt lat="46.0417800" lon="6.2957200">
    <ele>794</ele>
   </trkpt>
   <trkpt lat="46.0418600" lon="6.2956200">
    <ele>793</ele>
   </trkpt>
   <trkpt lat="46.0420200" lon="6.2955500">
    <ele>792</ele>
   </trkpt>
   <trkpt lat="46.0424099" lon="6.2955300">
    <ele>789</ele>
   </trkpt>
   <trkpt lat="46.0425500" lon="6.2955600">
    <ele>788</ele>
   </trkpt>
   <trkpt lat="46.0426600" lon="6.2956200">
    <ele>787</ele>
   </trkpt>
   <trkpt lat="46.0427800" lon="6.2958200">
    <ele>787</ele>
   </trkpt>
   <trkpt lat="46.0432300" lon="6.2971100">
    <ele>785</ele>
   </trkpt>
   <trkpt lat="46.0434900" lon="6.2973800">
    <ele>783</ele>
   </trkpt>
   <trkpt lat="46.0437800" lon="6.2973800">
    <ele>779</ele>
   </trkpt>
   <trkpt lat="46.0440600" lon="6.2971300">
    <ele>775</ele>
   </trkpt>
   <trkpt lat="46.0446500" lon="6.2965000">
    <ele>770</ele>
   </trkpt>
   <trkpt lat="46.0454600" lon="6.2956100">
    <ele>764</ele>
   </trkpt>
   <trkpt lat="46.0459000" lon="6.2951000">
    <ele>763</ele>
   </trkpt>
   <trkpt lat="46.0463000" lon="6.2944000">
    <ele>759</ele>
   </trkpt>
   <trkpt lat="46.0463800" lon="6.2941900">
    <ele>758</ele>
   </trkpt>
   <trkpt lat="46.0465200" lon="6.2938800">
    <ele>758</ele>
   </trkpt>
   <trkpt lat="46.0466300" lon="6.2935100">
    <ele>757</ele>
   </trkpt>
   <trkpt lat="46.0467299" lon="6.2932600">
    <ele>757</ele>
   </trkpt>
   <trkpt lat="46.0468100" lon="6.2931300">
    <ele>756</ele>
   </trkpt>
   <trkpt lat="46.0469500" lon="6.2930300">
    <ele>755</ele>
   </trkpt>
   <trkpt lat="46.0470400" lon="6.2930000">
    <ele>755</ele>
   </trkpt>
   <trkpt lat="46.0472500" lon="6.2930000">
    <ele>753</ele>
   </trkpt>
   <trkpt lat="46.0475800" lon="6.2930400">
    <ele>750</ele>
   </trkpt>
   <trkpt lat="46.0477500" lon="6.2930200">
    <ele>748</ele>
   </trkpt>
   <trkpt lat="46.0480000" lon="6.2929500">
    <ele>745</ele>
   </trkpt>
   <trkpt lat="46.0481600" lon="6.2929100">
    <ele>743</ele>
   </trkpt>
   <trkpt lat="46.0482100" lon="6.2929000">
    <ele>743</ele>
   </trkpt>
   <trkpt lat="46.0483100" lon="6.2929300">
    <ele>741</ele>
   </trkpt>
   <trkpt lat="46.0484000" lon="6.2929900">
    <ele>740</ele>
   </trkpt>
   <trkpt lat="46.0484500" lon="6.2930500">
    <ele>739</ele>
   </trkpt>
   <trkpt lat="46.0485600" lon="6.2932200">
    <ele>737</ele>
   </trkpt>
   <trkpt lat="46.0486300" lon="6.2934300">
    <ele>736</ele>
   </trkpt>
   <trkpt lat="46.0487800" lon="6.2940500">
    <ele>733</ele>
   </trkpt>
   <trkpt lat="46.0491400" lon="6.2954400">
    <ele>731</ele>
   </trkpt>
   <trkpt lat="46.0492300" lon="6.2958400">
    <ele>729</ele>
   </trkpt>
   <trkpt lat="46.0492700" lon="6.2961400">
    <ele>728</ele>
   </trkpt>
   <trkpt lat="46.0493200" lon="6.2970900">
    <ele>726</ele>
   </trkpt>
   <trkpt lat="46.0493300" lon="6.2971899">
    <ele>726</ele>
   </trkpt>
   <trkpt lat="46.0493499" lon="6.2972700">
    <ele>725</ele>
   </trkpt>
   <trkpt lat="46.0494000" lon="6.2973700">
    <ele>725</ele>
   </trkpt>
   <trkpt lat="46.0494300" lon="6.2974000">
    <ele>724</ele>
   </trkpt>
   <trkpt lat="46.0494900" lon="6.2974400">
    <ele>724</ele>
   </trkpt>
   <trkpt lat="46.0495600" lon="6.2974600">
    <ele>723</ele>
   </trkpt>
   <trkpt lat="46.0496399" lon="6.2974400">
    <ele>722</ele>
   </trkpt>
   <trkpt lat="46.0497400" lon="6.2974000">
    <ele>721</ele>
   </trkpt>
   <trkpt lat="46.0501800" lon="6.2969700">
    <ele>718</ele>
   </trkpt>
   <trkpt lat="46.0503000" lon="6.2967900">
    <ele>717</ele>
   </trkpt>
   <trkpt lat="46.0503400" lon="6.2966700">
    <ele>717</ele>
   </trkpt>
   <trkpt lat="46.0503799" lon="6.2965300">
    <ele>717</ele>
   </trkpt>
   <trkpt lat="46.0504500" lon="6.2961400">
    <ele>716</ele>
   </trkpt>
   <trkpt lat="46.0505200" lon="6.2958600">
    <ele>716</ele>
   </trkpt>
   <trkpt lat="46.0505799" lon="6.2956899">
    <ele>715</ele>
   </trkpt>
   <trkpt lat="46.0506300" lon="6.2955500">
    <ele>714</ele>
   </trkpt>
   <trkpt lat="46.0507200" lon="6.2953800">
    <ele>713</ele>
   </trkpt>
   <trkpt lat="46.0509100" lon="6.2950700">
    <ele>711</ele>
   </trkpt>
   <trkpt lat="46.0510100" lon="6.2949200">
    <ele>711</ele>
   </trkpt>
   <trkpt lat="46.0511200" lon="6.2947900">
    <ele>711</ele>
   </trkpt>
   <trkpt lat="46.0512900" lon="6.2946300">
    <ele>710</ele>
   </trkpt>
   <trkpt lat="46.0514700" lon="6.2944900">
    <ele>710</ele>
   </trkpt>
   <trkpt lat="46.0516500" lon="6.2943700">
    <ele>709</ele>
   </trkpt>
   <trkpt lat="46.0517400" lon="6.2943200">
    <ele>708</ele>
   </trkpt>
   <trkpt lat="46.0519400" lon="6.2942800">
    <ele>705</ele>
   </trkpt>
   <trkpt lat="46.0520400" lon="6.2942700">
    <ele>704</ele>
   </trkpt>
   <trkpt lat="46.0521400" lon="6.2942900">
    <ele>703</ele>
   </trkpt>
   <trkpt lat="46.0522599" lon="6.2943200">
    <ele>701</ele>
   </trkpt>
   <trkpt lat="46.0527700" lon="6.2945100">
    <ele>694</ele>
   </trkpt>
   <trkpt lat="46.0529500" lon="6.2946000">
    <ele>692</ele>
   </trkpt>
   <trkpt lat="46.0530300" lon="6.2947000">
    <ele>691</ele>
   </trkpt>
   <trkpt lat="46.0530700" lon="6.2947700">
    <ele>691</ele>
   </trkpt>
   <trkpt lat="46.0531200" lon="6.2949400">
    <ele>692</ele>
   </trkpt>
   <trkpt lat="46.0531200" lon="6.2950400">
    <ele>692</ele>
   </trkpt>
   <trkpt lat="46.0531099" lon="6.2951499">
    <ele>692</ele>
   </trkpt>
   <trkpt lat="46.0530600" lon="6.2953700">
    <ele>691</ele>
   </trkpt>
   <trkpt lat="46.0529400" lon="6.2959699">
    <ele>691</ele>
   </trkpt>
   <trkpt lat="46.0529200" lon="6.2961900">
    <ele>690</ele>
   </trkpt>
   <trkpt lat="46.0529300" lon="6.2963800">
    <ele>689</ele>
   </trkpt>
   <trkpt lat="46.0529800" lon="6.2965600">
    <ele>688</ele>
   </trkpt>
   <trkpt lat="46.0531900" lon="6.2971400">
    <ele>685</ele>
   </trkpt>
   <trkpt lat="46.0532600" lon="6.2973200">
    <ele>684</ele>
   </trkpt>
   <trkpt lat="46.0533000" lon="6.2975000">
    <ele>683</ele>
   </trkpt>
   <trkpt lat="46.0533600" lon="6.2977700">
    <ele>683</ele>
   </trkpt>
   <trkpt lat="46.0533800" lon="6.2979600">
    <ele>682</ele>
   </trkpt>
   <trkpt lat="46.0533800" lon="6.2987600">
    <ele>679</ele>
   </trkpt>
   <trkpt lat="46.0533500" lon="6.2990500">
    <ele>678</ele>
   </trkpt>
   <trkpt lat="46.0532600" lon="6.2995700">
    <ele>674</ele>
   </trkpt>
   <trkpt lat="46.0532200" lon="6.2997500">
    <ele>673</ele>
   </trkpt>
   <trkpt lat="46.0531800" lon="6.2998700">
    <ele>672</ele>
   </trkpt>
   <trkpt lat="46.0531200" lon="6.2999800">
    <ele>672</ele>
   </trkpt>
   <trkpt lat="46.0530300" lon="6.3001100">
    <ele>672</ele>
   </trkpt>
   <trkpt lat="46.0529200" lon="6.3002100">
    <ele>673</ele>
   </trkpt>
   <trkpt lat="46.0528500" lon="6.3003000">
    <ele>673</ele>
   </trkpt>
   <trkpt lat="46.0528000" lon="6.3003900">
    <ele>673</ele>
   </trkpt>
   <trkpt lat="46.0527400" lon="6.3004900">
    <ele>673</ele>
   </trkpt>
   <trkpt lat="46.0527100" lon="6.3005900">
    <ele>673</ele>
   </trkpt>
   <trkpt lat="46.0525499" lon="6.3017000">
    <ele>668</ele>
   </trkpt>
   <trkpt lat="46.0525700" lon="6.3019100">
    <ele>668</ele>
   </trkpt>
   <trkpt lat="46.0526600" lon="6.3021400">
    <ele>666</ele>
   </trkpt>
   <trkpt lat="46.0528300" lon="6.3024300">
    <ele>663</ele>
   </trkpt>
   <trkpt lat="46.0528800" lon="6.3026600">
    <ele>662</ele>
   </trkpt>
   <trkpt lat="46.0528900" lon="6.3028900">
    <ele>661</ele>
   </trkpt>
   <trkpt lat="46.0528100" lon="6.3033000">
    <ele>661</ele>
   </trkpt>
   <trkpt lat="46.0526900" lon="6.3038100">
    <ele>660</ele>
   </trkpt>
   <trkpt lat="46.0527100" lon="6.3040800">
    <ele>658</ele>
   </trkpt>
   <trkpt lat="46.0528700" lon="6.3045400">
    <ele>655</ele>
   </trkpt>
   <trkpt lat="46.0530199" lon="6.3048400">
    <ele>653</ele>
   </trkpt>
   <trkpt lat="46.0530500" lon="6.3049200">
    <ele>653</ele>
   </trkpt>
   <trkpt lat="46.0531200" lon="6.3050800">
    <ele>652</ele>
   </trkpt>
   <trkpt lat="46.0531999" lon="6.3053400">
    <ele>650</ele>
   </trkpt>
   <trkpt lat="46.0532300" lon="6.3057200">
    <ele>649</ele>
   </trkpt>
   <trkpt lat="46.0532300" lon="6.3059100">
    <ele>649</ele>
   </trkpt>
   <trkpt lat="46.0531900" lon="6.3062100">
    <ele>648</ele>
   </trkpt>
   <trkpt lat="46.0531500" lon="6.3064099">
    <ele>648</ele>
   </trkpt>
   <trkpt lat="46.0528100" lon="6.3078100">
    <ele>644</ele>
   </trkpt>
   <trkpt lat="46.0527900" lon="6.3079400">
    <ele>644</ele>
   </trkpt>
   <trkpt lat="46.0527900" lon="6.3080100">
    <ele>643</ele>
   </trkpt>
   <trkpt lat="46.0528000" lon="6.3081400">
    <ele>642</ele>
   </trkpt>
   <trkpt lat="46.0528500" lon="6.3082900">
    <ele>641</ele>
   </trkpt>
   <trkpt lat="46.0528800" lon="6.3083500">
    <ele>640</ele>
   </trkpt>
   <trkpt lat="46.0529500" lon="6.3084500">
    <ele>639</ele>
   </trkpt>
   <trkpt lat="46.0530100" lon="6.3085100">
    <ele>638</ele>
   </trkpt>
   <trkpt lat="46.0531200" lon="6.3085699">
    <ele>636</ele>
   </trkpt>
   <trkpt lat="46.0532200" lon="6.3086000">
    <ele>634</ele>
   </trkpt>
   <trkpt lat="46.0533400" lon="6.3085900">
    <ele>633</ele>
   </trkpt>
   <trkpt lat="46.0533900" lon="6.3085800">
    <ele>632</ele>
   </trkpt>
   <trkpt lat="46.0534700" lon="6.3085300">
    <ele>632</ele>
   </trkpt>
   <trkpt lat="46.0535300" lon="6.3084700">
    <ele>631</ele>
   </trkpt>
   <trkpt lat="46.0536200" lon="6.3083400">
    <ele>631</ele>
   </trkpt>
   <trkpt lat="46.0536500" lon="6.3082900">
    <ele>631</ele>
   </trkpt>
   <trkpt lat="46.0546300" lon="6.3060700">
    <ele>626</ele>
   </trkpt>
   <trkpt lat="46.0547800" lon="6.3058100">
    <ele>624</ele>
   </trkpt>
   <trkpt lat="46.0548700" lon="6.3056700">
    <ele>623</ele>
   </trkpt>
   <trkpt lat="46.0549600" lon="6.3055500">
    <ele>622</ele>
   </trkpt>
   <trkpt lat="46.0550500" lon="6.3054500">
    <ele>621</ele>
   </trkpt>
   <trkpt lat="46.0552200" lon="6.3053000">
    <ele>620</ele>
   </trkpt>
   <trkpt lat="46.0556100" lon="6.3050200">
    <ele>616</ele>
   </trkpt>
   <trkpt lat="46.0562900" lon="6.3045000">
    <ele>614</ele>
   </trkpt>
   <trkpt lat="46.0564200" lon="6.3044200">
    <ele>613</ele>
   </trkpt>
   <trkpt lat="46.0565600" lon="6.3043699">
    <ele>613</ele>
   </trkpt>
   <trkpt lat="46.0566900" lon="6.3043500">
    <ele>612</ele>
   </trkpt>
   <trkpt lat="46.0567700" lon="6.3043699">
    <ele>612</ele>
   </trkpt>
   <trkpt lat="46.0568700" lon="6.3044100">
    <ele>611</ele>
   </trkpt>
   <trkpt lat="46.0570000" lon="6.3044900">
    <ele>611</ele>
   </trkpt>
   <trkpt lat="46.0572700" lon="6.3046700">
    <ele>610</ele>
   </trkpt>
   <trkpt lat="46.0576000" lon="6.3048000">
    <ele>609</ele>
   </trkpt>
   <trkpt lat="46.0586900" lon="6.3050000">
    <ele>604</ele>
   </trkpt>
   <trkpt lat="46.0589600" lon="6.3051500">
    <ele>603</ele>
   </trkpt>
   <trkpt lat="46.0591800" lon="6.3054400">
    <ele>603</ele>
   </trkpt>
   <trkpt lat="46.0594899" lon="6.3058300">
    <ele>601</ele>
   </trkpt>
   <trkpt lat="46.0597900" lon="6.3060500">
    <ele>599</ele>
   </trkpt>
   <trkpt lat="46.0600800" lon="6.3061800">
    <ele>597</ele>
   </trkpt>
   <trkpt lat="46.0602700" lon="6.3063300">
    <ele>596</ele>
   </trkpt>
   <trkpt lat="46.0605300" lon="6.3066500">
    <ele>596</ele>
   </trkpt>
   <trkpt lat="46.0607300" lon="6.3069400">
    <ele>593</ele>
   </trkpt>
   <trkpt lat="46.0608400" lon="6.3072300">
    <ele>592</ele>
   </trkpt>
   <trkpt lat="46.0608900" lon="6.3075300">
    <ele>592</ele>
   </trkpt>
   <trkpt lat="46.0608900" lon="6.3076400">
    <ele>592</ele>
   </trkpt>
   <trkpt lat="46.0608900" lon="6.3086300">
    <ele>586</ele>
   </trkpt>
   <trkpt lat="46.0608900" lon="6.3087500">
    <ele>586</ele>
   </trkpt>
   <trkpt lat="46.0608900" lon="6.3093000">
    <ele>582</ele>
   </trkpt>
   <trkpt lat="46.0608800" lon="6.3097100">
    <ele>581</ele>
   </trkpt>
   <trkpt lat="46.0608500" lon="6.3098400">
    <ele>580</ele>
   </trkpt>
   <trkpt lat="46.0607300" lon="6.3101900">
    <ele>580</ele>
   </trkpt>
   <trkpt lat="46.0607000" lon="6.3103000">
    <ele>580</ele>
   </trkpt>
   <trkpt lat="46.0607000" lon="6.3103800">
    <ele>580</ele>
   </trkpt>
   <trkpt lat="46.0607000" lon="6.3104800">
    <ele>579</ele>
   </trkpt>
   <trkpt lat="46.0607100" lon="6.3105900">
    <ele>579</ele>
   </trkpt>
   <trkpt lat="46.0608600" lon="6.3110000">
    <ele>576</ele>
   </trkpt>
   <trkpt lat="46.0609600" lon="6.3112500">
    <ele>575</ele>
   </trkpt>
   <trkpt lat="46.0610200" lon="6.3113600">
    <ele>574</ele>
   </trkpt>
   <trkpt lat="46.0610799" lon="6.3114600">
    <ele>574</ele>
   </trkpt>
   <trkpt lat="46.0611500" lon="6.3115400">
    <ele>573</ele>
   </trkpt>
   <trkpt lat="46.0612400" lon="6.3116300">
    <ele>572</ele>
   </trkpt>
   <trkpt lat="46.0613200" lon="6.3116800">
    <ele>571</ele>
   </trkpt>
   <trkpt lat="46.0614000" lon="6.3117100">
    <ele>571</ele>
   </trkpt>
   <trkpt lat="46.0614900" lon="6.3117400">
    <ele>570</ele>
   </trkpt>
   <trkpt lat="46.0615600" lon="6.3117500">
    <ele>569</ele>
   </trkpt>
   <trkpt lat="46.0616800" lon="6.3117400">
    <ele>569</ele>
   </trkpt>
   <trkpt lat="46.0617200" lon="6.3117300">
    <ele>568</ele>
   </trkpt>
   <trkpt lat="46.0618399" lon="6.3116899">
    <ele>568</ele>
   </trkpt>
   <trkpt lat="46.0619400" lon="6.3116199">
    <ele>567</ele>
   </trkpt>
   <trkpt lat="46.0620800" lon="6.3114800">
    <ele>567</ele>
   </trkpt>
   <trkpt lat="46.0622600" lon="6.3113100">
    <ele>566</ele>
   </trkpt>
   <trkpt lat="46.0623200" lon="6.3112500">
    <ele>566</ele>
   </trkpt>
   <trkpt lat="46.0627500" lon="6.3108500">
    <ele>564</ele>
   </trkpt>
   <trkpt lat="46.0628300" lon="6.3108000">
    <ele>564</ele>
   </trkpt>
   <trkpt lat="46.0629100" lon="6.3107600">
    <ele>564</ele>
   </trkpt>
   <trkpt lat="46.0629599" lon="6.3107500">
    <ele>564</ele>
   </trkpt>
   <trkpt lat="46.0631100" lon="6.3107300">
    <ele>563</ele>
   </trkpt>
   <trkpt lat="46.0637400" lon="6.3107700">
    <ele>560</ele>
   </trkpt>
   <trkpt lat="46.0642000" lon="6.3108000">
    <ele>558</ele>
   </trkpt>
   <trkpt lat="46.0644500" lon="6.3108500">
    <ele>557</ele>
   </trkpt>
   <trkpt lat="46.0645400" lon="6.3108800">
    <ele>556</ele>
   </trkpt>
   <trkpt lat="46.0646000" lon="6.3109300">
    <ele>555</ele>
   </trkpt>
   <trkpt lat="46.0646000" lon="6.3109600">
    <ele>555</ele>
   </trkpt>
   <trkpt lat="46.0646100" lon="6.3110400">
    <ele>555</ele>
   </trkpt>
   <trkpt lat="46.0646000" lon="6.3111100">
    <ele>554</ele>
   </trkpt>
   <trkpt lat="46.0645600" lon="6.3112199">
    <ele>554</ele>
   </trkpt>
   <trkpt lat="46.0644700" lon="6.3113800">
    <ele>553</ele>
   </trkpt>
   <trkpt lat="46.0643000" lon="6.3118100">
    <ele>551</ele>
   </trkpt>
   <trkpt lat="46.0642000" lon="6.3121000">
    <ele>549</ele>
   </trkpt>
   <trkpt lat="46.0640800" lon="6.3125099">
    <ele>549</ele>
   </trkpt>
   <trkpt lat="46.0640500" lon="6.3126600">
    <ele>548</ele>
   </trkpt>
   <trkpt lat="46.0639500" lon="6.3130800">
    <ele>547</ele>
   </trkpt>
   <trkpt lat="46.0639300" lon="6.3131800">
    <ele>546</ele>
   </trkpt>
   <trkpt lat="46.0636300" lon="6.3144600">
    <ele>549</ele>
   </trkpt>
   <trkpt lat="46.0636000" lon="6.3145900">
    <ele>549</ele>
   </trkpt>
   <trkpt lat="46.0635800" lon="6.3146400">
    <ele>549</ele>
   </trkpt>
   <trkpt lat="46.0631800" lon="6.3152400">
    <ele>552</ele>
   </trkpt>
   <trkpt lat="46.0626800" lon="6.3160200">
    <ele>551</ele>
   </trkpt>
   <trkpt lat="46.0626300" lon="6.3160800">
    <ele>551</ele>
   </trkpt>
   <trkpt lat="46.0625400" lon="6.3161600">
    <ele>551</ele>
   </trkpt>
   <trkpt lat="46.0625000" lon="6.3161800">
    <ele>551</ele>
   </trkpt>
   <trkpt lat="46.0621500" lon="6.3163500">
    <ele>552</ele>
   </trkpt>
   <trkpt lat="46.0620400" lon="6.3164000">
    <ele>552</ele>
   </trkpt>
   <trkpt lat="46.0619200" lon="6.3164300">
    <ele>552</ele>
   </trkpt>
   <trkpt lat="46.0618600" lon="6.3164200">
    <ele>552</ele>
   </trkpt>
   <trkpt lat="46.0618000" lon="6.3164000">
    <ele>552</ele>
   </trkpt>
   <trkpt lat="46.0617100" lon="6.3163500">
    <ele>553</ele>
   </trkpt>
   <trkpt lat="46.0612500" lon="6.3160299">
    <ele>555</ele>
   </trkpt>
   <trkpt lat="46.0607800" lon="6.3156600">
    <ele>556</ele>
   </trkpt>
   <trkpt lat="46.0607000" lon="6.3156500">
    <ele>557</ele>
   </trkpt>
   <trkpt lat="46.0606200" lon="6.3156600">
    <ele>557</ele>
   </trkpt>
   <trkpt lat="46.0605800" lon="6.3156800">
    <ele>558</ele>
   </trkpt>
   <trkpt lat="46.0605100" lon="6.3157600">
    <ele>558</ele>
   </trkpt>
   <trkpt lat="46.0604900" lon="6.3157800">
    <ele>558</ele>
   </trkpt>
   <trkpt lat="46.0604100" lon="6.3159200">
    <ele>558</ele>
   </trkpt>
   <trkpt lat="46.0603700" lon="6.3160100">
    <ele>559</ele>
   </trkpt>
   <trkpt lat="46.0603500" lon="6.3160700">
    <ele>560</ele>
   </trkpt>
   <trkpt lat="46.0603399" lon="6.3161300">
    <ele>560</ele>
   </trkpt>
   <trkpt lat="46.0603399" lon="6.3162400">
    <ele>561</ele>
   </trkpt>
   <trkpt lat="46.0603500" lon="6.3163500">
    <ele>561</ele>
   </trkpt>
   <trkpt lat="46.0603800" lon="6.3164400">
    <ele>561</ele>
   </trkpt>
   <trkpt lat="46.0608099" lon="6.3173800">
    <ele>562</ele>
   </trkpt>
   <trkpt lat="46.0608600" lon="6.3175700">
    <ele>562</ele>
   </trkpt>
   <trkpt lat="46.0608700" lon="6.3176400">
    <ele>561</ele>
   </trkpt>
   <trkpt lat="46.0608600" lon="6.3177700">
    <ele>561</ele>
   </trkpt>
   <trkpt lat="46.0608500" lon="6.3178300">
    <ele>561</ele>
   </trkpt>
   <trkpt lat="46.0607800" lon="6.3179600">
    <ele>561</ele>
   </trkpt>
   <trkpt lat="46.0607400" lon="6.3180200">
    <ele>562</ele>
   </trkpt>
   <trkpt lat="46.0606200" lon="6.3181000">
    <ele>562</ele>
   </trkpt>
   <trkpt lat="46.0600000" lon="6.3183200">
    <ele>567</ele>
   </trkpt>
   <trkpt lat="46.0598500" lon="6.3183400">
    <ele>569</ele>
   </trkpt>
   <trkpt lat="46.0596100" lon="6.3184200">
    <ele>572</ele>
   </trkpt>
   <trkpt lat="46.0594800" lon="6.3184600">
    <ele>573</ele>
   </trkpt>
   <trkpt lat="46.0593500" lon="6.3185000">
    <ele>575</ele>
   </trkpt>
   <trkpt lat="46.0592700" lon="6.3185600">
    <ele>576</ele>
   </trkpt>
   <trkpt lat="46.0591700" lon="6.3187000">
    <ele>577</ele>
   </trkpt>
   <trkpt lat="46.0589100" lon="6.3193500">
    <ele>577</ele>
   </trkpt>
   <trkpt lat="46.0587600" lon="6.3198200">
    <ele>578</ele>
   </trkpt>
   <trkpt lat="46.0586700" lon="6.3200600">
    <ele>580</ele>
   </trkpt>
   <trkpt lat="46.0586100" lon="6.3201599">
    <ele>581</ele>
   </trkpt>
   <trkpt lat="46.0585499" lon="6.3202200">
    <ele>582</ele>
   </trkpt>
   <trkpt lat="46.0584800" lon="6.3202700">
    <ele>584</ele>
   </trkpt>
   <trkpt lat="46.0580900" lon="6.3204399">
    <ele>587</ele>
   </trkpt>
   <trkpt lat="46.0580000" lon="6.3204900">
    <ele>587</ele>
   </trkpt>
   <trkpt lat="46.0577100" lon="6.3206500">
    <ele>589</ele>
   </trkpt>
   <trkpt lat="46.0576300" lon="6.3206900">
    <ele>589</ele>
   </trkpt>
   <trkpt lat="46.0574400" lon="6.3208399">
    <ele>591</ele>
   </trkpt>
   <trkpt lat="46.0573000" lon="6.3209700">
    <ele>592</ele>
   </trkpt>
   <trkpt lat="46.0570000" lon="6.3213400">
    <ele>593</ele>
   </trkpt>
   <trkpt lat="46.0561999" lon="6.3229499">
    <ele>594</ele>
   </trkpt>
   <trkpt lat="46.0555499" lon="6.3245900">
    <ele>598</ele>
   </trkpt>
   <trkpt lat="46.0549000" lon="6.3258400">
    <ele>600</ele>
   </trkpt>
   <trkpt lat="46.0546700" lon="6.3262600">
    <ele>600</ele>
   </trkpt>
   <trkpt lat="46.0543700" lon="6.3268200">
    <ele>600</ele>
   </trkpt>
   <trkpt lat="46.0542299" lon="6.3270600">
    <ele>601</ele>
   </trkpt>
   <trkpt lat="46.0537599" lon="6.3280200">
    <ele>604</ele>
   </trkpt>
   <trkpt lat="46.0534400" lon="6.3287200">
    <ele>607</ele>
   </trkpt>
   <trkpt lat="46.0533400" lon="6.3289000">
    <ele>609</ele>
   </trkpt>
   <trkpt lat="46.0532600" lon="6.3290000">
    <ele>610</ele>
   </trkpt>
   <trkpt lat="46.0531900" lon="6.3291200">
    <ele>610</ele>
   </trkpt>
   <trkpt lat="46.0531500" lon="6.3292100">
    <ele>611</ele>
   </trkpt>
   <trkpt lat="46.0531300" lon="6.3292700">
    <ele>611</ele>
   </trkpt>
   <trkpt lat="46.0530800" lon="6.3293799">
    <ele>611</ele>
   </trkpt>
   <trkpt lat="46.0530500" lon="6.3294400">
    <ele>612</ele>
   </trkpt>
   <trkpt lat="46.0530000" lon="6.3295100">
    <ele>612</ele>
   </trkpt>
   <trkpt lat="46.0529100" lon="6.3296100">
    <ele>613</ele>
   </trkpt>
   <trkpt lat="46.0527400" lon="6.3297700">
    <ele>614</ele>
   </trkpt>
   <trkpt lat="46.0526100" lon="6.3298700">
    <ele>616</ele>
   </trkpt>
   <trkpt lat="46.0524600" lon="6.3299600">
    <ele>617</ele>
   </trkpt>
   <trkpt lat="46.0522700" lon="6.3301200">
    <ele>618</ele>
   </trkpt>
   <trkpt lat="46.0521400" lon="6.3302699">
    <ele>618</ele>
   </trkpt>
   <trkpt lat="46.0520400" lon="6.3304400">
    <ele>619</ele>
   </trkpt>
   <trkpt lat="46.0519400" lon="6.3306400">
    <ele>620</ele>
   </trkpt>
   <trkpt lat="46.0517500" lon="6.3311900">
    <ele>622</ele>
   </trkpt>
   <trkpt lat="46.0516400" lon="6.3315300">
    <ele>624</ele>
   </trkpt>
   <trkpt lat="46.0513800" lon="6.3323200">
    <ele>623</ele>
   </trkpt>
   <trkpt lat="46.0511000" lon="6.3331200">
    <ele>623</ele>
   </trkpt>
   <trkpt lat="46.0510100" lon="6.3333300">
    <ele>623</ele>
   </trkpt>
   <trkpt lat="46.0509100" lon="6.3335000">
    <ele>623</ele>
   </trkpt>
   <trkpt lat="46.0508100" lon="6.3336600">
    <ele>624</ele>
   </trkpt>
   <trkpt lat="46.0497200" lon="6.3349500">
    <ele>629</ele>
   </trkpt>
   <trkpt lat="46.0495700" lon="6.3351800">
    <ele>630</ele>
   </trkpt>
   <trkpt lat="46.0495400" lon="6.3352600">
    <ele>630</ele>
   </trkpt>
   <trkpt lat="46.0494800" lon="6.3354700">
    <ele>630</ele>
   </trkpt>
   <trkpt lat="46.0494500" lon="6.3356300">
    <ele>630</ele>
   </trkpt>
   <trkpt lat="46.0493800" lon="6.3361599">
    <ele>629</ele>
   </trkpt>
   <trkpt lat="46.0493600" lon="6.3364000">
    <ele>630</ele>
   </trkpt>
   <trkpt lat="46.0493100" lon="6.3373300">
    <ele>631</ele>
   </trkpt>
   <trkpt lat="46.0492800" lon="6.3377700">
    <ele>632</ele>
   </trkpt>
   <trkpt lat="46.0492599" lon="6.3389600">
    <ele>635</ele>
   </trkpt>
   <trkpt lat="46.0492300" lon="6.3393600">
    <ele>636</ele>
   </trkpt>
   <trkpt lat="46.0491400" lon="6.3398800">
    <ele>639</ele>
   </trkpt>
   <trkpt lat="46.0490400" lon="6.3403800">
    <ele>643</ele>
   </trkpt>
   <trkpt lat="46.0489600" lon="6.3407400">
    <ele>646</ele>
   </trkpt>
   <trkpt lat="46.0489000" lon="6.3409800">
    <ele>647</ele>
   </trkpt>
   <trkpt lat="46.0488000" lon="6.3414500">
    <ele>648</ele>
   </trkpt>
   <trkpt lat="46.0487700" lon="6.3416800">
    <ele>648</ele>
   </trkpt>
   <trkpt lat="46.0487300" lon="6.3420900">
    <ele>649</ele>
   </trkpt>
   <trkpt lat="46.0486700" lon="6.3427000">
    <ele>650</ele>
   </trkpt>
   <trkpt lat="46.0486700" lon="6.3428699">
    <ele>652</ele>
   </trkpt>
   <trkpt lat="46.0486800" lon="6.3431300">
    <ele>653</ele>
   </trkpt>
   <trkpt lat="46.0487200" lon="6.3435200">
    <ele>654</ele>
   </trkpt>
   <trkpt lat="46.0489000" lon="6.3448900">
    <ele>650</ele>
   </trkpt>
   <trkpt lat="46.0489700" lon="6.3455500">
    <ele>649</ele>
   </trkpt>
   <trkpt lat="46.0489900" lon="6.3461800">
    <ele>649</ele>
   </trkpt>
   <trkpt lat="46.0489900" lon="6.3464700">
    <ele>650</ele>
   </trkpt>
   <trkpt lat="46.0489700" lon="6.3467900">
    <ele>651</ele>
   </trkpt>
   <trkpt lat="46.0489600" lon="6.3470600">
    <ele>651</ele>
   </trkpt>
   <trkpt lat="46.0488500" lon="6.3484400">
    <ele>648</ele>
   </trkpt>
   <trkpt lat="46.0488300" lon="6.3486500">
    <ele>648</ele>
   </trkpt>
   <trkpt lat="46.0487899" lon="6.3488600">
    <ele>648</ele>
   </trkpt>
   <trkpt lat="46.0485400" lon="6.3501400">
    <ele>647</ele>
   </trkpt>
   <trkpt lat="46.0484900" lon="6.3503800">
    <ele>647</ele>
   </trkpt>
   <trkpt lat="46.0484500" lon="6.3505200">
    <ele>647</ele>
   </trkpt>
   <trkpt lat="46.0483900" lon="6.3506900">
    <ele>647</ele>
   </trkpt>
   <trkpt lat="46.0482700" lon="6.3508800">
    <ele>647</ele>
   </trkpt>
   <trkpt lat="46.0479100" lon="6.3513600">
    <ele>649</ele>
   </trkpt>
   <trkpt lat="46.0477300" lon="6.3516100">
    <ele>650</ele>
   </trkpt>
   <trkpt lat="46.0476699" lon="6.3517400">
    <ele>650</ele>
   </trkpt>
   <trkpt lat="46.0476600" lon="6.3520500">
    <ele>649</ele>
   </trkpt>
   <trkpt lat="46.0477100" lon="6.3532000">
    <ele>645</ele>
   </trkpt>
   <trkpt lat="46.0477400" lon="6.3538900">
    <ele>643</ele>
   </trkpt>
   <trkpt lat="46.0477900" lon="6.3544800">
    <ele>642</ele>
   </trkpt>
   <trkpt lat="46.0477800" lon="6.3548200">
    <ele>643</ele>
   </trkpt>
   <trkpt lat="46.0477400" lon="6.3553200">
    <ele>642</ele>
   </trkpt>
   <trkpt lat="46.0476500" lon="6.3563300">
    <ele>644</ele>
   </trkpt>
   <trkpt lat="46.0475700" lon="6.3570300">
    <ele>645</ele>
   </trkpt>
   <trkpt lat="46.0475300" lon="6.3578400">
    <ele>645</ele>
   </trkpt>
   <trkpt lat="46.0475100" lon="6.3580800">
    <ele>646</ele>
   </trkpt>
   <trkpt lat="46.0474500" lon="6.3584600">
    <ele>646</ele>
   </trkpt>
   <trkpt lat="46.0474400" lon="6.3585800">
    <ele>646</ele>
   </trkpt>
   <trkpt lat="46.0475800" lon="6.3586400">
    <ele>645</ele>
   </trkpt>
   <trkpt lat="46.0477200" lon="6.3586700">
    <ele>645</ele>
   </trkpt>
   <trkpt lat="46.0481900" lon="6.3586600">
    <ele>642</ele>
   </trkpt>
   <trkpt lat="46.0484200" lon="6.3586900">
    <ele>640</ele>
   </trkpt>
   <trkpt lat="46.0489800" lon="6.3589100">
    <ele>638</ele>
   </trkpt>
   <trkpt lat="46.0497700" lon="6.3594200">
    <ele>637</ele>
   </trkpt>
   <trkpt lat="46.0501300" lon="6.3596600">
    <ele>637</ele>
   </trkpt>
   <trkpt lat="46.0503500" lon="6.3597500">
    <ele>637</ele>
   </trkpt>
   <trkpt lat="46.0504000" lon="6.3597900">
    <ele>637</ele>
   </trkpt>
   <trkpt lat="46.0504400" lon="6.3598400">
    <ele>637</ele>
   </trkpt>
   <trkpt lat="46.0504700" lon="6.3598800">
    <ele>637</ele>
   </trkpt>
   <trkpt lat="46.0505000" lon="6.3599500">
    <ele>637</ele>
   </trkpt>
   <trkpt lat="46.0505200" lon="6.3601599">
    <ele>636</ele>
   </trkpt>
   <trkpt lat="46.0505100" lon="6.3606700">
    <ele>634</ele>
   </trkpt>
   <trkpt lat="46.0504900" lon="6.3610200">
    <ele>633</ele>
   </trkpt>
   <trkpt lat="46.0504700" lon="6.3614100">
    <ele>631</ele>
   </trkpt>
   <trkpt lat="46.0505200" lon="6.3627000">
    <ele>627</ele>
   </trkpt>
   <trkpt lat="46.0506000" lon="6.3637900">
    <ele>624</ele>
   </trkpt>
   <trkpt lat="46.0506500" lon="6.3651099">
    <ele>617</ele>
   </trkpt>
   <trkpt lat="46.0507900" lon="6.3660800">
    <ele>612</ele>
   </trkpt>
   <trkpt lat="46.0509500" lon="6.3679500">
    <ele>606</ele>
   </trkpt>
   <trkpt lat="46.0510900" lon="6.3694100">
    <ele>605</ele>
   </trkpt>
   <trkpt lat="46.0512500" lon="6.3702900">
    <ele>598</ele>
   </trkpt>
   <trkpt lat="46.0512500" lon="6.3710800">
    <ele>594</ele>
   </trkpt>
   <trkpt lat="46.0512100" lon="6.3719200">
    <ele>592</ele>
   </trkpt>
   <trkpt lat="46.0512200" lon="6.3722000">
    <ele>590</ele>
   </trkpt>
   <trkpt lat="46.0512800" lon="6.3723200">
    <ele>587</ele>
   </trkpt>
   <trkpt lat="46.0513700" lon="6.3723900">
    <ele>583</ele>
   </trkpt>
   <trkpt lat="46.0514700" lon="6.3723700">
    <ele>579</ele>
   </trkpt>
   <trkpt lat="46.0515700" lon="6.3722800">
    <ele>575</ele>
   </trkpt>
   <trkpt lat="46.0516000" lon="6.3721200">
    <ele>574</ele>
   </trkpt>
   <trkpt lat="46.0516099" lon="6.3717700">
    <ele>574</ele>
   </trkpt>
   <trkpt lat="46.0516000" lon="6.3715300">
    <ele>576</ele>
   </trkpt>
   <trkpt lat="46.0516300" lon="6.3707900">
    <ele>578</ele>
   </trkpt>
   <trkpt lat="46.0517700" lon="6.3700900">
    <ele>581</ele>
   </trkpt>
   <trkpt lat="46.0519300" lon="6.3697800">
    <ele>577</ele>
   </trkpt>
   <trkpt lat="46.0519500" lon="6.3699600">
    <ele>577</ele>
   </trkpt>
   <trkpt lat="46.0518500" lon="6.3704900">
    <ele>576</ele>
   </trkpt>
   <trkpt lat="46.0518600" lon="6.3707000">
    <ele>574</ele>
   </trkpt>
   <trkpt lat="46.0520400" lon="6.3714600">
    <ele>568</ele>
   </trkpt>
   <trkpt lat="46.0521000" lon="6.3715100">
    <ele>567</ele>
   </trkpt>
   <trkpt lat="46.0522300" lon="6.3715000">
    <ele>565</ele>
   </trkpt>
   <trkpt lat="46.0524200" lon="6.3712700">
    <ele>564</ele>
   </trkpt>
   <trkpt lat="46.0525800" lon="6.3711900">
    <ele>562</ele>
   </trkpt>
   <trkpt lat="46.0528400" lon="6.3708800">
    <ele>558</ele>
   </trkpt>
   <trkpt lat="46.0528700" lon="6.3707600">
    <ele>557</ele>
   </trkpt>
   <trkpt lat="46.0531300" lon="6.3703700">
    <ele>550</ele>
   </trkpt>
   <trkpt lat="46.0536600" lon="6.3701600">
    <ele>536</ele>
   </trkpt>
   <trkpt lat="46.0537400" lon="6.3701500">
    <ele>534</ele>
   </trkpt>
   <trkpt lat="46.0538100" lon="6.3701700">
    <ele>533</ele>
   </trkpt>
   <trkpt lat="46.0538800" lon="6.3702400">
    <ele>532</ele>
   </trkpt>
   <trkpt lat="46.0539000" lon="6.3704400">
    <ele>532</ele>
   </trkpt>
   <trkpt lat="46.0539800" lon="6.3704800">
    <ele>530</ele>
   </trkpt>
   <trkpt lat="46.0540700" lon="6.3705000">
    <ele>528</ele>
   </trkpt>
   <trkpt lat="46.0542600" lon="6.3706100">
    <ele>524</ele>
   </trkpt>
   <trkpt lat="46.0544100" lon="6.3706400">
    <ele>520</ele>
   </trkpt>
   <trkpt lat="46.0546000" lon="6.3705400">
    <ele>516</ele>
   </trkpt>
   <trkpt lat="46.0547100" lon="6.3705600">
    <ele>513</ele>
   </trkpt>
   <trkpt lat="46.0547800" lon="6.3706200">
    <ele>511</ele>
   </trkpt>
   <trkpt lat="46.0548200" lon="6.3707000">
    <ele>510</ele>
   </trkpt>
   <trkpt lat="46.0548400" lon="6.3710200">
    <ele>508</ele>
   </trkpt>
   <trkpt lat="46.0547300" lon="6.3712500">
    <ele>509</ele>
   </trkpt>
   <trkpt lat="46.0544000" lon="6.3716300">
    <ele>513</ele>
   </trkpt>
   <trkpt lat="46.0540499" lon="6.3720600">
    <ele>513</ele>
   </trkpt>
   <trkpt lat="46.0538200" lon="6.3724700">
    <ele>515</ele>
   </trkpt>
   <trkpt lat="46.0536600" lon="6.3727400">
    <ele>519</ele>
   </trkpt>
   <trkpt lat="46.0536100" lon="6.3728500">
    <ele>520</ele>
   </trkpt>
   <trkpt lat="46.0535799" lon="6.3728999">
    <ele>520</ele>
   </trkpt>
   <trkpt lat="46.0535500" lon="6.3730100">
    <ele>520</ele>
   </trkpt>
   <trkpt lat="46.0535400" lon="6.3730800">
    <ele>520</ele>
   </trkpt>
   <trkpt lat="46.0535600" lon="6.3731900">
    <ele>518</ele>
   </trkpt>
   <trkpt lat="46.0535700" lon="6.3732300">
    <ele>517</ele>
   </trkpt>
   <trkpt lat="46.0536200" lon="6.3733000">
    <ele>515</ele>
   </trkpt>
   <trkpt lat="46.0538200" lon="6.3734900">
    <ele>509</ele>
   </trkpt>
   <trkpt lat="46.0538500" lon="6.3735200">
    <ele>509</ele>
   </trkpt>
   <trkpt lat="46.0538800" lon="6.3735799">
    <ele>509</ele>
   </trkpt>
   <trkpt lat="46.0539200" lon="6.3735900">
    <ele>508</ele>
   </trkpt>
   <trkpt lat="46.0540600" lon="6.3737000">
    <ele>505</ele>
   </trkpt>
   <trkpt lat="46.0541700" lon="6.3738300">
    <ele>505</ele>
   </trkpt>
   <trkpt lat="46.0543000" lon="6.3740400">
    <ele>506</ele>
   </trkpt>
   <trkpt lat="46.0544400" lon="6.3749399">
    <ele>519</ele>
   </trkpt>
   <trkpt lat="46.0545400" lon="6.3754900">
    <ele>521</ele>
   </trkpt>
   <trkpt lat="46.0545400" lon="6.3756300">
    <ele>522</ele>
   </trkpt>
   <trkpt lat="46.0545000" lon="6.3757300">
    <ele>524</ele>
   </trkpt>
   <trkpt lat="46.0544400" lon="6.3757900">
    <ele>524</ele>
   </trkpt>
   <trkpt lat="46.0543500" lon="6.3758100">
    <ele>525</ele>
   </trkpt>
   <trkpt lat="46.0542900" lon="6.3757700">
    <ele>526</ele>
   </trkpt>
   <trkpt lat="46.0542299" lon="6.3757100">
    <ele>526</ele>
   </trkpt>
   <trkpt lat="46.0537900" lon="6.3748400">
    <ele>528</ele>
   </trkpt>
   <trkpt lat="46.0537300" lon="6.3747700">
    <ele>528</ele>
   </trkpt>
   <trkpt lat="46.0537000" lon="6.3747400">
    <ele>528</ele>
   </trkpt>
   <trkpt lat="46.0536500" lon="6.3747500">
    <ele>529</ele>
   </trkpt>
   <trkpt lat="46.0535900" lon="6.3748699">
    <ele>531</ele>
   </trkpt>
   <trkpt lat="46.0531800" lon="6.3762299">
    <ele>547</ele>
   </trkpt>
   <trkpt lat="46.0531200" lon="6.3764700">
    <ele>549</ele>
   </trkpt>
   <trkpt lat="46.0530700" lon="6.3765400">
    <ele>550</ele>
   </trkpt>
   <trkpt lat="46.0529800" lon="6.3766000">
    <ele>551</ele>
   </trkpt>
   <trkpt lat="46.0526100" lon="6.3767600">
    <ele>555</ele>
   </trkpt>
   <trkpt lat="46.0525300" lon="6.3768399">
    <ele>556</ele>
   </trkpt>
   <trkpt lat="46.0524900" lon="6.3769200">
    <ele>557</ele>
   </trkpt>
   <trkpt lat="46.0524400" lon="6.3771400">
    <ele>559</ele>
   </trkpt>
   <trkpt lat="46.0523600" lon="6.3772800">
    <ele>560</ele>
   </trkpt>
   <trkpt lat="46.0519800" lon="6.3776200">
    <ele>567</ele>
   </trkpt>
   <trkpt lat="46.0518500" lon="6.3777900">
    <ele>572</ele>
   </trkpt>
   <trkpt lat="46.0517899" lon="6.3778400">
    <ele>573</ele>
   </trkpt>
   <trkpt lat="46.0517200" lon="6.3779000">
    <ele>576</ele>
   </trkpt>
   <trkpt lat="46.0516099" lon="6.3779600">
    <ele>579</ele>
   </trkpt>
   <trkpt lat="46.0513600" lon="6.3780200">
    <ele>584</ele>
   </trkpt>
   <trkpt lat="46.0511600" lon="6.3780100">
    <ele>586</ele>
   </trkpt>
   <trkpt lat="46.0507700" lon="6.3779300">
    <ele>589</ele>
   </trkpt>
   <trkpt lat="46.0505400" lon="6.3779199">
    <ele>587</ele>
   </trkpt>
   <trkpt lat="46.0505000" lon="6.3779500">
    <ele>587</ele>
   </trkpt>
   <trkpt lat="46.0504100" lon="6.3781100">
    <ele>591</ele>
   </trkpt>
   <trkpt lat="46.0501400" lon="6.3787000">
    <ele>601</ele>
   </trkpt>
   <trkpt lat="46.0499099" lon="6.3792799">
    <ele>613</ele>
   </trkpt>
   <trkpt lat="46.0498199" lon="6.3794400">
    <ele>618</ele>
   </trkpt>
   <trkpt lat="46.0497299" lon="6.3795000">
    <ele>620</ele>
   </trkpt>
   <trkpt lat="46.0496000" lon="6.3795300">
    <ele>622</ele>
   </trkpt>
   <trkpt lat="46.0495700" lon="6.3795300">
    <ele>622</ele>
   </trkpt>
   <trkpt lat="46.0495300" lon="6.3795300">
    <ele>622</ele>
   </trkpt>
   <trkpt lat="46.0494000" lon="6.3794100">
    <ele>620</ele>
   </trkpt>
   <trkpt lat="46.0492200" lon="6.3792200">
    <ele>616</ele>
   </trkpt>
   <trkpt lat="46.0490700" lon="6.3791100">
    <ele>614</ele>
   </trkpt>
   <trkpt lat="46.0487600" lon="6.3789300">
    <ele>612</ele>
   </trkpt>
   <trkpt lat="46.0486400" lon="6.3789300">
    <ele>612</ele>
   </trkpt>
   <trkpt lat="46.0485600" lon="6.3789700">
    <ele>613</ele>
   </trkpt>
   <trkpt lat="46.0485100" lon="6.3790500">
    <ele>615</ele>
   </trkpt>
   <trkpt lat="46.0484500" lon="6.3791700">
    <ele>618</ele>
   </trkpt>
   <trkpt lat="46.0483600" lon="6.3793900">
    <ele>623</ele>
   </trkpt>
   <trkpt lat="46.0483199" lon="6.3795300">
    <ele>627</ele>
   </trkpt>
   <trkpt lat="46.0483000" lon="6.3796700">
    <ele>631</ele>
   </trkpt>
   <trkpt lat="46.0482700" lon="6.3800900">
    <ele>642</ele>
   </trkpt>
   <trkpt lat="46.0482600" lon="6.3801900">
    <ele>646</ele>
   </trkpt>
   <trkpt lat="46.0482299" lon="6.3802600">
    <ele>649</ele>
   </trkpt>
   <trkpt lat="46.0481800" lon="6.3802800">
    <ele>650</ele>
   </trkpt>
   <trkpt lat="46.0481300" lon="6.3802899">
    <ele>651</ele>
   </trkpt>
   <trkpt lat="46.0480500" lon="6.3802800">
    <ele>652</ele>
   </trkpt>
   <trkpt lat="46.0476400" lon="6.3800500">
    <ele>650</ele>
   </trkpt>
   <trkpt lat="46.0475200" lon="6.3799200">
    <ele>648</ele>
   </trkpt>
   <trkpt lat="46.0474600" lon="6.3798199">
    <ele>647</ele>
   </trkpt>
   <trkpt lat="46.0473200" lon="6.3795800">
    <ele>645</ele>
   </trkpt>
   <trkpt lat="46.0471800" lon="6.3792700">
    <ele>641</ele>
   </trkpt>
   <trkpt lat="46.0469400" lon="6.3787500">
    <ele>635</ele>
   </trkpt>
   <trkpt lat="46.0468900" lon="6.3786900">
    <ele>635</ele>
   </trkpt>
   <trkpt lat="46.0468500" lon="6.3786600">
    <ele>635</ele>
   </trkpt>
   <trkpt lat="46.0468100" lon="6.3786400">
    <ele>636</ele>
   </trkpt>
   <trkpt lat="46.0467800" lon="6.3786500">
    <ele>637</ele>
   </trkpt>
   <trkpt lat="46.0467500" lon="6.3786800">
    <ele>638</ele>
   </trkpt>
   <trkpt lat="46.0461900" lon="6.3793600">
    <ele>658</ele>
   </trkpt>
   <trkpt lat="46.0461000" lon="6.3794200">
    <ele>661</ele>
   </trkpt>
   <trkpt lat="46.0460300" lon="6.3794300">
    <ele>662</ele>
   </trkpt>
   <trkpt lat="46.0459400" lon="6.3794300">
    <ele>662</ele>
   </trkpt>
   <trkpt lat="46.0457600" lon="6.3793200">
    <ele>655</ele>
   </trkpt>
   <trkpt lat="46.0455800" lon="6.3791600">
    <ele>646</ele>
   </trkpt>
   <trkpt lat="46.0454900" lon="6.3791300">
    <ele>644</ele>
   </trkpt>
   <trkpt lat="46.0453500" lon="6.3790300">
    <ele>638</ele>
   </trkpt>
   <trkpt lat="46.0452200" lon="6.3789999">
    <ele>636</ele>
   </trkpt>
   <trkpt lat="46.0450299" lon="6.3791700">
    <ele>645</ele>
   </trkpt>
   <trkpt lat="46.0448700" lon="6.3792300">
    <ele>641</ele>
   </trkpt>
   <trkpt lat="46.0447500" lon="6.3793000">
    <ele>638</ele>
   </trkpt>
   <trkpt lat="46.0447000" lon="6.3793900">
    <ele>639</ele>
   </trkpt>
   <trkpt lat="46.0446900" lon="6.3795000">
    <ele>643</ele>
   </trkpt>
   <trkpt lat="46.0446700" lon="6.3799000">
    <ele>657</ele>
   </trkpt>
   <trkpt lat="46.0446100" lon="6.3801500">
    <ele>662</ele>
   </trkpt>
   <trkpt lat="46.0445000" lon="6.3809300">
    <ele>683</ele>
   </trkpt>
   <trkpt lat="46.0443400" lon="6.3813700">
    <ele>694</ele>
   </trkpt>
   <trkpt lat="46.0442899" lon="6.3814600">
    <ele>695</ele>
   </trkpt>
   <trkpt lat="46.0442400" lon="6.3815000">
    <ele>695</ele>
   </trkpt>
   <trkpt lat="46.0441800" lon="6.3815300">
    <ele>694</ele>
   </trkpt>
   <trkpt lat="46.0441000" lon="6.3815300">
    <ele>693</ele>
   </trkpt>
   <trkpt lat="46.0436500" lon="6.3813900">
    <ele>683</ele>
   </trkpt>
   <trkpt lat="46.0435200" lon="6.3813300">
    <ele>679</ele>
   </trkpt>
   <trkpt lat="46.0434300" lon="6.3813300">
    <ele>678</ele>
   </trkpt>
   <trkpt lat="46.0433600" lon="6.3813800">
    <ele>680</ele>
   </trkpt>
   <trkpt lat="46.0432800" lon="6.3814800">
    <ele>682</ele>
   </trkpt>
   <trkpt lat="46.0428900" lon="6.3822200">
    <ele>695</ele>
   </trkpt>
   <trkpt lat="46.0425400" lon="6.3827200">
    <ele>697</ele>
   </trkpt>
   <trkpt lat="46.0423500" lon="6.3829900">
    <ele>700</ele>
   </trkpt>
   <trkpt lat="46.0422500" lon="6.3831200">
    <ele>702</ele>
   </trkpt>
   <trkpt lat="46.0419600" lon="6.3834400">
    <ele>704</ele>
   </trkpt>
   <trkpt lat="46.0414900" lon="6.3838800">
    <ele>713</ele>
   </trkpt>
   <trkpt lat="46.0411100" lon="6.3840500">
    <ele>714</ele>
   </trkpt>
   <trkpt lat="46.0407900" lon="6.3841599">
    <ele>714</ele>
   </trkpt>
   <trkpt lat="46.0403800" lon="6.3842900">
    <ele>718</ele>
   </trkpt>
   <trkpt lat="46.0399699" lon="6.3844500">
    <ele>724</ele>
   </trkpt>
   <trkpt lat="46.0396600" lon="6.3846299">
    <ele>732</ele>
   </trkpt>
   <trkpt lat="46.0391500" lon="6.3848600">
    <ele>740</ele>
   </trkpt>
   <trkpt lat="46.0386700" lon="6.3849600">
    <ele>744</ele>
   </trkpt>
   <trkpt lat="46.0385100" lon="6.3850100">
    <ele>747</ele>
   </trkpt>
   <trkpt lat="46.0382000" lon="6.3852399">
    <ele>756</ele>
   </trkpt>
   <trkpt lat="46.0377300" lon="6.3855600">
    <ele>761</ele>
   </trkpt>
   <trkpt lat="46.0373800" lon="6.3858100">
    <ele>765</ele>
   </trkpt>
   <trkpt lat="46.0372800" lon="6.3859199">
    <ele>765</ele>
   </trkpt>
   <trkpt lat="46.0372400" lon="6.3859800">
    <ele>765</ele>
   </trkpt>
   <trkpt lat="46.0371600" lon="6.3862000">
    <ele>764</ele>
   </trkpt>
   <trkpt lat="46.0371300" lon="6.3863600">
    <ele>764</ele>
   </trkpt>
   <trkpt lat="46.0371200" lon="6.3864400">
    <ele>764</ele>
   </trkpt>
   <trkpt lat="46.0371100" lon="6.3865100">
    <ele>763</ele>
   </trkpt>
   <trkpt lat="46.0369900" lon="6.3865999">
    <ele>760</ele>
   </trkpt>
   <trkpt lat="46.0369000" lon="6.3867300">
    <ele>758</ele>
   </trkpt>
   <trkpt lat="46.0368500" lon="6.3868500">
    <ele>756</ele>
   </trkpt>
   <trkpt lat="46.0368200" lon="6.3870800">
    <ele>756</ele>
   </trkpt>
   <trkpt lat="46.0367700" lon="6.3877300">
    <ele>756</ele>
   </trkpt>
   <trkpt lat="46.0367400" lon="6.3878600">
    <ele>757</ele>
   </trkpt>
   <trkpt lat="46.0366600" lon="6.3880100">
    <ele>755</ele>
   </trkpt>
   <trkpt lat="46.0365300" lon="6.3882300">
    <ele>756</ele>
   </trkpt>
   <trkpt lat="46.0364700" lon="6.3883500">
    <ele>756</ele>
   </trkpt>
   <trkpt lat="46.0363900" lon="6.3884600">
    <ele>757</ele>
   </trkpt>
   <trkpt lat="46.0363200" lon="6.3884700">
    <ele>756</ele>
   </trkpt>
   <trkpt lat="46.0360200" lon="6.3884800">
    <ele>752</ele>
   </trkpt>
   <trkpt lat="46.0357700" lon="6.3885100">
    <ele>749</ele>
   </trkpt>
   <trkpt lat="46.0356000" lon="6.3885600">
    <ele>747</ele>
   </trkpt>
   <trkpt lat="46.0354500" lon="6.3886300">
    <ele>745</ele>
   </trkpt>
   <trkpt lat="46.0353600" lon="6.3886900">
    <ele>745</ele>
   </trkpt>
   <trkpt lat="46.0351900" lon="6.3888800">
    <ele>744</ele>
   </trkpt>
   <trkpt lat="46.0350899" lon="6.3889600">
    <ele>743</ele>
   </trkpt>
   <trkpt lat="46.0349500" lon="6.3890399">
    <ele>742</ele>
   </trkpt>
   <trkpt lat="46.0347800" lon="6.3890800">
    <ele>740</ele>
   </trkpt>
   <trkpt lat="46.0345299" lon="6.3891099">
    <ele>738</ele>
   </trkpt>
   <trkpt lat="46.0344000" lon="6.3891500">
    <ele>738</ele>
   </trkpt>
   <trkpt lat="46.0338100" lon="6.3893600">
    <ele>728</ele>
   </trkpt>
   <trkpt lat="46.0336500" lon="6.3894500">
    <ele>725</ele>
   </trkpt>
   <trkpt lat="46.0335800" lon="6.3895600">
    <ele>727</ele>
   </trkpt>
   <trkpt lat="46.0333700" lon="6.3900600">
    <ele>742</ele>
   </trkpt>
   <trkpt lat="46.0332500" lon="6.3902599">
    <ele>747</ele>
   </trkpt>
   <trkpt lat="46.0330600" lon="6.3903600">
    <ele>745</ele>
   </trkpt>
   <trkpt lat="46.0328600" lon="6.3905000">
    <ele>744</ele>
   </trkpt>
   <trkpt lat="46.0327900" lon="6.3905800">
    <ele>746</ele>
   </trkpt>
   <trkpt lat="46.0326900" lon="6.3906500">
    <ele>746</ele>
   </trkpt>
   <trkpt lat="46.0326100" lon="6.3906800">
    <ele>745</ele>
   </trkpt>
   <trkpt lat="46.0325300" lon="6.3906900">
    <ele>743</ele>
   </trkpt>
   <trkpt lat="46.0323000" lon="6.3906100">
    <ele>728</ele>
   </trkpt>
   <trkpt lat="46.0321100" lon="6.3904600">
    <ele>711</ele>
   </trkpt>
   <trkpt lat="46.0320200" lon="6.3904200">
    <ele>704</ele>
   </trkpt>
   <trkpt lat="46.0319200" lon="6.3904400">
    <ele>701</ele>
   </trkpt>
   <trkpt lat="46.0316000" lon="6.3906800">
    <ele>701</ele>
   </trkpt>
   <trkpt lat="46.0315400" lon="6.3907600">
    <ele>702</ele>
   </trkpt>
   <trkpt lat="46.0314900" lon="6.3908800">
    <ele>705</ele>
   </trkpt>
   <trkpt lat="46.0314700" lon="6.3910200">
    <ele>709</ele>
   </trkpt>
   <trkpt lat="46.0314900" lon="6.3911700">
    <ele>715</ele>
   </trkpt>
   <trkpt lat="46.0315299" lon="6.3913200">
    <ele>723</ele>
   </trkpt>
   <trkpt lat="46.0315500" lon="6.3914500">
    <ele>729</ele>
   </trkpt>
   <trkpt lat="46.0316199" lon="6.3915900">
    <ele>739</ele>
   </trkpt>
   <trkpt lat="46.0317000" lon="6.3917100">
    <ele>747</ele>
   </trkpt>
   <trkpt lat="46.0317300" lon="6.3918200">
    <ele>752</ele>
   </trkpt>
   <trkpt lat="46.0317400" lon="6.3919400">
    <ele>755</ele>
   </trkpt>
   <trkpt lat="46.0317099" lon="6.3920600">
    <ele>755</ele>
   </trkpt>
   <trkpt lat="46.0316400" lon="6.3921800">
    <ele>753</ele>
   </trkpt>
   <trkpt lat="46.0315800" lon="6.3922400">
    <ele>753</ele>
   </trkpt>
   <trkpt lat="46.0315100" lon="6.3923000">
    <ele>752</ele>
   </trkpt>
   <trkpt lat="46.0303900" lon="6.3925000">
    <ele>736</ele>
   </trkpt>
   <trkpt lat="46.0298900" lon="6.3926200">
    <ele>727</ele>
   </trkpt>
   <trkpt lat="46.0297100" lon="6.3927100">
    <ele>719</ele>
   </trkpt>
   <trkpt lat="46.0296800" lon="6.3927800">
    <ele>718</ele>
   </trkpt>
   <trkpt lat="46.0296700" lon="6.3928500">
    <ele>718</ele>
   </trkpt>
   <trkpt lat="46.0297100" lon="6.3930200">
    <ele>723</ele>
   </trkpt>
   <trkpt lat="46.0299400" lon="6.3941800">
    <ele>738</ele>
   </trkpt>
   <trkpt lat="46.0300500" lon="6.3943600">
    <ele>742</ele>
   </trkpt>
   <trkpt lat="46.0301100" lon="6.3945200">
    <ele>744</ele>
   </trkpt>
   <trkpt lat="46.0301400" lon="6.3947600">
    <ele>743</ele>
   </trkpt>
   <trkpt lat="46.0301000" lon="6.3950400">
    <ele>737</ele>
   </trkpt>
   <trkpt lat="46.0300400" lon="6.3953400">
    <ele>734</ele>
   </trkpt>
   <trkpt lat="46.0298299" lon="6.3960500">
    <ele>735</ele>
   </trkpt>
   <trkpt lat="46.0298200" lon="6.3961700">
    <ele>736</ele>
   </trkpt>
   <trkpt lat="46.0297800" lon="6.3963100">
    <ele>737</ele>
   </trkpt>
   <trkpt lat="46.0297200" lon="6.3963900">
    <ele>739</ele>
   </trkpt>
   <trkpt lat="46.0296600" lon="6.3964200">
    <ele>740</ele>
   </trkpt>
   <trkpt lat="46.0295700" lon="6.3964000">
    <ele>741</ele>
   </trkpt>
   <trkpt lat="46.0294800" lon="6.3963300">
    <ele>740</ele>
   </trkpt>
   <trkpt lat="46.0290300" lon="6.3953800">
    <ele>717</ele>
   </trkpt>
   <trkpt lat="46.0286199" lon="6.3948900">
    <ele>715</ele>
   </trkpt>
   <trkpt lat="46.0280400" lon="6.3944700">
    <ele>713</ele>
   </trkpt>
   <trkpt lat="46.0268600" lon="6.3945800">
    <ele>715</ele>
   </trkpt>
   <trkpt lat="46.0266400" lon="6.3945900">
    <ele>713</ele>
   </trkpt>
   <trkpt lat="46.0261700" lon="6.3947200">
    <ele>713</ele>
   </trkpt>
   <trkpt lat="46.0257000" lon="6.3950200">
    <ele>716</ele>
   </trkpt>
   <trkpt lat="46.0253200" lon="6.3951600">
    <ele>713</ele>
   </trkpt>
   <trkpt lat="46.0250400" lon="6.3952600">
    <ele>711</ele>
   </trkpt>
   <trkpt lat="46.0249600" lon="6.3953100">
    <ele>710</ele>
   </trkpt>
   <trkpt lat="46.0249100" lon="6.3953700">
    <ele>710</ele>
   </trkpt>
   <trkpt lat="46.0248900" lon="6.3954300">
    <ele>710</ele>
   </trkpt>
   <trkpt lat="46.0247800" lon="6.3960600">
    <ele>719</ele>
   </trkpt>
   <trkpt lat="46.0247500" lon="6.3961300">
    <ele>720</ele>
   </trkpt>
   <trkpt lat="46.0247300" lon="6.3961400">
    <ele>721</ele>
   </trkpt>
   <trkpt lat="46.0246500" lon="6.3961600">
    <ele>721</ele>
   </trkpt>
   <trkpt lat="46.0245500" lon="6.3960700">
    <ele>718</ele>
   </trkpt>
   <trkpt lat="46.0243600" lon="6.3958400">
    <ele>712</ele>
   </trkpt>
   <trkpt lat="46.0241700" lon="6.3956600">
    <ele>705</ele>
   </trkpt>
   <trkpt lat="46.0241000" lon="6.3955900">
    <ele>703</ele>
   </trkpt>
   <trkpt lat="46.0239800" lon="6.3955300">
    <ele>702</ele>
   </trkpt>
   <trkpt lat="46.0239000" lon="6.3955300">
    <ele>701</ele>
   </trkpt>
   <trkpt lat="46.0237500" lon="6.3955900">
    <ele>703</ele>
   </trkpt>
   <trkpt lat="46.0236900" lon="6.3956300">
    <ele>704</ele>
   </trkpt>
   <trkpt lat="46.0235399" lon="6.3958300">
    <ele>709</ele>
   </trkpt>
   <trkpt lat="46.0235000" lon="6.3958700">
    <ele>710</ele>
   </trkpt>
   <trkpt lat="46.0233900" lon="6.3959000">
    <ele>711</ele>
   </trkpt>
   <trkpt lat="46.0231000" lon="6.3958600">
    <ele>707</ele>
   </trkpt>
   <trkpt lat="46.0230600" lon="6.3958700">
    <ele>707</ele>
   </trkpt>
   <trkpt lat="46.0229000" lon="6.3959300">
    <ele>707</ele>
   </trkpt>
   <trkpt lat="46.0226800" lon="6.3960500">
    <ele>707</ele>
   </trkpt>
   <trkpt lat="46.0226100" lon="6.3961000">
    <ele>707</ele>
   </trkpt>
   <trkpt lat="46.0224400" lon="6.3963000">
    <ele>708</ele>
   </trkpt>
   <trkpt lat="46.0223100" lon="6.3965000">
    <ele>709</ele>
   </trkpt>
   <trkpt lat="46.0222300" lon="6.3965900">
    <ele>709</ele>
   </trkpt>
   <trkpt lat="46.0221200" lon="6.3966800">
    <ele>708</ele>
   </trkpt>
   <trkpt lat="46.0219600" lon="6.3967900">
    <ele>706</ele>
   </trkpt>
   <trkpt lat="46.0218400" lon="6.3969300">
    <ele>707</ele>
   </trkpt>
   <trkpt lat="46.0218100" lon="6.3969699">
    <ele>708</ele>
   </trkpt>
   <trkpt lat="46.0217699" lon="6.3970900">
    <ele>710</ele>
   </trkpt>
   <trkpt lat="46.0217300" lon="6.3972900">
    <ele>714</ele>
   </trkpt>
   <trkpt lat="46.0216900" lon="6.3973900">
    <ele>716</ele>
   </trkpt>
   <trkpt lat="46.0216100" lon="6.3974800">
    <ele>719</ele>
   </trkpt>
   <trkpt lat="46.0214799" lon="6.3975300">
    <ele>722</ele>
   </trkpt>
   <trkpt lat="46.0213700" lon="6.3975500">
    <ele>724</ele>
   </trkpt>
   <trkpt lat="46.0212600" lon="6.3975099">
    <ele>724</ele>
   </trkpt>
   <trkpt lat="46.0211800" lon="6.3974399">
    <ele>723</ele>
   </trkpt>
   <trkpt lat="46.0211400" lon="6.3973500">
    <ele>721</ele>
   </trkpt>
   <trkpt lat="46.0211400" lon="6.3972500">
    <ele>718</ele>
   </trkpt>
   <trkpt lat="46.0211600" lon="6.3970700">
    <ele>713</ele>
   </trkpt>
   <trkpt lat="46.0210500" lon="6.3970000">
    <ele>712</ele>
   </trkpt>
   <trkpt lat="46.0206000" lon="6.3966100">
    <ele>707</ele>
   </trkpt>
   <trkpt lat="46.0201900" lon="6.3963000">
    <ele>709</ele>
   </trkpt>
   <trkpt lat="46.0200800" lon="6.3962500">
    <ele>710</ele>
   </trkpt>
   <trkpt lat="46.0198899" lon="6.3962000">
    <ele>710</ele>
   </trkpt>
   <trkpt lat="46.0197500" lon="6.3962000">
    <ele>709</ele>
   </trkpt>
   <trkpt lat="46.0196600" lon="6.3962100">
    <ele>708</ele>
   </trkpt>
   <trkpt lat="46.0195200" lon="6.3962800">
    <ele>708</ele>
   </trkpt>
   <trkpt lat="46.0194000" lon="6.3963700">
    <ele>708</ele>
   </trkpt>
   <trkpt lat="46.0193500" lon="6.3964500">
    <ele>709</ele>
   </trkpt>
   <trkpt lat="46.0193000" lon="6.3965700">
    <ele>710</ele>
   </trkpt>
   <trkpt lat="46.0192200" lon="6.3968200">
    <ele>715</ele>
   </trkpt>
   <trkpt lat="46.0191500" lon="6.3969200">
    <ele>717</ele>
   </trkpt>
   <trkpt lat="46.0190700" lon="6.3969900">
    <ele>718</ele>
   </trkpt>
   <trkpt lat="46.0190000" lon="6.3970200">
    <ele>719</ele>
   </trkpt>
   <trkpt lat="46.0189200" lon="6.3970300">
    <ele>720</ele>
   </trkpt>
   <trkpt lat="46.0188100" lon="6.3969900">
    <ele>719</ele>
   </trkpt>
   <trkpt lat="46.0183000" lon="6.3966900">
    <ele>714</ele>
   </trkpt>
   <trkpt lat="46.0181300" lon="6.3966000">
    <ele>713</ele>
   </trkpt>
   <trkpt lat="46.0179600" lon="6.3965400">
    <ele>713</ele>
   </trkpt>
   <trkpt lat="46.0174300" lon="6.3964400">
    <ele>714</ele>
   </trkpt>
   <trkpt lat="46.0172900" lon="6.3964200">
    <ele>715</ele>
   </trkpt>
   <trkpt lat="46.0170000" lon="6.3963300">
    <ele>716</ele>
   </trkpt>
   <trkpt lat="46.0163300" lon="6.3960200">
    <ele>716</ele>
   </trkpt>
   <trkpt lat="46.0161800" lon="6.3959700">
    <ele>717</ele>
   </trkpt>
   <trkpt lat="46.0160700" lon="6.3959500">
    <ele>717</ele>
   </trkpt>
   <trkpt lat="46.0159600" lon="6.3959400">
    <ele>718</ele>
   </trkpt>
   <trkpt lat="46.0157800" lon="6.3959500">
    <ele>719</ele>
   </trkpt>
   <trkpt lat="46.0156800" lon="6.3959800">
    <ele>719</ele>
   </trkpt>
   <trkpt lat="46.0154500" lon="6.3960400">
    <ele>719</ele>
   </trkpt>
   <trkpt lat="46.0151899" lon="6.3961300">
    <ele>719</ele>
   </trkpt>
   <trkpt lat="46.0146200" lon="6.3962800">
    <ele>717</ele>
   </trkpt>
   <trkpt lat="46.0139300" lon="6.3964400">
    <ele>715</ele>
   </trkpt>
   <trkpt lat="46.0135900" lon="6.3965000">
    <ele>715</ele>
   </trkpt>
   <trkpt lat="46.0134700" lon="6.3965100">
    <ele>715</ele>
   </trkpt>
   <trkpt lat="46.0133700" lon="6.3965000">
    <ele>715</ele>
   </trkpt>
   <trkpt lat="46.0125400" lon="6.3961300">
    <ele>714</ele>
   </trkpt>
   <trkpt lat="46.0120500" lon="6.3959200">
    <ele>715</ele>
   </trkpt>
   <trkpt lat="46.0119600" lon="6.3958700">
    <ele>715</ele>
   </trkpt>
   <trkpt lat="46.0118300" lon="6.3958300">
    <ele>716</ele>
   </trkpt>
   <trkpt lat="46.0117199" lon="6.3958199">
    <ele>717</ele>
   </trkpt>
   <trkpt lat="46.0116200" lon="6.3958199">
    <ele>718</ele>
   </trkpt>
   <trkpt lat="46.0115200" lon="6.3958400">
    <ele>718</ele>
   </trkpt>
   <trkpt lat="46.0114600" lon="6.3958700">
    <ele>718</ele>
   </trkpt>
   <trkpt lat="46.0113900" lon="6.3959100">
    <ele>719</ele>
   </trkpt>
   <trkpt lat="46.0113000" lon="6.3959900">
    <ele>719</ele>
   </trkpt>
   <trkpt lat="46.0108000" lon="6.3965100">
    <ele>723</ele>
   </trkpt>
   <trkpt lat="46.0106800" lon="6.3966200">
    <ele>724</ele>
   </trkpt>
   <trkpt lat="46.0104900" lon="6.3967599">
    <ele>725</ele>
   </trkpt>
   <trkpt lat="46.0104000" lon="6.3968000">
    <ele>725</ele>
   </trkpt>
   <trkpt lat="46.0101700" lon="6.3968700">
    <ele>725</ele>
   </trkpt>
   <trkpt lat="46.0100399" lon="6.3968800">
    <ele>724</ele>
   </trkpt>
   <trkpt lat="46.0098700" lon="6.3968800">
    <ele>724</ele>
   </trkpt>
   <trkpt lat="46.0097000" lon="6.3968600">
    <ele>723</ele>
   </trkpt>
   <trkpt lat="46.0085800" lon="6.3967700">
    <ele>721</ele>
   </trkpt>
   <trkpt lat="46.0079000" lon="6.3967300">
    <ele>722</ele>
   </trkpt>
   <trkpt lat="46.0077500" lon="6.3967300">
    <ele>722</ele>
   </trkpt>
   <trkpt lat="46.0060500" lon="6.3969300">
    <ele>719</ele>
   </trkpt>
   <trkpt lat="46.0056100" lon="6.3970000">
    <ele>719</ele>
   </trkpt>
   <trkpt lat="46.0055500" lon="6.3970100">
    <ele>719</ele>
   </trkpt>
   <trkpt lat="46.0054299" lon="6.3970600">
    <ele>719</ele>
   </trkpt>
   <trkpt lat="46.0053500" lon="6.3971200">
    <ele>719</ele>
   </trkpt>
   <trkpt lat="46.0052200" lon="6.3972400">
    <ele>720</ele>
   </trkpt>
   <trkpt lat="46.0051400" lon="6.3973400">
    <ele>721</ele>
   </trkpt>
   <trkpt lat="46.0050400" lon="6.3974500">
    <ele>722</ele>
   </trkpt>
   <trkpt lat="46.0049800" lon="6.3975000">
    <ele>722</ele>
   </trkpt>
   <trkpt lat="46.0048800" lon="6.3975500">
    <ele>723</ele>
   </trkpt>
   <trkpt lat="46.0047900" lon="6.3975600">
    <ele>723</ele>
   </trkpt>
   <trkpt lat="46.0046400" lon="6.3975500">
    <ele>723</ele>
   </trkpt>
   <trkpt lat="46.0046100" lon="6.3975400">
    <ele>723</ele>
   </trkpt>
   <trkpt lat="46.0044700" lon="6.3975000">
    <ele>723</ele>
   </trkpt>
   <trkpt lat="46.0043000" lon="6.3974200">
    <ele>722</ele>
   </trkpt>
   <trkpt lat="46.0041300" lon="6.3973300">
    <ele>723</ele>
   </trkpt>
   <trkpt lat="46.0039000" lon="6.3972100">
    <ele>724</ele>
   </trkpt>
   <trkpt lat="46.0036200" lon="6.3970500">
    <ele>725</ele>
   </trkpt>
   <trkpt lat="46.0035900" lon="6.3970399">
    <ele>725</ele>
   </trkpt>
   <trkpt lat="46.0033200" lon="6.3969200">
    <ele>726</ele>
   </trkpt>
   <trkpt lat="46.0031600" lon="6.3968100">
    <ele>726</ele>
   </trkpt>
   <trkpt lat="46.0030100" lon="6.3966900">
    <ele>726</ele>
   </trkpt>
   <trkpt lat="46.0028800" lon="6.3966000">
    <ele>726</ele>
   </trkpt>
   <trkpt lat="46.0024700" lon="6.3964000">
    <ele>726</ele>
   </trkpt>
   <trkpt lat="46.0023200" lon="6.3963300">
    <ele>726</ele>
   </trkpt>
   <trkpt lat="46.0020100" lon="6.3962199">
    <ele>727</ele>
   </trkpt>
   <trkpt lat="46.0017600" lon="6.3961800">
    <ele>728</ele>
   </trkpt>
   <trkpt lat="46.0014600" lon="6.3961800">
    <ele>730</ele>
   </trkpt>
   <trkpt lat="46.0011900" lon="6.3962000">
    <ele>732</ele>
   </trkpt>
   <trkpt lat="46.0010600" lon="6.3962000">
    <ele>733</ele>
   </trkpt>
   <trkpt lat="46.0009700" lon="6.3961900">
    <ele>734</ele>
   </trkpt>
   <trkpt lat="46.0006500" lon="6.3960400">
    <ele>736</ele>
   </trkpt>
   <trkpt lat="46.0006000" lon="6.3960000">
    <ele>736</ele>
   </trkpt>
   <trkpt lat="46.0005000" lon="6.3959200">
    <ele>736</ele>
   </trkpt>
   <trkpt lat="46.0003900" lon="6.3957900">
    <ele>736</ele>
   </trkpt>
   <trkpt lat="46.0002600" lon="6.3956400">
    <ele>736</ele>
   </trkpt>
   <trkpt lat="45.9999899" lon="6.3952500">
    <ele>737</ele>
   </trkpt>
   <trkpt lat="45.9998000" lon="6.3949299">
    <ele>737</ele>
   </trkpt>
   <trkpt lat="45.9997500" lon="6.3948600">
    <ele>736</ele>
   </trkpt>
   <trkpt lat="45.9997000" lon="6.3948000">
    <ele>736</ele>
   </trkpt>
   <trkpt lat="45.9995199" lon="6.3946500">
    <ele>735</ele>
   </trkpt>
   <trkpt lat="45.9994000" lon="6.3945500">
    <ele>734</ele>
   </trkpt>
   <trkpt lat="45.9992800" lon="6.3945100">
    <ele>733</ele>
   </trkpt>
   <trkpt lat="45.9992200" lon="6.3944900">
    <ele>733</ele>
   </trkpt>
   <trkpt lat="45.9989100" lon="6.3944800">
    <ele>735</ele>
   </trkpt>
   <trkpt lat="45.9982500" lon="6.3945100">
    <ele>740</ele>
   </trkpt>
   <trkpt lat="45.9978100" lon="6.3945200">
    <ele>742</ele>
   </trkpt>
   <trkpt lat="45.9975400" lon="6.3945000">
    <ele>743</ele>
   </trkpt>
   <trkpt lat="45.9973100" lon="6.3944800">
    <ele>744</ele>
   </trkpt>
   <trkpt lat="45.9966000" lon="6.3943600">
    <ele>745</ele>
   </trkpt>
   <trkpt lat="45.9961700" lon="6.3943199">
    <ele>744</ele>
   </trkpt>
   <trkpt lat="45.9959400" lon="6.3943199">
    <ele>744</ele>
   </trkpt>
   <trkpt lat="45.9956699" lon="6.3943600">
    <ele>745</ele>
   </trkpt>
   <trkpt lat="45.9951000" lon="6.3944800">
    <ele>749</ele>
   </trkpt>
   <trkpt lat="45.9949600" lon="6.3944900">
    <ele>750</ele>
   </trkpt>
   <trkpt lat="45.9948200" lon="6.3945000">
    <ele>751</ele>
   </trkpt>
   <trkpt lat="45.9946399" lon="6.3944700">
    <ele>753</ele>
   </trkpt>
   <trkpt lat="45.9943900" lon="6.3944200">
    <ele>755</ele>
   </trkpt>
   <trkpt lat="45.9940799" lon="6.3943199">
    <ele>757</ele>
   </trkpt>
   <trkpt lat="45.9939200" lon="6.3942500">
    <ele>758</ele>
   </trkpt>
   <trkpt lat="45.9931500" lon="6.3937799">
    <ele>754</ele>
   </trkpt>
   <trkpt lat="45.9928600" lon="6.3936100">
    <ele>751</ele>
   </trkpt>
   <trkpt lat="45.9926900" lon="6.3935300">
    <ele>750</ele>
   </trkpt>
   <trkpt lat="45.9919600" lon="6.3931900">
    <ele>738</ele>
   </trkpt>
   <trkpt lat="45.9918900" lon="6.3931900">
    <ele>738</ele>
   </trkpt>
   <trkpt lat="45.9918300" lon="6.3932100">
    <ele>739</ele>
   </trkpt>
   <trkpt lat="45.9917800" lon="6.3932399">
    <ele>740</ele>
   </trkpt>
   <trkpt lat="45.9917000" lon="6.3933200">
    <ele>743</ele>
   </trkpt>
   <trkpt lat="45.9916700" lon="6.3933700">
    <ele>745</ele>
   </trkpt>
   <trkpt lat="45.9915499" lon="6.3936600">
    <ele>756</ele>
   </trkpt>
   <trkpt lat="45.9915100" lon="6.3937200">
    <ele>758</ele>
   </trkpt>
   <trkpt lat="45.9914599" lon="6.3937799">
    <ele>760</ele>
   </trkpt>
   <trkpt lat="45.9914200" lon="6.3938000">
    <ele>760</ele>
   </trkpt>
   <trkpt lat="45.9913700" lon="6.3938300">
    <ele>761</ele>
   </trkpt>
   <trkpt lat="45.9912800" lon="6.3938300">
    <ele>760</ele>
   </trkpt>
   <trkpt lat="45.9908300" lon="6.3937000">
    <ele>748</ele>
   </trkpt>
   <trkpt lat="45.9907800" lon="6.3936900">
    <ele>748</ele>
   </trkpt>
   <trkpt lat="45.9906800" lon="6.3937099">
    <ele>749</ele>
   </trkpt>
   <trkpt lat="45.9904300" lon="6.3938100">
    <ele>753</ele>
   </trkpt>
   <trkpt lat="45.9903300" lon="6.3938200">
    <ele>754</ele>
   </trkpt>
   <trkpt lat="45.9902700" lon="6.3938000">
    <ele>753</ele>
   </trkpt>
   <trkpt lat="45.9901900" lon="6.3937500">
    <ele>750</ele>
   </trkpt>
   <trkpt lat="45.9901300" lon="6.3937000">
    <ele>748</ele>
   </trkpt>
   <trkpt lat="45.9898900" lon="6.3934300">
    <ele>738</ele>
   </trkpt>
   <trkpt lat="45.9898300" lon="6.3933799">
    <ele>736</ele>
   </trkpt>
   <trkpt lat="45.9897900" lon="6.3933600">
    <ele>736</ele>
   </trkpt>
   <trkpt lat="45.9897599" lon="6.3933500">
    <ele>736</ele>
   </trkpt>
   <trkpt lat="45.9896800" lon="6.3933600">
    <ele>737</ele>
   </trkpt>
   <trkpt lat="45.9896200" lon="6.3933700">
    <ele>738</ele>
   </trkpt>
   <trkpt lat="45.9894700" lon="6.3934600">
    <ele>743</ele>
   </trkpt>
   <trkpt lat="45.9893400" lon="6.3934900">
    <ele>745</ele>
   </trkpt>
   <trkpt lat="45.9892500" lon="6.3934800">
    <ele>745</ele>
   </trkpt>
   <trkpt lat="45.9891500" lon="6.3934400">
    <ele>744</ele>
   </trkpt>
   <trkpt lat="45.9889100" lon="6.3933099">
    <ele>741</ele>
   </trkpt>
   <trkpt lat="45.9888500" lon="6.3932600">
    <ele>740</ele>
   </trkpt>
   <trkpt lat="45.9887500" lon="6.3931600">
    <ele>738</ele>
   </trkpt>
   <trkpt lat="45.9880200" lon="6.3923500">
    <ele>738</ele>
   </trkpt>
   <trkpt lat="45.9879500" lon="6.3922500">
    <ele>739</ele>
   </trkpt>
   <trkpt lat="45.9878700" lon="6.3921000">
    <ele>739</ele>
   </trkpt>
   <trkpt lat="45.9877500" lon="6.3918700">
    <ele>737</ele>
   </trkpt>
   <trkpt lat="45.9876700" lon="6.3917200">
    <ele>735</ele>
   </trkpt>
   <trkpt lat="45.9875300" lon="6.3915400">
    <ele>734</ele>
   </trkpt>
   <trkpt lat="45.9874400" lon="6.3914500">
    <ele>735</ele>
   </trkpt>
   <trkpt lat="45.9873000" lon="6.3913399">
    <ele>737</ele>
   </trkpt>
   <trkpt lat="45.9870000" lon="6.3911100">
    <ele>738</ele>
   </trkpt>
   <trkpt lat="45.9865900" lon="6.3907700">
    <ele>738</ele>
   </trkpt>
   <trkpt lat="45.9863200" lon="6.3905200">
    <ele>743</ele>
   </trkpt>
   <trkpt lat="45.9861400" lon="6.3903100">
    <ele>742</ele>
   </trkpt>
   <trkpt lat="45.9857400" lon="6.3898000">
    <ele>739</ele>
   </trkpt>
   <trkpt lat="45.9849800" lon="6.3887900">
    <ele>740</ele>
   </trkpt>
   <trkpt lat="45.9848000" lon="6.3884900">
    <ele>739</ele>
   </trkpt>
   <trkpt lat="45.9846300" lon="6.3881900">
    <ele>738</ele>
   </trkpt>
   <trkpt lat="45.9844000" lon="6.3878800">
    <ele>737</ele>
   </trkpt>
   <trkpt lat="45.9841600" lon="6.3877100">
    <ele>736</ele>
   </trkpt>
   <trkpt lat="45.9840200" lon="6.3876600">
    <ele>736</ele>
   </trkpt>
   <trkpt lat="45.9833799" lon="6.3875700">
    <ele>737</ele>
   </trkpt>
   <trkpt lat="45.9826200" lon="6.3873000">
    <ele>740</ele>
   </trkpt>
   <trkpt lat="45.9824200" lon="6.3872700">
    <ele>740</ele>
   </trkpt>
   <trkpt lat="45.9822599" lon="6.3872799">
    <ele>740</ele>
   </trkpt>
   <trkpt lat="45.9817200" lon="6.3873800">
    <ele>740</ele>
   </trkpt>
   <trkpt lat="45.9815800" lon="6.3874000">
    <ele>740</ele>
   </trkpt>
   <trkpt lat="45.9812200" lon="6.3874300">
    <ele>739</ele>
   </trkpt>
   <trkpt lat="45.9808700" lon="6.3874200">
    <ele>739</ele>
   </trkpt>
   <trkpt lat="45.9801200" lon="6.3873600">
    <ele>742</ele>
   </trkpt>
   <trkpt lat="45.9791700" lon="6.3871900">
    <ele>744</ele>
   </trkpt>
   <trkpt lat="45.9788200" lon="6.3871399">
    <ele>745</ele>
   </trkpt>
   <trkpt lat="45.9782800" lon="6.3870699">
    <ele>746</ele>
   </trkpt>
   <trkpt lat="45.9775100" lon="6.3872900">
    <ele>753</ele>
   </trkpt>
   <trkpt lat="45.9770100" lon="6.3870300">
    <ele>750</ele>
   </trkpt>
   <trkpt lat="45.9756100" lon="6.3867500">
    <ele>747</ele>
   </trkpt>
   <trkpt lat="45.9750000" lon="6.3866400">
    <ele>748</ele>
   </trkpt>
   <trkpt lat="45.9748000" lon="6.3865500">
    <ele>750</ele>
   </trkpt>
   <trkpt lat="45.9747600" lon="6.3865400">
    <ele>750</ele>
   </trkpt>
   <trkpt lat="45.9746700" lon="6.3864599">
    <ele>751</ele>
   </trkpt>
   <trkpt lat="45.9746499" lon="6.3864400">
    <ele>751</ele>
   </trkpt>
   <trkpt lat="45.9745800" lon="6.3863800">
    <ele>752</ele>
   </trkpt>
   <trkpt lat="45.9742900" lon="6.3858400">
    <ele>755</ele>
   </trkpt>
   <trkpt lat="45.9738900" lon="6.3852500">
    <ele>761</ele>
   </trkpt>
   <trkpt lat="45.9732600" lon="6.3843800">
    <ele>763</ele>
   </trkpt>
   <trkpt lat="45.9731600" lon="6.3843300">
    <ele>763</ele>
   </trkpt>
   <trkpt lat="45.9730500" lon="6.3842800">
    <ele>762</ele>
   </trkpt>
   <trkpt lat="45.9729500" lon="6.3842900">
    <ele>760</ele>
   </trkpt>
   <trkpt lat="45.9720299" lon="6.3846200">
    <ele>759</ele>
   </trkpt>
   <trkpt lat="45.9713600" lon="6.3848100">
    <ele>759</ele>
   </trkpt>
   <trkpt lat="45.9708400" lon="6.3849300">
    <ele>757</ele>
   </trkpt>
   <trkpt lat="45.9706900" lon="6.3849300">
    <ele>756</ele>
   </trkpt>
   <trkpt lat="45.9705500" lon="6.3848800">
    <ele>756</ele>
   </trkpt>
   <trkpt lat="45.9704000" lon="6.3848000">
    <ele>755</ele>
   </trkpt>
   <trkpt lat="45.9699300" lon="6.3845200">
    <ele>753</ele>
   </trkpt>
   <trkpt lat="45.9698300" lon="6.3844600">
    <ele>753</ele>
   </trkpt>
   <trkpt lat="45.9696400" lon="6.3844100">
    <ele>754</ele>
   </trkpt>
   <trkpt lat="45.9695600" lon="6.3844100">
    <ele>754</ele>
   </trkpt>
   <trkpt lat="45.9693900" lon="6.3844500">
    <ele>754</ele>
   </trkpt>
   <trkpt lat="45.9685000" lon="6.3848700">
    <ele>757</ele>
   </trkpt>
   <trkpt lat="45.9676199" lon="6.3853000">
    <ele>763</ele>
   </trkpt>
   <trkpt lat="45.9674800" lon="6.3853500">
    <ele>764</ele>
   </trkpt>
   <trkpt lat="45.9673600" lon="6.3853700">
    <ele>764</ele>
   </trkpt>
   <trkpt lat="45.9671600" lon="6.3853700">
    <ele>764</ele>
   </trkpt>
   <trkpt lat="45.9664700" lon="6.3853099">
    <ele>763</ele>
   </trkpt>
   <trkpt lat="45.9663200" lon="6.3853099">
    <ele>762</ele>
   </trkpt>
   <trkpt lat="45.9660700" lon="6.3853400">
    <ele>762</ele>
   </trkpt>
   <trkpt lat="45.9658000" lon="6.3854000">
    <ele>762</ele>
   </trkpt>
   <trkpt lat="45.9656400" lon="6.3854600">
    <ele>763</ele>
   </trkpt>
   <trkpt lat="45.9643400" lon="6.3861600">
    <ele>770</ele>
   </trkpt>
   <trkpt lat="45.9641900" lon="6.3862100">
    <ele>771</ele>
   </trkpt>
   <trkpt lat="45.9640400" lon="6.3862200">
    <ele>771</ele>
   </trkpt>
   <trkpt lat="45.9638700" lon="6.3861900">
    <ele>772</ele>
   </trkpt>
   <trkpt lat="45.9634400" lon="6.3859899">
    <ele>770</ele>
   </trkpt>
   <trkpt lat="45.9632500" lon="6.3859400">
    <ele>769</ele>
   </trkpt>
   <trkpt lat="45.9631100" lon="6.3859100">
    <ele>768</ele>
   </trkpt>
   <trkpt lat="45.9626300" lon="6.3858600">
    <ele>766</ele>
   </trkpt>
   <trkpt lat="45.9624700" lon="6.3858600">
    <ele>766</ele>
   </trkpt>
   <trkpt lat="45.9623300" lon="6.3858700">
    <ele>766</ele>
   </trkpt>
   <trkpt lat="45.9620900" lon="6.3860000">
    <ele>768</ele>
   </trkpt>
   <trkpt lat="45.9617400" lon="6.3861800">
    <ele>770</ele>
   </trkpt>
   <trkpt lat="45.9608599" lon="6.3867500">
    <ele>773</ele>
   </trkpt>
   <trkpt lat="45.9603100" lon="6.3870600">
    <ele>775</ele>
   </trkpt>
   <trkpt lat="45.9602700" lon="6.3870800">
    <ele>775</ele>
   </trkpt>
   <trkpt lat="45.9598500" lon="6.3873300">
    <ele>775</ele>
   </trkpt>
   <trkpt lat="45.9598299" lon="6.3873000">
    <ele>775</ele>
   </trkpt>
   <trkpt lat="45.9598100" lon="6.3872900">
    <ele>775</ele>
   </trkpt>
   <trkpt lat="45.9597800" lon="6.3872799">
    <ele>775</ele>
   </trkpt>
   <trkpt lat="45.9597600" lon="6.3872900">
    <ele>775</ele>
   </trkpt>
   <trkpt lat="45.9597399" lon="6.3873100">
    <ele>775</ele>
   </trkpt>
   <trkpt lat="45.9597200" lon="6.3873400">
    <ele>775</ele>
   </trkpt>
   <trkpt lat="45.9597100" lon="6.3873700">
    <ele>776</ele>
   </trkpt>
   <trkpt lat="45.9597100" lon="6.3874100">
    <ele>776</ele>
   </trkpt>
   <trkpt lat="45.9597200" lon="6.3874500">
    <ele>776</ele>
   </trkpt>
   <trkpt lat="45.9595900" lon="6.3875000">
    <ele>776</ele>
   </trkpt>
   <trkpt lat="45.9593000" lon="6.3875800">
    <ele>777</ele>
   </trkpt>
   <trkpt lat="45.9587800" lon="6.3877200">
    <ele>777</ele>
   </trkpt>
   <trkpt lat="45.9582500" lon="6.3878800">
    <ele>779</ele>
   </trkpt>
   <trkpt lat="45.9579499" lon="6.3879500">
    <ele>780</ele>
   </trkpt>
   <trkpt lat="45.9576000" lon="6.3880200">
    <ele>780</ele>
   </trkpt>
   <trkpt lat="45.9571100" lon="6.3881200">
    <ele>781</ele>
   </trkpt>
   <trkpt lat="45.9568800" lon="6.3881900">
    <ele>781</ele>
   </trkpt>
   <trkpt lat="45.9565100" lon="6.3883500">
    <ele>782</ele>
   </trkpt>
   <trkpt lat="45.9559100" lon="6.3886700">
    <ele>785</ele>
   </trkpt>
   <trkpt lat="45.9555300" lon="6.3889699">
    <ele>787</ele>
   </trkpt>
   <trkpt lat="45.9549499" lon="6.3897300">
    <ele>787</ele>
   </trkpt>
   <trkpt lat="45.9547800" lon="6.3899100">
    <ele>787</ele>
   </trkpt>
   <trkpt lat="45.9545800" lon="6.3900499">
    <ele>787</ele>
   </trkpt>
   <trkpt lat="45.9544400" lon="6.3901100">
    <ele>787</ele>
   </trkpt>
   <trkpt lat="45.9542500" lon="6.3901500">
    <ele>787</ele>
   </trkpt>
   <trkpt lat="45.9534400" lon="6.3901700">
    <ele>790</ele>
   </trkpt>
   <trkpt lat="45.9534000" lon="6.3901899">
    <ele>790</ele>
   </trkpt>
   <trkpt lat="45.9532000" lon="6.3902700">
    <ele>792</ele>
   </trkpt>
   <trkpt lat="45.9530300" lon="6.3904200">
    <ele>794</ele>
   </trkpt>
   <trkpt lat="45.9528400" lon="6.3906599">
    <ele>794</ele>
   </trkpt>
   <trkpt lat="45.9528100" lon="6.3907000">
    <ele>794</ele>
   </trkpt>
   <trkpt lat="45.9526100" lon="6.3910500">
    <ele>793</ele>
   </trkpt>
   <trkpt lat="45.9512000" lon="6.3937300">
    <ele>801</ele>
   </trkpt>
   <trkpt lat="45.9507500" lon="6.3945800">
    <ele>803</ele>
   </trkpt>
   <trkpt lat="45.9504700" lon="6.3952099">
    <ele>807</ele>
   </trkpt>
   <trkpt lat="45.9502800" lon="6.3957200">
    <ele>810</ele>
   </trkpt>
   <trkpt lat="45.9501200" lon="6.3962899">
    <ele>817</ele>
   </trkpt>
   <trkpt lat="45.9500699" lon="6.3964299">
    <ele>818</ele>
   </trkpt>
   <trkpt lat="45.9499900" lon="6.3965900">
    <ele>819</ele>
   </trkpt>
   <trkpt lat="45.9498400" lon="6.3967900">
    <ele>819</ele>
   </trkpt>
   <trkpt lat="45.9497400" lon="6.3968800">
    <ele>818</ele>
   </trkpt>
   <trkpt lat="45.9487900" lon="6.3976900">
    <ele>809</ele>
   </trkpt>
   <trkpt lat="45.9483900" lon="6.3981500">
    <ele>806</ele>
   </trkpt>
   <trkpt lat="45.9467000" lon="6.4004600">
    <ele>819</ele>
   </trkpt>
   <trkpt lat="45.9465100" lon="6.4006800">
    <ele>821</ele>
   </trkpt>
   <trkpt lat="45.9463600" lon="6.4008200">
    <ele>821</ele>
   </trkpt>
   <trkpt lat="45.9456900" lon="6.4014100">
    <ele>829</ele>
   </trkpt>
   <trkpt lat="45.9450600" lon="6.4019600">
    <ele>833</ele>
   </trkpt>
   <trkpt lat="45.9445100" lon="6.4023899">
    <ele>837</ele>
   </trkpt>
   <trkpt lat="45.9439900" lon="6.4027900">
    <ele>848</ele>
   </trkpt>
   <trkpt lat="45.9437799" lon="6.4028800">
    <ele>851</ele>
   </trkpt>
   <trkpt lat="45.9435000" lon="6.4029900">
    <ele>853</ele>
   </trkpt>
   <trkpt lat="45.9431900" lon="6.4030600">
    <ele>855</ele>
   </trkpt>
   <trkpt lat="45.9430000" lon="6.4030800">
    <ele>857</ele>
   </trkpt>
   <trkpt lat="45.9428500" lon="6.4030800">
    <ele>859</ele>
   </trkpt>
   <trkpt lat="45.9427000" lon="6.4030600">
    <ele>860</ele>
   </trkpt>
   <trkpt lat="45.9421200" lon="6.4029600">
    <ele>858</ele>
   </trkpt>
   <trkpt lat="45.9418700" lon="6.4029000">
    <ele>856</ele>
   </trkpt>
   <trkpt lat="45.9417100" lon="6.4028600">
    <ele>854</ele>
   </trkpt>
   <trkpt lat="45.9413000" lon="6.4027800">
    <ele>858</ele>
   </trkpt>
   <trkpt lat="45.9411600" lon="6.4027200">
    <ele>858</ele>
   </trkpt>
   <trkpt lat="45.9410900" lon="6.4026700">
    <ele>856</ele>
   </trkpt>
   <trkpt lat="45.9410000" lon="6.4025800">
    <ele>852</ele>
   </trkpt>
   <trkpt lat="45.9407700" lon="6.4022900">
    <ele>854</ele>
   </trkpt>
   <trkpt lat="45.9407000" lon="6.4022200">
    <ele>855</ele>
   </trkpt>
   <trkpt lat="45.9406400" lon="6.4021700">
    <ele>856</ele>
   </trkpt>
   <trkpt lat="45.9405600" lon="6.4021400">
    <ele>857</ele>
   </trkpt>
   <trkpt lat="45.9401500" lon="6.4020300">
    <ele>858</ele>
   </trkpt>
   <trkpt lat="45.9399600" lon="6.4020000">
    <ele>858</ele>
   </trkpt>
   <trkpt lat="45.9398100" lon="6.4020200">
    <ele>858</ele>
   </trkpt>
   <trkpt lat="45.9395499" lon="6.4021100">
    <ele>861</ele>
   </trkpt>
   <trkpt lat="45.9394100" lon="6.4021300">
    <ele>861</ele>
   </trkpt>
   <trkpt lat="45.9384700" lon="6.4019300">
    <ele>874</ele>
   </trkpt>
   <trkpt lat="45.9383900" lon="6.4019000">
    <ele>875</ele>
   </trkpt>
   <trkpt lat="45.9382900" lon="6.4018300">
    <ele>875</ele>
   </trkpt>
   <trkpt lat="45.9382400" lon="6.4017799">
    <ele>875</ele>
   </trkpt>
   <trkpt lat="45.9381600" lon="6.4016600">
    <ele>873</ele>
   </trkpt>
   <trkpt lat="45.9379500" lon="6.4012500">
    <ele>866</ele>
   </trkpt>
   <trkpt lat="45.9378800" lon="6.4011300">
    <ele>862</ele>
   </trkpt>
   <trkpt lat="45.9378300" lon="6.4010500">
    <ele>859</ele>
   </trkpt>
   <trkpt lat="45.9377600" lon="6.4009900">
    <ele>857</ele>
   </trkpt>
   <trkpt lat="45.9376000" lon="6.4008600">
    <ele>852</ele>
   </trkpt>
   <trkpt lat="45.9374700" lon="6.4008200">
    <ele>851</ele>
   </trkpt>
   <trkpt lat="45.9372800" lon="6.4008000">
    <ele>856</ele>
   </trkpt>
   <trkpt lat="45.9371700" lon="6.4007600">
    <ele>859</ele>
   </trkpt>
   <trkpt lat="45.9370700" lon="6.4007200">
    <ele>862</ele>
   </trkpt>
   <trkpt lat="45.9367600" lon="6.4005100">
    <ele>870</ele>
   </trkpt>
   <trkpt lat="45.9366600" lon="6.4004500">
    <ele>872</ele>
   </trkpt>
   <trkpt lat="45.9365400" lon="6.4004200">
    <ele>873</ele>
   </trkpt>
   <trkpt lat="45.9362600" lon="6.4004300">
    <ele>874</ele>
   </trkpt>
   <trkpt lat="45.9360600" lon="6.4004500">
    <ele>875</ele>
   </trkpt>
   <trkpt lat="45.9357400" lon="6.4004600">
    <ele>876</ele>
   </trkpt>
   <trkpt lat="45.9355400" lon="6.4004300">
    <ele>876</ele>
   </trkpt>
   <trkpt lat="45.9353800" lon="6.4003700">
    <ele>876</ele>
   </trkpt>
   <trkpt lat="45.9351300" lon="6.4003200">
    <ele>875</ele>
   </trkpt>
   <trkpt lat="45.9349100" lon="6.4003100">
    <ele>876</ele>
   </trkpt>
   <trkpt lat="45.9346900" lon="6.4003200">
    <ele>878</ele>
   </trkpt>
   <trkpt lat="45.9345000" lon="6.4004000">
    <ele>879</ele>
   </trkpt>
   <trkpt lat="45.9340400" lon="6.4007699">
    <ele>873</ele>
   </trkpt>
   <trkpt lat="45.9337100" lon="6.4009600">
    <ele>874</ele>
   </trkpt>
   <trkpt lat="45.9335600" lon="6.4010600">
    <ele>875</ele>
   </trkpt>
   <trkpt lat="45.9334100" lon="6.4011800">
    <ele>876</ele>
   </trkpt>
   <trkpt lat="45.9332700" lon="6.4013099">
    <ele>881</ele>
   </trkpt>
   <trkpt lat="45.9331400" lon="6.4014600">
    <ele>888</ele>
   </trkpt>
   <trkpt lat="45.9329100" lon="6.4018100">
    <ele>895</ele>
   </trkpt>
   <trkpt lat="45.9326800" lon="6.4022200">
    <ele>895</ele>
   </trkpt>
   <trkpt lat="45.9324600" lon="6.4025500">
    <ele>886</ele>
   </trkpt>
   <trkpt lat="45.9322200" lon="6.4028400">
    <ele>895</ele>
   </trkpt>
   <trkpt lat="45.9320900" lon="6.4030200">
    <ele>896</ele>
   </trkpt>
   <trkpt lat="45.9320100" lon="6.4031500">
    <ele>895</ele>
   </trkpt>
   <trkpt lat="45.9318400" lon="6.4035500">
    <ele>890</ele>
   </trkpt>
   <trkpt lat="45.9313600" lon="6.4048500">
    <ele>880</ele>
   </trkpt>
   <trkpt lat="45.9313000" lon="6.4049300">
    <ele>879</ele>
   </trkpt>
   <trkpt lat="45.9312500" lon="6.4049699">
    <ele>878</ele>
   </trkpt>
   <trkpt lat="45.9311000" lon="6.4050600">
    <ele>875</ele>
   </trkpt>
   <trkpt lat="45.9305600" lon="6.4051200">
    <ele>873</ele>
   </trkpt>
   <trkpt lat="45.9302200" lon="6.4051200">
    <ele>874</ele>
   </trkpt>
   <trkpt lat="45.9299300" lon="6.4051500">
    <ele>875</ele>
   </trkpt>
   <trkpt lat="45.9294900" lon="6.4051900">
    <ele>877</ele>
   </trkpt>
   <trkpt lat="45.9293700" lon="6.4052200">
    <ele>877</ele>
   </trkpt>
   <trkpt lat="45.9291600" lon="6.4052900">
    <ele>878</ele>
   </trkpt>
   <trkpt lat="45.9290600" lon="6.4053600">
    <ele>881</ele>
   </trkpt>
   <trkpt lat="45.9289100" lon="6.4054600">
    <ele>886</ele>
   </trkpt>
   <trkpt lat="45.9288100" lon="6.4055799">
    <ele>887</ele>
   </trkpt>
   <trkpt lat="45.9287100" lon="6.4057100">
    <ele>888</ele>
   </trkpt>
   <trkpt lat="45.9285900" lon="6.4059000">
    <ele>889</ele>
   </trkpt>
   <trkpt lat="45.9284800" lon="6.4061300">
    <ele>891</ele>
   </trkpt>
   <trkpt lat="45.9278199" lon="6.4076900">
    <ele>902</ele>
   </trkpt>
   <trkpt lat="45.9277500" lon="6.4078900">
    <ele>902</ele>
   </trkpt>
   <trkpt lat="45.9276500" lon="6.4081700">
    <ele>903</ele>
   </trkpt>
   <trkpt lat="45.9275300" lon="6.4085800">
    <ele>903</ele>
   </trkpt>
   <trkpt lat="45.9273200" lon="6.4092900">
    <ele>907</ele>
   </trkpt>
   <trkpt lat="45.9272800" lon="6.4094400">
    <ele>908</ele>
   </trkpt>
   <trkpt lat="45.9272500" lon="6.4095800">
    <ele>909</ele>
   </trkpt>
   <trkpt lat="45.9272400" lon="6.4097000">
    <ele>909</ele>
   </trkpt>
   <trkpt lat="45.9272500" lon="6.4098400">
    <ele>909</ele>
   </trkpt>
   <trkpt lat="45.9272599" lon="6.4099500">
    <ele>908</ele>
   </trkpt>
   <trkpt lat="45.9273200" lon="6.4101500">
    <ele>907</ele>
   </trkpt>
   <trkpt lat="45.9274200" lon="6.4103500">
    <ele>906</ele>
   </trkpt>
   <trkpt lat="45.9277900" lon="6.4109999">
    <ele>911</ele>
   </trkpt>
   <trkpt lat="45.9279100" lon="6.4111900">
    <ele>915</ele>
   </trkpt>
   <trkpt lat="45.9280000" lon="6.4113200">
    <ele>917</ele>
   </trkpt>
   <trkpt lat="45.9281000" lon="6.4114200">
    <ele>919</ele>
   </trkpt>
   <trkpt lat="45.9281999" lon="6.4115000">
    <ele>920</ele>
   </trkpt>
   <trkpt lat="45.9283300" lon="6.4115700">
    <ele>920</ele>
   </trkpt>
   <trkpt lat="45.9284700" lon="6.4116099">
    <ele>920</ele>
   </trkpt>
   <trkpt lat="45.9286000" lon="6.4116200">
    <ele>920</ele>
   </trkpt>
   <trkpt lat="45.9287300" lon="6.4116000">
    <ele>919</ele>
   </trkpt>
   <trkpt lat="45.9291500" lon="6.4114699">
    <ele>917</ele>
   </trkpt>
   <trkpt lat="45.9292299" lon="6.4114699">
    <ele>916</ele>
   </trkpt>
   <trkpt lat="45.9293200" lon="6.4115200">
    <ele>916</ele>
   </trkpt>
   <trkpt lat="45.9293800" lon="6.4115800">
    <ele>917</ele>
   </trkpt>
   <trkpt lat="45.9294200" lon="6.4117100">
    <ele>918</ele>
   </trkpt>
   <trkpt lat="45.9294300" lon="6.4118100">
    <ele>921</ele>
   </trkpt>
   <trkpt lat="45.9293900" lon="6.4120200">
    <ele>925</ele>
   </trkpt>
   <trkpt lat="45.9294000" lon="6.4121000">
    <ele>927</ele>
   </trkpt>
   <trkpt lat="45.9291000" lon="6.4121900">
    <ele>931</ele>
   </trkpt>
   <trkpt lat="45.9277299" lon="6.4121300">
    <ele>941</ele>
   </trkpt>
   <trkpt lat="45.9275200" lon="6.4121000">
    <ele>942</ele>
   </trkpt>
   <trkpt lat="45.9273100" lon="6.4120400">
    <ele>942</ele>
   </trkpt>
   <trkpt lat="45.9264400" lon="6.4116700">
    <ele>943</ele>
   </trkpt>
   <trkpt lat="45.9262500" lon="6.4115700">
    <ele>946</ele>
   </trkpt>
   <trkpt lat="45.9260800" lon="6.4113900">
    <ele>948</ele>
   </trkpt>
   <trkpt lat="45.9258300" lon="6.4108300">
    <ele>947</ele>
   </trkpt>
   <trkpt lat="45.9256100" lon="6.4103800">
    <ele>948</ele>
   </trkpt>
   <trkpt lat="45.9252500" lon="6.4097799">
    <ele>951</ele>
   </trkpt>
   <trkpt lat="45.9252100" lon="6.4097099">
    <ele>952</ele>
   </trkpt>
   <trkpt lat="45.9251300" lon="6.4096100">
    <ele>953</ele>
   </trkpt>
   <trkpt lat="45.9250400" lon="6.4095200">
    <ele>954</ele>
   </trkpt>
   <trkpt lat="45.9249500" lon="6.4094500">
    <ele>955</ele>
   </trkpt>
   <trkpt lat="45.9248500" lon="6.4094100">
    <ele>956</ele>
   </trkpt>
   <trkpt lat="45.9247500" lon="6.4093700">
    <ele>957</ele>
   </trkpt>
   <trkpt lat="45.9246600" lon="6.4093700">
    <ele>957</ele>
   </trkpt>
   <trkpt lat="45.9245800" lon="6.4093800">
    <ele>958</ele>
   </trkpt>
   <trkpt lat="45.9244700" lon="6.4094000">
    <ele>959</ele>
   </trkpt>
   <trkpt lat="45.9243000" lon="6.4095100">
    <ele>960</ele>
   </trkpt>
   <trkpt lat="45.9240200" lon="6.4097400">
    <ele>960</ele>
   </trkpt>
   <trkpt lat="45.9237700" lon="6.4099400">
    <ele>961</ele>
   </trkpt>
   <trkpt lat="45.9236900" lon="6.4099800">
    <ele>961</ele>
   </trkpt>
   <trkpt lat="45.9236000" lon="6.4100300">
    <ele>961</ele>
   </trkpt>
   <trkpt lat="45.9231300" lon="6.4102400">
    <ele>963</ele>
   </trkpt>
   <trkpt lat="45.9229100" lon="6.4103400">
    <ele>963</ele>
   </trkpt>
   <trkpt lat="45.9227400" lon="6.4103600">
    <ele>963</ele>
   </trkpt>
   <trkpt lat="45.9226200" lon="6.4103600">
    <ele>963</ele>
   </trkpt>
   <trkpt lat="45.9225900" lon="6.4103400">
    <ele>963</ele>
   </trkpt>
   <trkpt lat="45.9225400" lon="6.4103400">
    <ele>963</ele>
   </trkpt>
   <trkpt lat="45.9224900" lon="6.4103899">
    <ele>963</ele>
   </trkpt>
   <trkpt lat="45.9224699" lon="6.4104599">
    <ele>963</ele>
   </trkpt>
   <trkpt lat="45.9224699" lon="6.4105100">
    <ele>963</ele>
   </trkpt>
   <trkpt lat="45.9224900" lon="6.4105800">
    <ele>963</ele>
   </trkpt>
   <trkpt lat="45.9225200" lon="6.4106100">
    <ele>963</ele>
   </trkpt>
   <trkpt lat="45.9226500" lon="6.4109800">
    <ele>965</ele>
   </trkpt>
   <trkpt lat="45.9227000" lon="6.4112200">
    <ele>966</ele>
   </trkpt>
   <trkpt lat="45.9227300" lon="6.4113400">
    <ele>966</ele>
   </trkpt>
   <trkpt lat="45.9227800" lon="6.4114500">
    <ele>967</ele>
   </trkpt>
   <trkpt lat="45.9228499" lon="6.4115800">
    <ele>967</ele>
   </trkpt>
   <trkpt lat="45.9229800" lon="6.4117400">
    <ele>968</ele>
   </trkpt>
   <trkpt lat="45.9231000" lon="6.4118600">
    <ele>969</ele>
   </trkpt>
   <trkpt lat="45.9232000" lon="6.4119700">
    <ele>970</ele>
   </trkpt>
   <trkpt lat="45.9232600" lon="6.4120500">
    <ele>970</ele>
   </trkpt>
   <trkpt lat="45.9233000" lon="6.4121200">
    <ele>970</ele>
   </trkpt>
   <trkpt lat="45.9233800" lon="6.4123599">
    <ele>971</ele>
   </trkpt>
   <trkpt lat="45.9234000" lon="6.4124700">
    <ele>971</ele>
   </trkpt>
   <trkpt lat="45.9234300" lon="6.4127800">
    <ele>973</ele>
   </trkpt>
   <trkpt lat="45.9234200" lon="6.4128800">
    <ele>973</ele>
   </trkpt>
   <trkpt lat="45.9234099" lon="6.4130000">
    <ele>974</ele>
   </trkpt>
   <trkpt lat="45.9233500" lon="6.4132000">
    <ele>974</ele>
   </trkpt>
   <trkpt lat="45.9232000" lon="6.4135400">
    <ele>976</ele>
   </trkpt>
   <trkpt lat="45.9231600" lon="6.4136200">
    <ele>976</ele>
   </trkpt>
   <trkpt lat="45.9230800" lon="6.4137900">
    <ele>977</ele>
   </trkpt>
   <trkpt lat="45.9230200" lon="6.4139200">
    <ele>977</ele>
   </trkpt>
   <trkpt lat="45.9229700" lon="6.4140100">
    <ele>977</ele>
   </trkpt>
   <trkpt lat="45.9229000" lon="6.4140900">
    <ele>977</ele>
   </trkpt>
   <trkpt lat="45.9227400" lon="6.4142400">
    <ele>978</ele>
   </trkpt>
   <trkpt lat="45.9226000" lon="6.4143500">
    <ele>979</ele>
   </trkpt>
   <trkpt lat="45.9224200" lon="6.4144700">
    <ele>981</ele>
   </trkpt>
   <trkpt lat="45.9223000" lon="6.4145700">
    <ele>982</ele>
   </trkpt>
   <trkpt lat="45.9222200" lon="6.4146500">
    <ele>983</ele>
   </trkpt>
   <trkpt lat="45.9217100" lon="6.4153399">
    <ele>991</ele>
   </trkpt>
   <trkpt lat="45.9216600" lon="6.4153900">
    <ele>992</ele>
   </trkpt>
   <trkpt lat="45.9215600" lon="6.4154500">
    <ele>993</ele>
   </trkpt>
   <trkpt lat="45.9214900" lon="6.4154600">
    <ele>993</ele>
   </trkpt>
   <trkpt lat="45.9214000" lon="6.4154500">
    <ele>992</ele>
   </trkpt>
   <trkpt lat="45.9213100" lon="6.4154099">
    <ele>991</ele>
   </trkpt>
   <trkpt lat="45.9212300" lon="6.4153399">
    <ele>990</ele>
   </trkpt>
   <trkpt lat="45.9208400" lon="6.4148900">
    <ele>983</ele>
   </trkpt>
   <trkpt lat="45.9207500" lon="6.4148100">
    <ele>983</ele>
   </trkpt>
   <trkpt lat="45.9206600" lon="6.4147700">
    <ele>982</ele>
   </trkpt>
   <trkpt lat="45.9205600" lon="6.4147400">
    <ele>982</ele>
   </trkpt>
   <trkpt lat="45.9204999" lon="6.4147400">
    <ele>983</ele>
   </trkpt>
   <trkpt lat="45.9204300" lon="6.4147700">
    <ele>984</ele>
   </trkpt>
   <trkpt lat="45.9203600" lon="6.4148100">
    <ele>985</ele>
   </trkpt>
   <trkpt lat="45.9199000" lon="6.4152300">
    <ele>993</ele>
   </trkpt>
   <trkpt lat="45.9196700" lon="6.4153500">
    <ele>992</ele>
   </trkpt>
   <trkpt lat="45.9194300" lon="6.4154799">
    <ele>992</ele>
   </trkpt>
   <trkpt lat="45.9193300" lon="6.4155500">
    <ele>992</ele>
   </trkpt>
   <trkpt lat="45.9192200" lon="6.4156900">
    <ele>995</ele>
   </trkpt>
   <trkpt lat="45.9191900" lon="6.4157500">
    <ele>996</ele>
   </trkpt>
   <trkpt lat="45.9188900" lon="6.4163500">
    <ele>1001</ele>
   </trkpt>
   <trkpt lat="45.9187500" lon="6.4166200">
    <ele>1003</ele>
   </trkpt>
   <trkpt lat="45.9186900" lon="6.4167100">
    <ele>1003</ele>
   </trkpt>
   <trkpt lat="45.9186000" lon="6.4168200">
    <ele>1002</ele>
   </trkpt>
   <trkpt lat="45.9183100" lon="6.4171600">
    <ele>998</ele>
   </trkpt>
   <trkpt lat="45.9182000" lon="6.4173099">
    <ele>999</ele>
   </trkpt>
   <trkpt lat="45.9174999" lon="6.4186400">
    <ele>998</ele>
   </trkpt>
   <trkpt lat="45.9173900" lon="6.4188100">
    <ele>1000</ele>
   </trkpt>
   <trkpt lat="45.9172600" lon="6.4190100">
    <ele>1002</ele>
   </trkpt>
   <trkpt lat="45.9169300" lon="6.4194400">
    <ele>1004</ele>
   </trkpt>
   <trkpt lat="45.9168200" lon="6.4195600">
    <ele>1005</ele>
   </trkpt>
   <trkpt lat="45.9166600" lon="6.4196900">
    <ele>1006</ele>
   </trkpt>
   <trkpt lat="45.9165599" lon="6.4197400">
    <ele>1008</ele>
   </trkpt>
   <trkpt lat="45.9164600" lon="6.4197800">
    <ele>1010</ele>
   </trkpt>
   <trkpt lat="45.9163700" lon="6.4197800">
    <ele>1012</ele>
   </trkpt>
   <trkpt lat="45.9162899" lon="6.4197700">
    <ele>1013</ele>
   </trkpt>
   <trkpt lat="45.9162100" lon="6.4197499">
    <ele>1013</ele>
   </trkpt>
   <trkpt lat="45.9161400" lon="6.4197100">
    <ele>1014</ele>
   </trkpt>
   <trkpt lat="45.9160700" lon="6.4196600">
    <ele>1014</ele>
   </trkpt>
   <trkpt lat="45.9159200" lon="6.4195000">
    <ele>1013</ele>
   </trkpt>
   <trkpt lat="45.9152000" lon="6.4185700">
    <ele>1016</ele>
   </trkpt>
   <trkpt lat="45.9151100" lon="6.4184900">
    <ele>1017</ele>
   </trkpt>
   <trkpt lat="45.9150300" lon="6.4184100">
    <ele>1018</ele>
   </trkpt>
   <trkpt lat="45.9148500" lon="6.4183400">
    <ele>1018</ele>
   </trkpt>
   <trkpt lat="45.9147500" lon="6.4183199">
    <ele>1018</ele>
   </trkpt>
   <trkpt lat="45.9143199" lon="6.4183199">
    <ele>1019</ele>
   </trkpt>
   <trkpt lat="45.9140700" lon="6.4182900">
    <ele>1018</ele>
   </trkpt>
   <trkpt lat="45.9138900" lon="6.4182499">
    <ele>1018</ele>
   </trkpt>
   <trkpt lat="45.9136600" lon="6.4181800">
    <ele>1018</ele>
   </trkpt>
   <trkpt lat="45.9135800" lon="6.4181700">
    <ele>1018</ele>
   </trkpt>
   <trkpt lat="45.9134200" lon="6.4181700">
    <ele>1018</ele>
   </trkpt>
   <trkpt lat="45.9133100" lon="6.4181900">
    <ele>1019</ele>
   </trkpt>
   <trkpt lat="45.9131100" lon="6.4182600">
    <ele>1018</ele>
   </trkpt>
   <trkpt lat="45.9128400" lon="6.4183600">
    <ele>1018</ele>
   </trkpt>
   <trkpt lat="45.9127400" lon="6.4184100">
    <ele>1018</ele>
   </trkpt>
   <trkpt lat="45.9126199" lon="6.4185100">
    <ele>1019</ele>
   </trkpt>
   <trkpt lat="45.9125600" lon="6.4185900">
    <ele>1021</ele>
   </trkpt>
   <trkpt lat="45.9123600" lon="6.4189400">
    <ele>1027</ele>
   </trkpt>
   <trkpt lat="45.9123000" lon="6.4190200">
    <ele>1028</ele>
   </trkpt>
   <trkpt lat="45.9122400" lon="6.4190900">
    <ele>1028</ele>
   </trkpt>
   <trkpt lat="45.9121700" lon="6.4191300">
    <ele>1028</ele>
   </trkpt>
   <trkpt lat="45.9121100" lon="6.4191600">
    <ele>1028</ele>
   </trkpt>
   <trkpt lat="45.9118100" lon="6.4192300">
    <ele>1027</ele>
   </trkpt>
   <trkpt lat="45.9116700" lon="6.4192900">
    <ele>1027</ele>
   </trkpt>
   <trkpt lat="45.9115800" lon="6.4193600">
    <ele>1029</ele>
   </trkpt>
   <trkpt lat="45.9113700" lon="6.4195399">
    <ele>1032</ele>
   </trkpt>
   <trkpt lat="45.9112700" lon="6.4196000">
    <ele>1033</ele>
   </trkpt>
   <trkpt lat="45.9112000" lon="6.4196300">
    <ele>1033</ele>
   </trkpt>
   <trkpt lat="45.9111100" lon="6.4196500">
    <ele>1032</ele>
   </trkpt>
   <trkpt lat="45.9109700" lon="6.4196600">
    <ele>1031</ele>
   </trkpt>
   <trkpt lat="45.9107600" lon="6.4196300">
    <ele>1030</ele>
   </trkpt>
   <trkpt lat="45.9104900" lon="6.4195399">
    <ele>1032</ele>
   </trkpt>
   <trkpt lat="45.9102700" lon="6.4194500">
    <ele>1033</ele>
   </trkpt>
   <trkpt lat="45.9100500" lon="6.4193200">
    <ele>1032</ele>
   </trkpt>
   <trkpt lat="45.9095700" lon="6.4189900">
    <ele>1035</ele>
   </trkpt>
   <trkpt lat="45.9094200" lon="6.4189299">
    <ele>1037</ele>
   </trkpt>
   <trkpt lat="45.9093300" lon="6.4189100">
    <ele>1038</ele>
   </trkpt>
   <trkpt lat="45.9091200" lon="6.4189299">
    <ele>1043</ele>
   </trkpt>
   <trkpt lat="45.9087400" lon="6.4190100">
    <ele>1045</ele>
   </trkpt>
   <trkpt lat="45.9085300" lon="6.4190300">
    <ele>1045</ele>
   </trkpt>
   <trkpt lat="45.9080299" lon="6.4190800">
    <ele>1041</ele>
   </trkpt>
   <trkpt lat="45.9078500" lon="6.4191399">
    <ele>1038</ele>
   </trkpt>
   <trkpt lat="45.9077200" lon="6.4192300">
    <ele>1038</ele>
   </trkpt>
   <trkpt lat="45.9076499" lon="6.4192900">
    <ele>1039</ele>
   </trkpt>
   <trkpt lat="45.9075800" lon="6.4193700">
    <ele>1040</ele>
   </trkpt>
   <trkpt lat="45.9074200" lon="6.4196000">
    <ele>1046</ele>
   </trkpt>
   <trkpt lat="45.9072500" lon="6.4198100">
    <ele>1049</ele>
   </trkpt>
   <trkpt lat="45.9071100" lon="6.4199800">
    <ele>1049</ele>
   </trkpt>
   <trkpt lat="45.9070300" lon="6.4201000">
    <ele>1050</ele>
   </trkpt>
   <trkpt lat="45.9069700" lon="6.4202000">
    <ele>1051</ele>
   </trkpt>
   <trkpt lat="45.9069000" lon="6.4203599">
    <ele>1053</ele>
   </trkpt>
   <trkpt lat="45.9068400" lon="6.4205300">
    <ele>1054</ele>
   </trkpt>
   <trkpt lat="45.9067900" lon="6.4206200">
    <ele>1054</ele>
   </trkpt>
   <trkpt lat="45.9067300" lon="6.4207100">
    <ele>1052</ele>
   </trkpt>
   <trkpt lat="45.9064900" lon="6.4209200">
    <ele>1051</ele>
   </trkpt>
   <trkpt lat="45.9064400" lon="6.4209800">
    <ele>1052</ele>
   </trkpt>
   <trkpt lat="45.9063200" lon="6.4211300">
    <ele>1052</ele>
   </trkpt>
   <trkpt lat="45.9062500" lon="6.4212800">
    <ele>1052</ele>
   </trkpt>
   <trkpt lat="45.9062100" lon="6.4213900">
    <ele>1051</ele>
   </trkpt>
   <trkpt lat="45.9061800" lon="6.4215600">
    <ele>1051</ele>
   </trkpt>
   <trkpt lat="45.9061499" lon="6.4216200">
    <ele>1050</ele>
   </trkpt>
   <trkpt lat="45.9061100" lon="6.4217000">
    <ele>1049</ele>
   </trkpt>
   <trkpt lat="45.9060400" lon="6.4218000">
    <ele>1046</ele>
   </trkpt>
   <trkpt lat="45.9060100" lon="6.4218100">
    <ele>1045</ele>
   </trkpt>
   <trkpt lat="45.9059900" lon="6.4218300">
    <ele>1044</ele>
   </trkpt>
   <trkpt lat="45.9059800" lon="6.4218900">
    <ele>1043</ele>
   </trkpt>
   <trkpt lat="45.9059900" lon="6.4219400">
    <ele>1044</ele>
   </trkpt>
   <trkpt lat="45.9060200" lon="6.4220700">
    <ele>1046</ele>
   </trkpt>
   <trkpt lat="45.9060300" lon="6.4222000">
    <ele>1047</ele>
   </trkpt>
   <trkpt lat="45.9060100" lon="6.4225199">
    <ele>1047</ele>
   </trkpt>
   <trkpt lat="45.9059600" lon="6.4234000">
    <ele>1045</ele>
   </trkpt>
   <trkpt lat="45.9059300" lon="6.4237600">
    <ele>1044</ele>
   </trkpt>
   <trkpt lat="45.9058800" lon="6.4244700">
    <ele>1045</ele>
   </trkpt>
   <trkpt lat="45.9058800" lon="6.4249800">
    <ele>1046</ele>
   </trkpt>
   <trkpt lat="45.9058800" lon="6.4254900">
    <ele>1049</ele>
   </trkpt>
   <trkpt lat="45.9058900" lon="6.4256100">
    <ele>1049</ele>
   </trkpt>
   <trkpt lat="45.9059000" lon="6.4260000">
    <ele>1051</ele>
   </trkpt>
   <trkpt lat="45.9059200" lon="6.4262600">
    <ele>1053</ele>
   </trkpt>
   <trkpt lat="45.9059500" lon="6.4264599">
    <ele>1055</ele>
   </trkpt>
   <trkpt lat="45.9059900" lon="6.4266400">
    <ele>1056</ele>
   </trkpt>
   <trkpt lat="45.9060300" lon="6.4267800">
    <ele>1058</ele>
   </trkpt>
   <trkpt lat="45.9060400" lon="6.4269100">
    <ele>1058</ele>
   </trkpt>
   <trkpt lat="45.9060200" lon="6.4270400">
    <ele>1059</ele>
   </trkpt>
   <trkpt lat="45.9059900" lon="6.4270900">
    <ele>1058</ele>
   </trkpt>
   <trkpt lat="45.9059800" lon="6.4271700">
    <ele>1059</ele>
   </trkpt>
   <trkpt lat="45.9059900" lon="6.4272100">
    <ele>1059</ele>
   </trkpt>
   <trkpt lat="45.9060100" lon="6.4272500">
    <ele>1060</ele>
   </trkpt>
   <trkpt lat="45.9060300" lon="6.4272900">
    <ele>1060</ele>
   </trkpt>
   <trkpt lat="45.9060500" lon="6.4273700">
    <ele>1061</ele>
   </trkpt>
   <trkpt lat="45.9060500" lon="6.4274800">
    <ele>1061</ele>
   </trkpt>
   <trkpt lat="45.9060200" lon="6.4278300">
    <ele>1062</ele>
   </trkpt>
   <trkpt lat="45.9060000" lon="6.4280200">
    <ele>1062</ele>
   </trkpt>
   <trkpt lat="45.9059000" lon="6.4286500">
    <ele>1064</ele>
   </trkpt>
   <trkpt lat="45.9058800" lon="6.4288000">
    <ele>1065</ele>
   </trkpt>
   <trkpt lat="45.9058700" lon="6.4289300">
    <ele>1065</ele>
   </trkpt>
   <trkpt lat="45.9058700" lon="6.4290400">
    <ele>1066</ele>
   </trkpt>
   <trkpt lat="45.9059000" lon="6.4293699">
    <ele>1068</ele>
   </trkpt>
   <trkpt lat="45.9059200" lon="6.4295099">
    <ele>1068</ele>
   </trkpt>
   <trkpt lat="45.9059800" lon="6.4299300">
    <ele>1071</ele>
   </trkpt>
   <trkpt lat="45.9059900" lon="6.4300800">
    <ele>1072</ele>
   </trkpt>
   <trkpt lat="45.9059900" lon="6.4302200">
    <ele>1072</ele>
   </trkpt>
   <trkpt lat="45.9059800" lon="6.4302700">
    <ele>1073</ele>
   </trkpt>
   <trkpt lat="45.9059600" lon="6.4303500">
    <ele>1073</ele>
   </trkpt>
   <trkpt lat="45.9059300" lon="6.4303900">
    <ele>1073</ele>
   </trkpt>
   <trkpt lat="45.9058300" lon="6.4304200">
    <ele>1073</ele>
   </trkpt>
   <trkpt lat="45.9057000" lon="6.4304500">
    <ele>1076</ele>
   </trkpt>
   <trkpt lat="45.9056200" lon="6.4304200">
    <ele>1077</ele>
   </trkpt>
   <trkpt lat="45.9055000" lon="6.4303500">
    <ele>1079</ele>
   </trkpt>
   <trkpt lat="45.9053900" lon="6.4302600">
    <ele>1080</ele>
   </trkpt>
   <trkpt lat="45.9052700" lon="6.4301000">
    <ele>1081</ele>
   </trkpt>
   <trkpt lat="45.9051700" lon="6.4299400">
    <ele>1081</ele>
   </trkpt>
   <trkpt lat="45.9049800" lon="6.4295700">
    <ele>1081</ele>
   </trkpt>
   <trkpt lat="45.9047800" lon="6.4290800">
    <ele>1085</ele>
   </trkpt>
   <trkpt lat="45.9046900" lon="6.4288400">
    <ele>1087</ele>
   </trkpt>
   <trkpt lat="45.9045700" lon="6.4284300">
    <ele>1089</ele>
   </trkpt>
   <trkpt lat="45.9044700" lon="6.4281600">
    <ele>1090</ele>
   </trkpt>
   <trkpt lat="45.9041400" lon="6.4273600">
    <ele>1089</ele>
   </trkpt>
   <trkpt lat="45.9040400" lon="6.4271700">
    <ele>1088</ele>
   </trkpt>
   <trkpt lat="45.9038300" lon="6.4268200">
    <ele>1088</ele>
   </trkpt>
   <trkpt lat="45.9037200" lon="6.4266700">
    <ele>1089</ele>
   </trkpt>
   <trkpt lat="45.9035800" lon="6.4265200">
    <ele>1090</ele>
   </trkpt>
   <trkpt lat="45.9032000" lon="6.4261799">
    <ele>1093</ele>
   </trkpt>
   <trkpt lat="45.9029700" lon="6.4259900">
    <ele>1093</ele>
   </trkpt>
   <trkpt lat="45.9029500" lon="6.4259700">
    <ele>1093</ele>
   </trkpt>
   <trkpt lat="45.9024900" lon="6.4255699">
    <ele>1098</ele>
   </trkpt>
   <trkpt lat="45.9024000" lon="6.4255200">
    <ele>1099</ele>
   </trkpt>
   <trkpt lat="45.9021900" lon="6.4254400">
    <ele>1100</ele>
   </trkpt>
   <trkpt lat="45.9018600" lon="6.4253800">
    <ele>1104</ele>
   </trkpt>
   <trkpt lat="45.9016200" lon="6.4253400">
    <ele>1106</ele>
   </trkpt>
   <trkpt lat="45.9015700" lon="6.4253400">
    <ele>1107</ele>
   </trkpt>
   <trkpt lat="45.9012600" lon="6.4253600">
    <ele>1110</ele>
   </trkpt>
   <trkpt lat="45.9011500" lon="6.4253800">
    <ele>1112</ele>
   </trkpt>
   <trkpt lat="45.9008700" lon="6.4255100">
    <ele>1117</ele>
   </trkpt>
   <trkpt lat="45.9007999" lon="6.4255200">
    <ele>1118</ele>
   </trkpt>
   <trkpt lat="45.9007000" lon="6.4255100">
    <ele>1119</ele>
   </trkpt>
   <trkpt lat="45.9006200" lon="6.4254800">
    <ele>1119</ele>
   </trkpt>
   <trkpt lat="45.9002700" lon="6.4252100">
    <ele>1118</ele>
   </trkpt>
   <trkpt lat="45.9002000" lon="6.4251699">
    <ele>1119</ele>
   </trkpt>
   <trkpt lat="45.9001400" lon="6.4251600">
    <ele>1119</ele>
   </trkpt>
   <trkpt lat="45.9000800" lon="6.4251600">
    <ele>1120</ele>
   </trkpt>
   <trkpt lat="45.9000300" lon="6.4251800">
    <ele>1121</ele>
   </trkpt>
   <trkpt lat="45.8999800" lon="6.4252200">
    <ele>1122</ele>
   </trkpt>
   <trkpt lat="45.8999300" lon="6.4252900">
    <ele>1121</ele>
   </trkpt>
   <trkpt lat="45.8998900" lon="6.4253800">
    <ele>1122</ele>
   </trkpt>
   <trkpt lat="45.8998500" lon="6.4255800">
    <ele>1123</ele>
   </trkpt>
   <trkpt lat="45.8998500" lon="6.4259300">
    <ele>1126</ele>
   </trkpt>
   <trkpt lat="45.8998500" lon="6.4260700">
    <ele>1127</ele>
   </trkpt>
   <trkpt lat="45.8998700" lon="6.4263800">
    <ele>1129</ele>
   </trkpt>
   <trkpt lat="45.8998900" lon="6.4266100">
    <ele>1131</ele>
   </trkpt>
   <trkpt lat="45.8999000" lon="6.4267400">
    <ele>1132</ele>
   </trkpt>
   <trkpt lat="45.8998900" lon="6.4268500">
    <ele>1133</ele>
   </trkpt>
   <trkpt lat="45.8998700" lon="6.4269500">
    <ele>1134</ele>
   </trkpt>
   <trkpt lat="45.8998300" lon="6.4270500">
    <ele>1135</ele>
   </trkpt>
   <trkpt lat="45.8998100" lon="6.4271100">
    <ele>1135</ele>
   </trkpt>
   <trkpt lat="45.8997500" lon="6.4272100">
    <ele>1136</ele>
   </trkpt>
   <trkpt lat="45.8996600" lon="6.4273300">
    <ele>1136</ele>
   </trkpt>
   <trkpt lat="45.8995900" lon="6.4274100">
    <ele>1137</ele>
   </trkpt>
   <trkpt lat="45.8995200" lon="6.4274600">
    <ele>1137</ele>
   </trkpt>
   <trkpt lat="45.8994300" lon="6.4275000">
    <ele>1137</ele>
   </trkpt>
   <trkpt lat="45.8992700" lon="6.4275500">
    <ele>1137</ele>
   </trkpt>
   <trkpt lat="45.8991000" lon="6.4275800">
    <ele>1137</ele>
   </trkpt>
   <trkpt lat="45.8989800" lon="6.4276300">
    <ele>1138</ele>
   </trkpt>
   <trkpt lat="45.8988600" lon="6.4277000">
    <ele>1138</ele>
   </trkpt>
   <trkpt lat="45.8987000" lon="6.4278200">
    <ele>1140</ele>
   </trkpt>
   <trkpt lat="45.8983500" lon="6.4281300">
    <ele>1142</ele>
   </trkpt>
   <trkpt lat="45.8983300" lon="6.4281499">
    <ele>1142</ele>
   </trkpt>
   <trkpt lat="45.8979000" lon="6.4285100">
    <ele>1146</ele>
   </trkpt>
   <trkpt lat="45.8978200" lon="6.4285700">
    <ele>1147</ele>
   </trkpt>
   <trkpt lat="45.8974300" lon="6.4288100">
    <ele>1148</ele>
   </trkpt>
   <trkpt lat="45.8971200" lon="6.4290300">
    <ele>1151</ele>
   </trkpt>
   <trkpt lat="45.8968200" lon="6.4292100">
    <ele>1153</ele>
   </trkpt>
   <trkpt lat="45.8966300" lon="6.4292700">
    <ele>1154</ele>
   </trkpt>
   <trkpt lat="45.8965000" lon="6.4292999">
    <ele>1155</ele>
   </trkpt>
   <trkpt lat="45.8963500" lon="6.4293200">
    <ele>1157</ele>
   </trkpt>
   <trkpt lat="45.8962300" lon="6.4293100">
    <ele>1157</ele>
   </trkpt>
   <trkpt lat="45.8960900" lon="6.4292600">
    <ele>1157</ele>
   </trkpt>
   <trkpt lat="45.8959600" lon="6.4292299">
    <ele>1157</ele>
   </trkpt>
   <trkpt lat="45.8958500" lon="6.4292299">
    <ele>1157</ele>
   </trkpt>
   <trkpt lat="45.8956900" lon="6.4292600">
    <ele>1158</ele>
   </trkpt>
   <trkpt lat="45.8955399" lon="6.4293300">
    <ele>1160</ele>
   </trkpt>
   <trkpt lat="45.8954600" lon="6.4293900">
    <ele>1162</ele>
   </trkpt>
   <trkpt lat="45.8954000" lon="6.4294500">
    <ele>1164</ele>
   </trkpt>
   <trkpt lat="45.8953000" lon="6.4296000">
    <ele>1169</ele>
   </trkpt>
   <trkpt lat="45.8952600" lon="6.4296600">
    <ele>1171</ele>
   </trkpt>
   <trkpt lat="45.8952100" lon="6.4297000">
    <ele>1172</ele>
   </trkpt>
   <trkpt lat="45.8951600" lon="6.4297200">
    <ele>1173</ele>
   </trkpt>
   <trkpt lat="45.8950900" lon="6.4297200">
    <ele>1174</ele>
   </trkpt>
   <trkpt lat="45.8948100" lon="6.4296400">
    <ele>1173</ele>
   </trkpt>
   <trkpt lat="45.8946600" lon="6.4296300">
    <ele>1174</ele>
   </trkpt>
   <trkpt lat="45.8937500" lon="6.4296300">
    <ele>1178</ele>
   </trkpt>
   <trkpt lat="45.8933700" lon="6.4296600">
    <ele>1180</ele>
   </trkpt>
   <trkpt lat="45.8932000" lon="6.4297100">
    <ele>1181</ele>
   </trkpt>
   <trkpt lat="45.8927200" lon="6.4298800">
    <ele>1184</ele>
   </trkpt>
   <trkpt lat="45.8924600" lon="6.4299600">
    <ele>1185</ele>
   </trkpt>
   <trkpt lat="45.8923300" lon="6.4300100">
    <ele>1187</ele>
   </trkpt>
   <trkpt lat="45.8920200" lon="6.4302100">
    <ele>1195</ele>
   </trkpt>
   <trkpt lat="45.8918500" lon="6.4302700">
    <ele>1196</ele>
   </trkpt>
   <trkpt lat="45.8916700" lon="6.4303100">
    <ele>1197</ele>
   </trkpt>
   <trkpt lat="45.8913700" lon="6.4303700">
    <ele>1196</ele>
   </trkpt>
   <trkpt lat="45.8912400" lon="6.4304200">
    <ele>1196</ele>
   </trkpt>
   <trkpt lat="45.8910900" lon="6.4305000">
    <ele>1196</ele>
   </trkpt>
   <trkpt lat="45.8907100" lon="6.4307500">
    <ele>1198</ele>
   </trkpt>
   <trkpt lat="45.8902000" lon="6.4310700">
    <ele>1201</ele>
   </trkpt>
   <trkpt lat="45.8900700" lon="6.4311900">
    <ele>1202</ele>
   </trkpt>
   <trkpt lat="45.8898100" lon="6.4314600">
    <ele>1205</ele>
   </trkpt>
   <trkpt lat="45.8890900" lon="6.4322100">
    <ele>1211</ele>
   </trkpt>
   <trkpt lat="45.8890100" lon="6.4322800">
    <ele>1212</ele>
   </trkpt>
   <trkpt lat="45.8888400" lon="6.4323800">
    <ele>1212</ele>
   </trkpt>
   <trkpt lat="45.8883000" lon="6.4326800">
    <ele>1215</ele>
   </trkpt>
   <trkpt lat="45.8873000" lon="6.4332300">
    <ele>1221</ele>
   </trkpt>
   <trkpt lat="45.8872000" lon="6.4332800">
    <ele>1222</ele>
   </trkpt>
   <trkpt lat="45.8870300" lon="6.4333300">
    <ele>1223</ele>
   </trkpt>
   <trkpt lat="45.8869900" lon="6.4333400">
    <ele>1223</ele>
   </trkpt>
   <trkpt lat="45.8869200" lon="6.4333500">
    <ele>1223</ele>
   </trkpt>
   <trkpt lat="45.8868000" lon="6.4333600">
    <ele>1224</ele>
   </trkpt>
   <trkpt lat="45.8866900" lon="6.4333400">
    <ele>1223</ele>
   </trkpt>
   <trkpt lat="45.8864100" lon="6.4333300">
    <ele>1224</ele>
   </trkpt>
   <trkpt lat="45.8863399" lon="6.4333400">
    <ele>1224</ele>
   </trkpt>
   <trkpt lat="45.8861900" lon="6.4333900">
    <ele>1226</ele>
   </trkpt>
   <trkpt lat="45.8860900" lon="6.4334600">
    <ele>1227</ele>
   </trkpt>
   <trkpt lat="45.8855500" lon="6.4339400">
    <ele>1234</ele>
   </trkpt>
   <trkpt lat="45.8852700" lon="6.4341799">
    <ele>1234</ele>
   </trkpt>
   <trkpt lat="45.8851200" lon="6.4343300">
    <ele>1235</ele>
   </trkpt>
   <trkpt lat="45.8850300" lon="6.4344599">
    <ele>1236</ele>
   </trkpt>
   <trkpt lat="45.8847200" lon="6.4349999">
    <ele>1240</ele>
   </trkpt>
   <trkpt lat="45.8845100" lon="6.4353800">
    <ele>1243</ele>
   </trkpt>
   <trkpt lat="45.8844600" lon="6.4354500">
    <ele>1243</ele>
   </trkpt>
   <trkpt lat="45.8841600" lon="6.4357300">
    <ele>1242</ele>
   </trkpt>
   <trkpt lat="45.8841300" lon="6.4357900">
    <ele>1243</ele>
   </trkpt>
   <trkpt lat="45.8840000" lon="6.4360900">
    <ele>1246</ele>
   </trkpt>
   <trkpt lat="45.8839200" lon="6.4363100">
    <ele>1248</ele>
   </trkpt>
   <trkpt lat="45.8837800" lon="6.4368800">
    <ele>1255</ele>
   </trkpt>
   <trkpt lat="45.8836299" lon="6.4373699">
    <ele>1259</ele>
   </trkpt>
   <trkpt lat="45.8835900" lon="6.4375400">
    <ele>1261</ele>
   </trkpt>
   <trkpt lat="45.8834900" lon="6.4380600">
    <ele>1266</ele>
   </trkpt>
   <trkpt lat="45.8834500" lon="6.4382400">
    <ele>1267</ele>
   </trkpt>
   <trkpt lat="45.8834000" lon="6.4383900">
    <ele>1267</ele>
   </trkpt>
   <trkpt lat="45.8833300" lon="6.4385400">
    <ele>1266</ele>
   </trkpt>
   <trkpt lat="45.8831599" lon="6.4388300">
    <ele>1266</ele>
   </trkpt>
   <trkpt lat="45.8829700" lon="6.4392200">
    <ele>1266</ele>
   </trkpt>
   <trkpt lat="45.8829200" lon="6.4393399">
    <ele>1266</ele>
   </trkpt>
   <trkpt lat="45.8828800" lon="6.4394500">
    <ele>1266</ele>
   </trkpt>
   <trkpt lat="45.8828300" lon="6.4397300">
    <ele>1268</ele>
   </trkpt>
   <trkpt lat="45.8828200" lon="6.4397600">
    <ele>1268</ele>
   </trkpt>
   <trkpt lat="45.8827799" lon="6.4400600">
    <ele>1270</ele>
   </trkpt>
   <trkpt lat="45.8827300" lon="6.4404300">
    <ele>1275</ele>
   </trkpt>
   <trkpt lat="45.8826899" lon="6.4405900">
    <ele>1276</ele>
   </trkpt>
   <trkpt lat="45.8826400" lon="6.4407900">
    <ele>1277</ele>
   </trkpt>
   <trkpt lat="45.8825700" lon="6.4410400">
    <ele>1279</ele>
   </trkpt>
   <trkpt lat="45.8824600" lon="6.4413400">
    <ele>1281</ele>
   </trkpt>
   <trkpt lat="45.8824100" lon="6.4414500">
    <ele>1282</ele>
   </trkpt>
   <trkpt lat="45.8823700" lon="6.4415500">
    <ele>1283</ele>
   </trkpt>
   <trkpt lat="45.8821500" lon="6.4420400">
    <ele>1290</ele>
   </trkpt>
   <trkpt lat="45.8820600" lon="6.4421900">
    <ele>1291</ele>
   </trkpt>
   <trkpt lat="45.8819800" lon="6.4422700">
    <ele>1290</ele>
   </trkpt>
   <trkpt lat="45.8818800" lon="6.4423400">
    <ele>1288</ele>
   </trkpt>
   <trkpt lat="45.8816900" lon="6.4424200">
    <ele>1284</ele>
   </trkpt>
   <trkpt lat="45.8816200" lon="6.4424800">
    <ele>1284</ele>
   </trkpt>
   <trkpt lat="45.8815500" lon="6.4425600">
    <ele>1286</ele>
   </trkpt>
   <trkpt lat="45.8813699" lon="6.4428800">
    <ele>1290</ele>
   </trkpt>
   <trkpt lat="45.8813100" lon="6.4429800">
    <ele>1291</ele>
   </trkpt>
   <trkpt lat="45.8811600" lon="6.4431300">
    <ele>1292</ele>
   </trkpt>
   <trkpt lat="45.8810700" lon="6.4431800">
    <ele>1292</ele>
   </trkpt>
   <trkpt lat="45.8809800" lon="6.4432300">
    <ele>1291</ele>
   </trkpt>
   <trkpt lat="45.8807900" lon="6.4433200">
    <ele>1291</ele>
   </trkpt>
   <trkpt lat="45.8807000" lon="6.4434100">
    <ele>1293</ele>
   </trkpt>
   <trkpt lat="45.8805500" lon="6.4436300">
    <ele>1297</ele>
   </trkpt>
   <trkpt lat="45.8802700" lon="6.4440799">
    <ele>1302</ele>
   </trkpt>
   <trkpt lat="45.8802400" lon="6.4441800">
    <ele>1302</ele>
   </trkpt>
   <trkpt lat="45.8802300" lon="6.4442700">
    <ele>1303</ele>
   </trkpt>
   <trkpt lat="45.8802300" lon="6.4443600">
    <ele>1303</ele>
   </trkpt>
   <trkpt lat="45.8802600" lon="6.4444800">
    <ele>1304</ele>
   </trkpt>
   <trkpt lat="45.8802800" lon="6.4445100">
    <ele>1304</ele>
   </trkpt>
   <trkpt lat="45.8803000" lon="6.4445499">
    <ele>1304</ele>
   </trkpt>
   <trkpt lat="45.8803500" lon="6.4446000">
    <ele>1305</ele>
   </trkpt>
   <trkpt lat="45.8804000" lon="6.4446100">
    <ele>1305</ele>
   </trkpt>
   <trkpt lat="45.8804900" lon="6.4446000">
    <ele>1305</ele>
   </trkpt>
   <trkpt lat="45.8805800" lon="6.4445400">
    <ele>1305</ele>
   </trkpt>
   <trkpt lat="45.8813699" lon="6.4438900">
    <ele>1308</ele>
   </trkpt>
   <trkpt lat="45.8815400" lon="6.4437400">
    <ele>1307</ele>
   </trkpt>
   <trkpt lat="45.8816000" lon="6.4437200">
    <ele>1308</ele>
   </trkpt>
   <trkpt lat="45.8816599" lon="6.4437100">
    <ele>1308</ele>
   </trkpt>
   <trkpt lat="45.8817100" lon="6.4437300">
    <ele>1311</ele>
   </trkpt>
   <trkpt lat="45.8817499" lon="6.4437700">
    <ele>1314</ele>
   </trkpt>
   <trkpt lat="45.8817900" lon="6.4438300">
    <ele>1317</ele>
   </trkpt>
   <trkpt lat="45.8818100" lon="6.4439000">
    <ele>1320</ele>
   </trkpt>
   <trkpt lat="45.8818100" lon="6.4439600">
    <ele>1321</ele>
   </trkpt>
   <trkpt lat="45.8818000" lon="6.4440400">
    <ele>1323</ele>
   </trkpt>
   <trkpt lat="45.8817800" lon="6.4441000">
    <ele>1323</ele>
   </trkpt>
   <trkpt lat="45.8815000" lon="6.4445400">
    <ele>1321</ele>
   </trkpt>
   <trkpt lat="45.8814100" lon="6.4447200">
    <ele>1321</ele>
   </trkpt>
   <trkpt lat="45.8812900" lon="6.4450200">
    <ele>1322</ele>
   </trkpt>
   <trkpt lat="45.8811700" lon="6.4454200">
    <ele>1326</ele>
   </trkpt>
   <trkpt lat="45.8810900" lon="6.4456200">
    <ele>1327</ele>
   </trkpt>
   <trkpt lat="45.8809800" lon="6.4458600">
    <ele>1329</ele>
   </trkpt>
   <trkpt lat="45.8809100" lon="6.4459700">
    <ele>1330</ele>
   </trkpt>
   <trkpt lat="45.8808200" lon="6.4460700">
    <ele>1330</ele>
   </trkpt>
   <trkpt lat="45.8805900" lon="6.4463200">
    <ele>1331</ele>
   </trkpt>
   <trkpt lat="45.8804600" lon="6.4464600">
    <ele>1331</ele>
   </trkpt>
   <trkpt lat="45.8802100" lon="6.4467200">
    <ele>1332</ele>
   </trkpt>
   <trkpt lat="45.8800400" lon="6.4469600">
    <ele>1332</ele>
   </trkpt>
   <trkpt lat="45.8799900" lon="6.4470700">
    <ele>1332</ele>
   </trkpt>
   <trkpt lat="45.8799400" lon="6.4472200">
    <ele>1334</ele>
   </trkpt>
   <trkpt lat="45.8798400" lon="6.4477100">
    <ele>1338</ele>
   </trkpt>
   <trkpt lat="45.8797900" lon="6.4478700">
    <ele>1339</ele>
   </trkpt>
   <trkpt lat="45.8797400" lon="6.4479700">
    <ele>1340</ele>
   </trkpt>
   <trkpt lat="45.8796700" lon="6.4480900">
    <ele>1340</ele>
   </trkpt>
   <trkpt lat="45.8795700" lon="6.4482000">
    <ele>1340</ele>
   </trkpt>
   <trkpt lat="45.8792700" lon="6.4484400">
    <ele>1340</ele>
   </trkpt>
   <trkpt lat="45.8787700" lon="6.4487900">
    <ele>1346</ele>
   </trkpt>
   <trkpt lat="45.8781500" lon="6.4492000">
    <ele>1352</ele>
   </trkpt>
   <trkpt lat="45.8780400" lon="6.4493000">
    <ele>1353</ele>
   </trkpt>
   <trkpt lat="45.8778700" lon="6.4494600">
    <ele>1355</ele>
   </trkpt>
   <trkpt lat="45.8777400" lon="6.4496200">
    <ele>1356</ele>
   </trkpt>
   <trkpt lat="45.8774100" lon="6.4500600">
    <ele>1360</ele>
   </trkpt>
   <trkpt lat="45.8769000" lon="6.4507500">
    <ele>1368</ele>
   </trkpt>
   <trkpt lat="45.8768500" lon="6.4508599">
    <ele>1369</ele>
   </trkpt>
   <trkpt lat="45.8768400" lon="6.4509800">
    <ele>1371</ele>
   </trkpt>
   <trkpt lat="45.8768500" lon="6.4510500">
    <ele>1372</ele>
   </trkpt>
   <trkpt lat="45.8768699" lon="6.4511300">
    <ele>1373</ele>
   </trkpt>
   <trkpt lat="45.8769300" lon="6.4511800">
    <ele>1374</ele>
   </trkpt>
   <trkpt lat="45.8769900" lon="6.4512000">
    <ele>1375</ele>
   </trkpt>
   <trkpt lat="45.8770800" lon="6.4511800">
    <ele>1376</ele>
   </trkpt>
   <trkpt lat="45.8771500" lon="6.4511400">
    <ele>1375</ele>
   </trkpt>
   <trkpt lat="45.8772700" lon="6.4510300">
    <ele>1375</ele>
   </trkpt>
   <trkpt lat="45.8773900" lon="6.4509500">
    <ele>1374</ele>
   </trkpt>
   <trkpt lat="45.8775199" lon="6.4509000">
    <ele>1374</ele>
   </trkpt>
   <trkpt lat="45.8776600" lon="6.4508700">
    <ele>1374</ele>
   </trkpt>
   <trkpt lat="45.8778099" lon="6.4508800">
    <ele>1375</ele>
   </trkpt>
   <trkpt lat="45.8781400" lon="6.4509600">
    <ele>1377</ele>
   </trkpt>
   <trkpt lat="45.8782400" lon="6.4509700">
    <ele>1378</ele>
   </trkpt>
   <trkpt lat="45.8783300" lon="6.4509600">
    <ele>1378</ele>
   </trkpt>
   <trkpt lat="45.8783800" lon="6.4509500">
    <ele>1378</ele>
   </trkpt>
   <trkpt lat="45.8784900" lon="6.4509100">
    <ele>1379</ele>
   </trkpt>
   <trkpt lat="45.8787900" lon="6.4507400">
    <ele>1381</ele>
   </trkpt>
   <trkpt lat="45.8788600" lon="6.4507500">
    <ele>1382</ele>
   </trkpt>
   <trkpt lat="45.8789100" lon="6.4507800">
    <ele>1383</ele>
   </trkpt>
   <trkpt lat="45.8789500" lon="6.4508100">
    <ele>1384</ele>
   </trkpt>
   <trkpt lat="45.8789800" lon="6.4508500">
    <ele>1385</ele>
   </trkpt>
   <trkpt lat="45.8790000" lon="6.4509200">
    <ele>1386</ele>
   </trkpt>
   <trkpt lat="45.8790100" lon="6.4509900">
    <ele>1387</ele>
   </trkpt>
   <trkpt lat="45.8790000" lon="6.4510700">
    <ele>1388</ele>
   </trkpt>
   <trkpt lat="45.8789800" lon="6.4511300">
    <ele>1389</ele>
   </trkpt>
   <trkpt lat="45.8789400" lon="6.4512100">
    <ele>1390</ele>
   </trkpt>
   <trkpt lat="45.8789000" lon="6.4512800">
    <ele>1390</ele>
   </trkpt>
   <trkpt lat="45.8788300" lon="6.4513700">
    <ele>1390</ele>
   </trkpt>
   <trkpt lat="45.8786100" lon="6.4516500">
    <ele>1391</ele>
   </trkpt>
   <trkpt lat="45.8785200" lon="6.4517400">
    <ele>1392</ele>
   </trkpt>
   <trkpt lat="45.8784100" lon="6.4518200">
    <ele>1392</ele>
   </trkpt>
   <trkpt lat="45.8776600" lon="6.4522500">
    <ele>1398</ele>
   </trkpt>
   <trkpt lat="45.8774400" lon="6.4524000">
    <ele>1400</ele>
   </trkpt>
   <trkpt lat="45.8767300" lon="6.4528299">
    <ele>1405</ele>
   </trkpt>
   <trkpt lat="45.8765800" lon="6.4529200">
    <ele>1405</ele>
   </trkpt>
   <trkpt lat="45.8761900" lon="6.4532500">
    <ele>1407</ele>
   </trkpt>
   <trkpt lat="45.8757000" lon="6.4537800">
    <ele>1417</ele>
   </trkpt>
   <trkpt lat="45.8755300" lon="6.4539500">
    <ele>1421</ele>
   </trkpt>
   <trkpt lat="45.8754100" lon="6.4540499">
    <ele>1423</ele>
   </trkpt>
   <trkpt lat="45.8752200" lon="6.4541600">
    <ele>1424</ele>
   </trkpt>
   <trkpt lat="45.8746200" lon="6.4544499">
    <ele>1426</ele>
   </trkpt>
   <trkpt lat="45.8738600" lon="6.4547800">
    <ele>1430</ele>
   </trkpt>
   <trkpt lat="45.8737600" lon="6.4548400">
    <ele>1431</ele>
   </trkpt>
   <trkpt lat="45.8737000" lon="6.4549100">
    <ele>1432</ele>
   </trkpt>
   <trkpt lat="45.8736600" lon="6.4550100">
    <ele>1434</ele>
   </trkpt>
   <trkpt lat="45.8736400" lon="6.4551000">
    <ele>1435</ele>
   </trkpt>
   <trkpt lat="45.8736500" lon="6.4551700">
    <ele>1436</ele>
   </trkpt>
   <trkpt lat="45.8736700" lon="6.4552500">
    <ele>1437</ele>
   </trkpt>
   <trkpt lat="45.8737100" lon="6.4553000">
    <ele>1437</ele>
   </trkpt>
   <trkpt lat="45.8737500" lon="6.4553300">
    <ele>1438</ele>
   </trkpt>
   <trkpt lat="45.8738000" lon="6.4553600">
    <ele>1438</ele>
   </trkpt>
   <trkpt lat="45.8738900" lon="6.4553600">
    <ele>1438</ele>
   </trkpt>
   <trkpt lat="45.8747700" lon="6.4551000">
    <ele>1436</ele>
   </trkpt>
   <trkpt lat="45.8754300" lon="6.4549000">
    <ele>1440</ele>
   </trkpt>
   <trkpt lat="45.8757300" lon="6.4547800">
    <ele>1442</ele>
   </trkpt>
   <trkpt lat="45.8759299" lon="6.4547200">
    <ele>1442</ele>
   </trkpt>
   <trkpt lat="45.8759800" lon="6.4547200">
    <ele>1442</ele>
   </trkpt>
   <trkpt lat="45.8760300" lon="6.4547400">
    <ele>1443</ele>
   </trkpt>
   <trkpt lat="45.8760700" lon="6.4547800">
    <ele>1444</ele>
   </trkpt>
   <trkpt lat="45.8761000" lon="6.4548300">
    <ele>1445</ele>
   </trkpt>
   <trkpt lat="45.8761200" lon="6.4548800">
    <ele>1446</ele>
   </trkpt>
   <trkpt lat="45.8761300" lon="6.4549500">
    <ele>1447</ele>
   </trkpt>
   <trkpt lat="45.8761200" lon="6.4550200">
    <ele>1449</ele>
   </trkpt>
   <trkpt lat="45.8761000" lon="6.4550800">
    <ele>1450</ele>
   </trkpt>
   <trkpt lat="45.8760700" lon="6.4551299">
    <ele>1451</ele>
   </trkpt>
   <trkpt lat="45.8760000" lon="6.4551900">
    <ele>1451</ele>
   </trkpt>
   <trkpt lat="45.8754900" lon="6.4555000">
    <ele>1450</ele>
   </trkpt>
   <trkpt lat="45.8753000" lon="6.4556600">
    <ele>1449</ele>
   </trkpt>
   <trkpt lat="45.8751400" lon="6.4558200">
    <ele>1448</ele>
   </trkpt>
   <trkpt lat="45.8749600" lon="6.4560300">
    <ele>1450</ele>
   </trkpt>
   <trkpt lat="45.8747200" lon="6.4563100">
    <ele>1455</ele>
   </trkpt>
   <trkpt lat="45.8745300" lon="6.4565900">
    <ele>1460</ele>
   </trkpt>
   <trkpt lat="45.8744299" lon="6.4567800">
    <ele>1462</ele>
   </trkpt>
   <trkpt lat="45.8743399" lon="6.4569700">
    <ele>1462</ele>
   </trkpt>
   <trkpt lat="45.8742800" lon="6.4571300">
    <ele>1463</ele>
   </trkpt>
   <trkpt lat="45.8742200" lon="6.4573500">
    <ele>1464</ele>
   </trkpt>
   <trkpt lat="45.8741700" lon="6.4575699">
    <ele>1465</ele>
   </trkpt>
   <trkpt lat="45.8741500" lon="6.4577900">
    <ele>1467</ele>
   </trkpt>
   <trkpt lat="45.8740800" lon="6.4592900">
    <ele>1476</ele>
   </trkpt>
   <trkpt lat="45.8740600" lon="6.4604400">
    <ele>1480</ele>
   </trkpt>
   <trkpt lat="45.8740400" lon="6.4606600">
    <ele>1480</ele>
   </trkpt>
   <trkpt lat="45.8740300" lon="6.4607900">
    <ele>1480</ele>
   </trkpt>
   <trkpt lat="45.8739900" lon="6.4610000">
    <ele>1480</ele>
   </trkpt>
   <trkpt lat="45.8739300" lon="6.4612100">
    <ele>1480</ele>
   </trkpt>
   <trkpt lat="45.8738400" lon="6.4614600">
    <ele>1480</ele>
   </trkpt>
   <trkpt lat="45.8732200" lon="6.4628000">
    <ele>1485</ele>
   </trkpt>
   <trkpt lat="45.8727200" lon="6.4639200">
    <ele>1487</ele>
   </trkpt>
   <trkpt lat="45.8723800" lon="6.4646500">
    <ele>1487</ele>
   </trkpt>
   <trkpt lat="45.8723000" lon="6.4648300">
    <ele>1487</ele>
   </trkpt>
   <trkpt lat="45.8722800" lon="6.4648700">
    <ele>1487</ele>
   </trkpt>
   <trkpt lat="45.8722400" lon="6.4649599">
    <ele>1488</ele>
   </trkpt>
   <trkpt lat="45.8721000" lon="6.4652200">
    <ele>1487</ele>
   </trkpt>
   <trkpt lat="45.8720799" lon="6.4652900">
    <ele>1487</ele>
   </trkpt>
   <trkpt lat="45.8719899" lon="6.4654900">
    <ele>1487</ele>
   </trkpt>
   <trkpt lat="45.8719700" lon="6.4655300">
    <ele>1487</ele>
   </trkpt>
   <trkpt lat="45.8719100" lon="6.4657300">
    <ele>1486</ele>
   </trkpt>
   <trkpt lat="45.8718900" lon="6.4658900">
    <ele>1486</ele>
   </trkpt>
   <trkpt lat="45.8718800" lon="6.4659800">
    <ele>1486</ele>
   </trkpt>
   <trkpt lat="45.8718600" lon="6.4661099">
    <ele>1486</ele>
   </trkpt>
   <trkpt lat="45.8718100" lon="6.4663199">
    <ele>1486</ele>
   </trkpt>
   <trkpt lat="45.8717400" lon="6.4664800">
    <ele>1485</ele>
   </trkpt>
   <trkpt lat="45.8716600" lon="6.4667100">
    <ele>1484</ele>
   </trkpt>
   <trkpt lat="45.8716300" lon="6.4667899">
    <ele>1484</ele>
   </trkpt>
   <trkpt lat="45.8716000" lon="6.4669500">
    <ele>1483</ele>
   </trkpt>
   <trkpt lat="45.8715900" lon="6.4672100">
    <ele>1483</ele>
   </trkpt>
   <trkpt lat="45.8715900" lon="6.4673800">
    <ele>1483</ele>
   </trkpt>
   <trkpt lat="45.8716000" lon="6.4676800">
    <ele>1483</ele>
   </trkpt>
   <trkpt lat="45.8716000" lon="6.4678100">
    <ele>1483</ele>
   </trkpt>
   <trkpt lat="45.8715199" lon="6.4684600">
    <ele>1482</ele>
   </trkpt>
   <trkpt lat="45.8715000" lon="6.4685200">
    <ele>1481</ele>
   </trkpt>
   <trkpt lat="45.8714600" lon="6.4686000">
    <ele>1480</ele>
   </trkpt>
   <trkpt lat="45.8714000" lon="6.4686800">
    <ele>1479</ele>
   </trkpt>
   <trkpt lat="45.8712900" lon="6.4687800">
    <ele>1477</ele>
   </trkpt>
   <trkpt lat="45.8712000" lon="6.4688900">
    <ele>1474</ele>
   </trkpt>
   <trkpt lat="45.8711200" lon="6.4690100">
    <ele>1473</ele>
   </trkpt>
   <trkpt lat="45.8710100" lon="6.4692200">
    <ele>1470</ele>
   </trkpt>
   <trkpt lat="45.8709400" lon="6.4693699">
    <ele>1468</ele>
   </trkpt>
   <trkpt lat="45.8709100" lon="6.4695100">
    <ele>1467</ele>
   </trkpt>
   <trkpt lat="45.8709000" lon="6.4695900">
    <ele>1466</ele>
   </trkpt>
   <trkpt lat="45.8709000" lon="6.4697400">
    <ele>1466</ele>
   </trkpt>
   <trkpt lat="45.8709700" lon="6.4702900">
    <ele>1465</ele>
   </trkpt>
   <trkpt lat="45.8710100" lon="6.4708000">
    <ele>1462</ele>
   </trkpt>
   <trkpt lat="45.8710499" lon="6.4710100">
    <ele>1461</ele>
   </trkpt>
   <trkpt lat="45.8711300" lon="6.4713200">
    <ele>1460</ele>
   </trkpt>
   <trkpt lat="45.8712000" lon="6.4715299">
    <ele>1459</ele>
   </trkpt>
   <trkpt lat="45.8713700" lon="6.4718700">
    <ele>1457</ele>
   </trkpt>
   <trkpt lat="45.8714100" lon="6.4719800">
    <ele>1456</ele>
   </trkpt>
   <trkpt lat="45.8714800" lon="6.4722200">
    <ele>1454</ele>
   </trkpt>
   <trkpt lat="45.8715300" lon="6.4724199">
    <ele>1452</ele>
   </trkpt>
   <trkpt lat="45.8716200" lon="6.4727300">
    <ele>1448</ele>
   </trkpt>
   <trkpt lat="45.8716900" lon="6.4729400">
    <ele>1445</ele>
   </trkpt>
   <trkpt lat="45.8717400" lon="6.4730500">
    <ele>1445</ele>
   </trkpt>
   <trkpt lat="45.8719300" lon="6.4733300">
    <ele>1447</ele>
   </trkpt>
   <trkpt lat="45.8719700" lon="6.4733900">
    <ele>1447</ele>
   </trkpt>
   <trkpt lat="45.8720799" lon="6.4736600">
    <ele>1447</ele>
   </trkpt>
   <trkpt lat="45.8721400" lon="6.4737600">
    <ele>1448</ele>
   </trkpt>
   <trkpt lat="45.8722700" lon="6.4739500">
    <ele>1450</ele>
   </trkpt>
   <trkpt lat="45.8723000" lon="6.4740100">
    <ele>1450</ele>
   </trkpt>
   <trkpt lat="45.8723100" lon="6.4740800">
    <ele>1449</ele>
   </trkpt>
   <trkpt lat="45.8723200" lon="6.4741400">
    <ele>1449</ele>
   </trkpt>
   <trkpt lat="45.8723100" lon="6.4741799">
    <ele>1448</ele>
   </trkpt>
   <trkpt lat="45.8722700" lon="6.4742400">
    <ele>1446</ele>
   </trkpt>
   <trkpt lat="45.8722300" lon="6.4742499">
    <ele>1444</ele>
   </trkpt>
   <trkpt lat="45.8722000" lon="6.4742400">
    <ele>1443</ele>
   </trkpt>
   <trkpt lat="45.8720900" lon="6.4741600">
    <ele>1440</ele>
   </trkpt>
   <trkpt lat="45.8719200" lon="6.4740700">
    <ele>1436</ele>
   </trkpt>
   <trkpt lat="45.8717000" lon="6.4739600">
    <ele>1429</ele>
   </trkpt>
   <trkpt lat="45.8716400" lon="6.4739600">
    <ele>1429</ele>
   </trkpt>
   <trkpt lat="45.8715900" lon="6.4739699">
    <ele>1429</ele>
   </trkpt>
   <trkpt lat="45.8715600" lon="6.4740300">
    <ele>1429</ele>
   </trkpt>
   <trkpt lat="45.8715400" lon="6.4740700">
    <ele>1428</ele>
   </trkpt>
   <trkpt lat="45.8715400" lon="6.4741500">
    <ele>1427</ele>
   </trkpt>
   <trkpt lat="45.8715600" lon="6.4742100">
    <ele>1426</ele>
   </trkpt>
   <trkpt lat="45.8716000" lon="6.4742600">
    <ele>1425</ele>
   </trkpt>
   <trkpt lat="45.8716500" lon="6.4742900">
    <ele>1424</ele>
   </trkpt>
   <trkpt lat="45.8718300" lon="6.4743400">
    <ele>1429</ele>
   </trkpt>
   <trkpt lat="45.8719200" lon="6.4743700">
    <ele>1432</ele>
   </trkpt>
   <trkpt lat="45.8719600" lon="6.4744100">
    <ele>1433</ele>
   </trkpt>
   <trkpt lat="45.8719899" lon="6.4744500">
    <ele>1434</ele>
   </trkpt>
   <trkpt lat="45.8720100" lon="6.4744900">
    <ele>1434</ele>
   </trkpt>
   <trkpt lat="45.8720100" lon="6.4745400">
    <ele>1434</ele>
   </trkpt>
   <trkpt lat="45.8720000" lon="6.4745900">
    <ele>1433</ele>
   </trkpt>
   <trkpt lat="45.8719800" lon="6.4746300">
    <ele>1432</ele>
   </trkpt>
   <trkpt lat="45.8719400" lon="6.4746600">
    <ele>1430</ele>
   </trkpt>
   <trkpt lat="45.8718000" lon="6.4746800">
    <ele>1425</ele>
   </trkpt>
   <trkpt lat="45.8715700" lon="6.4746600">
    <ele>1421</ele>
   </trkpt>
   <trkpt lat="45.8715100" lon="6.4746700">
    <ele>1422</ele>
   </trkpt>
   <trkpt lat="45.8714800" lon="6.4747000">
    <ele>1422</ele>
   </trkpt>
   <trkpt lat="45.8714700" lon="6.4747300">
    <ele>1421</ele>
   </trkpt>
   <trkpt lat="45.8714500" lon="6.4747899">
    <ele>1421</ele>
   </trkpt>
   <trkpt lat="45.8714600" lon="6.4748599">
    <ele>1420</ele>
   </trkpt>
   <trkpt lat="45.8714900" lon="6.4749000">
    <ele>1419</ele>
   </trkpt>
   <trkpt lat="45.8715400" lon="6.4749400">
    <ele>1418</ele>
   </trkpt>
   <trkpt lat="45.8715900" lon="6.4749500">
    <ele>1418</ele>
   </trkpt>
   <trkpt lat="45.8718000" lon="6.4749500">
    <ele>1422</ele>
   </trkpt>
   <trkpt lat="45.8718400" lon="6.4749700">
    <ele>1423</ele>
   </trkpt>
   <trkpt lat="45.8718900" lon="6.4750200">
    <ele>1425</ele>
   </trkpt>
   <trkpt lat="45.8719200" lon="6.4750700">
    <ele>1425</ele>
   </trkpt>
   <trkpt lat="45.8719300" lon="6.4751300">
    <ele>1425</ele>
   </trkpt>
   <trkpt lat="45.8719400" lon="6.4752300">
    <ele>1425</ele>
   </trkpt>
   <trkpt lat="45.8719400" lon="6.4755000">
    <ele>1423</ele>
   </trkpt>
   <trkpt lat="45.8719500" lon="6.4755900">
    <ele>1423</ele>
   </trkpt>
   <trkpt lat="45.8719700" lon="6.4756700">
    <ele>1424</ele>
   </trkpt>
   <trkpt lat="45.8720400" lon="6.4757999">
    <ele>1426</ele>
   </trkpt>
   <trkpt lat="45.8720900" lon="6.4758699">
    <ele>1428</ele>
   </trkpt>
   <trkpt lat="45.8721400" lon="6.4759900">
    <ele>1430</ele>
   </trkpt>
   <trkpt lat="45.8721600" lon="6.4761000">
    <ele>1430</ele>
   </trkpt>
   <trkpt lat="45.8721500" lon="6.4761900">
    <ele>1429</ele>
   </trkpt>
   <trkpt lat="45.8721300" lon="6.4762600">
    <ele>1427</ele>
   </trkpt>
   <trkpt lat="45.8721100" lon="6.4763100">
    <ele>1426</ele>
   </trkpt>
   <trkpt lat="45.8719600" lon="6.4764400">
    <ele>1415</ele>
   </trkpt>
   <trkpt lat="45.8719100" lon="6.4765000">
    <ele>1411</ele>
   </trkpt>
   <trkpt lat="45.8718400" lon="6.4766199">
    <ele>1405</ele>
   </trkpt>
   <trkpt lat="45.8718200" lon="6.4766899">
    <ele>1403</ele>
   </trkpt>
   <trkpt lat="45.8717700" lon="6.4768900">
    <ele>1401</ele>
   </trkpt>
   <trkpt lat="45.8717200" lon="6.4772200">
    <ele>1399</ele>
   </trkpt>
   <trkpt lat="45.8716800" lon="6.4775000">
    <ele>1398</ele>
   </trkpt>
   <trkpt lat="45.8716700" lon="6.4776300">
    <ele>1398</ele>
   </trkpt>
   <trkpt lat="45.8716600" lon="6.4779700">
    <ele>1401</ele>
   </trkpt>
   <trkpt lat="45.8716600" lon="6.4785000">
    <ele>1402</ele>
   </trkpt>
   <trkpt lat="45.8716700" lon="6.4786400">
    <ele>1402</ele>
   </trkpt>
   <trkpt lat="45.8718200" lon="6.4795900">
    <ele>1404</ele>
   </trkpt>
   <trkpt lat="45.8718700" lon="6.4799600">
    <ele>1402</ele>
   </trkpt>
   <trkpt lat="45.8718700" lon="6.4800800">
    <ele>1400</ele>
   </trkpt>
   <trkpt lat="45.8718600" lon="6.4802400">
    <ele>1398</ele>
   </trkpt>
   <trkpt lat="45.8718200" lon="6.4803900">
    <ele>1395</ele>
   </trkpt>
   <trkpt lat="45.8718000" lon="6.4804600">
    <ele>1394</ele>
   </trkpt>
   <trkpt lat="45.8717500" lon="6.4805200">
    <ele>1391</ele>
   </trkpt>
   <trkpt lat="45.8716700" lon="6.4806000">
    <ele>1387</ele>
   </trkpt>
   <trkpt lat="45.8716300" lon="6.4806500">
    <ele>1385</ele>
   </trkpt>
   <trkpt lat="45.8716099" lon="6.4807300">
    <ele>1384</ele>
   </trkpt>
   <trkpt lat="45.8716000" lon="6.4808400">
    <ele>1383</ele>
   </trkpt>
   <trkpt lat="45.8715900" lon="6.4811100">
    <ele>1383</ele>
   </trkpt>
   <trkpt lat="45.8715800" lon="6.4811600">
    <ele>1383</ele>
   </trkpt>
   <trkpt lat="45.8715500" lon="6.4812100">
    <ele>1382</ele>
   </trkpt>
   <trkpt lat="45.8715000" lon="6.4812400">
    <ele>1380</ele>
   </trkpt>
   <trkpt lat="45.8714400" lon="6.4812300">
    <ele>1379</ele>
   </trkpt>
   <trkpt lat="45.8714200" lon="6.4812100">
    <ele>1378</ele>
   </trkpt>
   <trkpt lat="45.8713800" lon="6.4811200">
    <ele>1377</ele>
   </trkpt>
   <trkpt lat="45.8713700" lon="6.4810700">
    <ele>1377</ele>
   </trkpt>
   <trkpt lat="45.8713800" lon="6.4809599">
    <ele>1378</ele>
   </trkpt>
   <trkpt lat="45.8714299" lon="6.4807200">
    <ele>1380</ele>
   </trkpt>
   <trkpt lat="45.8714299" lon="6.4806400">
    <ele>1380</ele>
   </trkpt>
   <trkpt lat="45.8714200" lon="6.4805700">
    <ele>1380</ele>
   </trkpt>
   <trkpt lat="45.8714000" lon="6.4805100">
    <ele>1379</ele>
   </trkpt>
   <trkpt lat="45.8713600" lon="6.4804700">
    <ele>1378</ele>
   </trkpt>
   <trkpt lat="45.8713200" lon="6.4804500">
    <ele>1377</ele>
   </trkpt>
   <trkpt lat="45.8712700" lon="6.4804500">
    <ele>1376</ele>
   </trkpt>
   <trkpt lat="45.8712100" lon="6.4804800">
    <ele>1374</ele>
   </trkpt>
   <trkpt lat="45.8711700" lon="6.4805400">
    <ele>1373</ele>
   </trkpt>
   <trkpt lat="45.8711399" lon="6.4806200">
    <ele>1372</ele>
   </trkpt>
   <trkpt lat="45.8711200" lon="6.4807300">
    <ele>1372</ele>
   </trkpt>
   <trkpt lat="45.8711000" lon="6.4811200">
    <ele>1370</ele>
   </trkpt>
   <trkpt lat="45.8710800" lon="6.4812200">
    <ele>1369</ele>
   </trkpt>
   <trkpt lat="45.8709599" lon="6.4815400">
    <ele>1364</ele>
   </trkpt>
   <trkpt lat="45.8708600" lon="6.4818200">
    <ele>1359</ele>
   </trkpt>
   <trkpt lat="45.8708000" lon="6.4820600">
    <ele>1355</ele>
   </trkpt>
   <trkpt lat="45.8707700" lon="6.4821900">
    <ele>1353</ele>
   </trkpt>
   <trkpt lat="45.8707800" lon="6.4822499">
    <ele>1352</ele>
   </trkpt>
   <trkpt lat="45.8707900" lon="6.4823200">
    <ele>1352</ele>
   </trkpt>
   <trkpt lat="45.8709400" lon="6.4826000">
    <ele>1356</ele>
   </trkpt>
   <trkpt lat="45.8710000" lon="6.4827300">
    <ele>1357</ele>
   </trkpt>
   <trkpt lat="45.8711100" lon="6.4830900">
    <ele>1358</ele>
   </trkpt>
   <trkpt lat="45.8711399" lon="6.4832599">
    <ele>1358</ele>
   </trkpt>
   <trkpt lat="45.8712600" lon="6.4836700">
    <ele>1357</ele>
   </trkpt>
   <trkpt lat="45.8713000" lon="6.4838400">
    <ele>1355</ele>
   </trkpt>
   <trkpt lat="45.8713500" lon="6.4842500">
    <ele>1349</ele>
   </trkpt>
   <trkpt lat="45.8713800" lon="6.4844000">
    <ele>1349</ele>
   </trkpt>
   <trkpt lat="45.8714600" lon="6.4846700">
    <ele>1349</ele>
   </trkpt>
   <trkpt lat="45.8714900" lon="6.4847400">
    <ele>1349</ele>
   </trkpt>
   <trkpt lat="45.8715199" lon="6.4848000">
    <ele>1349</ele>
   </trkpt>
   <trkpt lat="45.8716900" lon="6.4849600">
    <ele>1353</ele>
   </trkpt>
   <trkpt lat="45.8717400" lon="6.4850300">
    <ele>1354</ele>
   </trkpt>
   <trkpt lat="45.8717700" lon="6.4851000">
    <ele>1355</ele>
   </trkpt>
   <trkpt lat="45.8718100" lon="6.4852100">
    <ele>1356</ele>
   </trkpt>
   <trkpt lat="45.8718300" lon="6.4853900">
    <ele>1355</ele>
   </trkpt>
   <trkpt lat="45.8718300" lon="6.4855000">
    <ele>1355</ele>
   </trkpt>
   <trkpt lat="45.8718100" lon="6.4856400">
    <ele>1353</ele>
   </trkpt>
   <trkpt lat="45.8717600" lon="6.4858100">
    <ele>1350</ele>
   </trkpt>
   <trkpt lat="45.8716800" lon="6.4859900">
    <ele>1344</ele>
   </trkpt>
   <trkpt lat="45.8716600" lon="6.4860500">
    <ele>1342</ele>
   </trkpt>
   <trkpt lat="45.8716700" lon="6.4861000">
    <ele>1342</ele>
   </trkpt>
   <trkpt lat="45.8717100" lon="6.4862399">
    <ele>1342</ele>
   </trkpt>
   <trkpt lat="45.8717200" lon="6.4863400">
    <ele>1341</ele>
   </trkpt>
   <trkpt lat="45.8717100" lon="6.4864499">
    <ele>1340</ele>
   </trkpt>
   <trkpt lat="45.8716700" lon="6.4865700">
    <ele>1336</ele>
   </trkpt>
   <trkpt lat="45.8716300" lon="6.4866100">
    <ele>1335</ele>
   </trkpt>
   <trkpt lat="45.8715700" lon="6.4866600">
    <ele>1333</ele>
   </trkpt>
   <trkpt lat="45.8714000" lon="6.4867400">
    <ele>1328</ele>
   </trkpt>
   <trkpt lat="45.8711399" lon="6.4868100">
    <ele>1322</ele>
   </trkpt>
   <trkpt lat="45.8710700" lon="6.4868600">
    <ele>1320</ele>
   </trkpt>
   <trkpt lat="45.8710300" lon="6.4869000">
    <ele>1319</ele>
   </trkpt>
   <trkpt lat="45.8709800" lon="6.4869899">
    <ele>1318</ele>
   </trkpt>
   <trkpt lat="45.8709400" lon="6.4871100">
    <ele>1318</ele>
   </trkpt>
   <trkpt lat="45.8707500" lon="6.4874700">
    <ele>1316</ele>
   </trkpt>
   <trkpt lat="45.8707000" lon="6.4875299">
    <ele>1314</ele>
   </trkpt>
   <trkpt lat="45.8706699" lon="6.4875600">
    <ele>1313</ele>
   </trkpt>
   <trkpt lat="45.8706200" lon="6.4875600">
    <ele>1313</ele>
   </trkpt>
   <trkpt lat="45.8705799" lon="6.4875500">
    <ele>1312</ele>
   </trkpt>
   <trkpt lat="45.8705500" lon="6.4875000">
    <ele>1313</ele>
   </trkpt>
   <trkpt lat="45.8705200" lon="6.4874599">
    <ele>1312</ele>
   </trkpt>
   <trkpt lat="45.8705100" lon="6.4873800">
    <ele>1312</ele>
   </trkpt>
   <trkpt lat="45.8705000" lon="6.4872700">
    <ele>1311</ele>
   </trkpt>
   <trkpt lat="45.8705100" lon="6.4871400">
    <ele>1311</ele>
   </trkpt>
   <trkpt lat="45.8705300" lon="6.4870200">
    <ele>1311</ele>
   </trkpt>
   <trkpt lat="45.8705600" lon="6.4869100">
    <ele>1311</ele>
   </trkpt>
   <trkpt lat="45.8706100" lon="6.4868000">
    <ele>1311</ele>
   </trkpt>
   <trkpt lat="45.8706500" lon="6.4867400">
    <ele>1312</ele>
   </trkpt>
   <trkpt lat="45.8707300" lon="6.4866600">
    <ele>1313</ele>
   </trkpt>
   <trkpt lat="45.8708400" lon="6.4866100">
    <ele>1315</ele>
   </trkpt>
   <trkpt lat="45.8709599" lon="6.4865800">
    <ele>1319</ele>
   </trkpt>
   <trkpt lat="45.8710200" lon="6.4865600">
    <ele>1320</ele>
   </trkpt>
   <trkpt lat="45.8710600" lon="6.4865199">
    <ele>1321</ele>
   </trkpt>
   <trkpt lat="45.8710900" lon="6.4864700">
    <ele>1323</ele>
   </trkpt>
   <trkpt lat="45.8711100" lon="6.4864000">
    <ele>1324</ele>
   </trkpt>
   <trkpt lat="45.8711200" lon="6.4863200">
    <ele>1324</ele>
   </trkpt>
   <trkpt lat="45.8711000" lon="6.4862399">
    <ele>1324</ele>
   </trkpt>
   <trkpt lat="45.8710700" lon="6.4861800">
    <ele>1324</ele>
   </trkpt>
   <trkpt lat="45.8710300" lon="6.4861300">
    <ele>1323</ele>
   </trkpt>
   <trkpt lat="45.8706300" lon="6.4857800">
    <ele>1314</ele>
   </trkpt>
   <trkpt lat="45.8705600" lon="6.4856999">
    <ele>1313</ele>
   </trkpt>
   <trkpt lat="45.8705300" lon="6.4856400">
    <ele>1313</ele>
   </trkpt>
   <trkpt lat="45.8705000" lon="6.4855500">
    <ele>1312</ele>
   </trkpt>
   <trkpt lat="45.8704700" lon="6.4854000">
    <ele>1312</ele>
   </trkpt>
   <trkpt lat="45.8703700" lon="6.4848500">
    <ele>1312</ele>
   </trkpt>
   <trkpt lat="45.8703300" lon="6.4845400">
    <ele>1312</ele>
   </trkpt>
   <trkpt lat="45.8703000" lon="6.4844099">
    <ele>1311</ele>
   </trkpt>
   <trkpt lat="45.8702400" lon="6.4842200">
    <ele>1310</ele>
   </trkpt>
   <trkpt lat="45.8701600" lon="6.4838900">
    <ele>1309</ele>
   </trkpt>
   <trkpt lat="45.8701400" lon="6.4837999">
    <ele>1310</ele>
   </trkpt>
   <trkpt lat="45.8700800" lon="6.4837000">
    <ele>1308</ele>
   </trkpt>
   <trkpt lat="45.8700300" lon="6.4836400">
    <ele>1307</ele>
   </trkpt>
   <trkpt lat="45.8699000" lon="6.4835500">
    <ele>1304</ele>
   </trkpt>
   <trkpt lat="45.8696100" lon="6.4833700">
    <ele>1299</ele>
   </trkpt>
   <trkpt lat="45.8695499" lon="6.4833100">
    <ele>1298</ele>
   </trkpt>
   <trkpt lat="45.8695200" lon="6.4832500">
    <ele>1298</ele>
   </trkpt>
   <trkpt lat="45.8694900" lon="6.4831500">
    <ele>1299</ele>
   </trkpt>
   <trkpt lat="45.8694500" lon="6.4829300">
    <ele>1300</ele>
   </trkpt>
   <trkpt lat="45.8694200" lon="6.4828000">
    <ele>1300</ele>
   </trkpt>
   <trkpt lat="45.8693200" lon="6.4825700">
    <ele>1298</ele>
   </trkpt>
   <trkpt lat="45.8692900" lon="6.4824600">
    <ele>1298</ele>
   </trkpt>
   <trkpt lat="45.8692800" lon="6.4824000">
    <ele>1298</ele>
   </trkpt>
   <trkpt lat="45.8692700" lon="6.4822600">
    <ele>1300</ele>
   </trkpt>
   <trkpt lat="45.8692800" lon="6.4819900">
    <ele>1303</ele>
   </trkpt>
   <trkpt lat="45.8692700" lon="6.4818900">
    <ele>1304</ele>
   </trkpt>
   <trkpt lat="45.8692500" lon="6.4818300">
    <ele>1304</ele>
   </trkpt>
   <trkpt lat="45.8691900" lon="6.4817800">
    <ele>1302</ele>
   </trkpt>
   <trkpt lat="45.8691500" lon="6.4817700">
    <ele>1300</ele>
   </trkpt>
   <trkpt lat="45.8691300" lon="6.4817900">
    <ele>1299</ele>
   </trkpt>
   <trkpt lat="45.8691000" lon="6.4818100">
    <ele>1297</ele>
   </trkpt>
   <trkpt lat="45.8690799" lon="6.4818500">
    <ele>1296</ele>
   </trkpt>
   <trkpt lat="45.8690700" lon="6.4819100">
    <ele>1295</ele>
   </trkpt>
   <trkpt lat="45.8690700" lon="6.4819600">
    <ele>1295</ele>
   </trkpt>
   <trkpt lat="45.8691000" lon="6.4820500">
    <ele>1295</ele>
   </trkpt>
   <trkpt lat="45.8691200" lon="6.4821500">
    <ele>1295</ele>
   </trkpt>
   <trkpt lat="45.8691200" lon="6.4822600">
    <ele>1294</ele>
   </trkpt>
   <trkpt lat="45.8691000" lon="6.4825400">
    <ele>1291</ele>
   </trkpt>
   <trkpt lat="45.8690900" lon="6.4828100">
    <ele>1290</ele>
   </trkpt>
   <trkpt lat="45.8690799" lon="6.4829300">
    <ele>1289</ele>
   </trkpt>
   <trkpt lat="45.8690400" lon="6.4830800">
    <ele>1287</ele>
   </trkpt>
   <trkpt lat="45.8689899" lon="6.4832100">
    <ele>1286</ele>
   </trkpt>
   <trkpt lat="45.8689400" lon="6.4833200">
    <ele>1284</ele>
   </trkpt>
   <trkpt lat="45.8688900" lon="6.4833700">
    <ele>1283</ele>
   </trkpt>
   <trkpt lat="45.8688300" lon="6.4833999">
    <ele>1282</ele>
   </trkpt>
   <trkpt lat="45.8686700" lon="6.4834200">
    <ele>1279</ele>
   </trkpt>
   <trkpt lat="45.8686000" lon="6.4834500">
    <ele>1277</ele>
   </trkpt>
   <trkpt lat="45.8685300" lon="6.4834800">
    <ele>1276</ele>
   </trkpt>
   <trkpt lat="45.8684800" lon="6.4835400">
    <ele>1274</ele>
   </trkpt>
   <trkpt lat="45.8684500" lon="6.4836100">
    <ele>1274</ele>
   </trkpt>
   <trkpt lat="45.8684100" lon="6.4837700">
    <ele>1272</ele>
   </trkpt>
   <trkpt lat="45.8684100" lon="6.4838800">
    <ele>1272</ele>
   </trkpt>
   <trkpt lat="45.8684200" lon="6.4839900">
    <ele>1272</ele>
   </trkpt>
   <trkpt lat="45.8684600" lon="6.4841500">
    <ele>1272</ele>
   </trkpt>
   <trkpt lat="45.8685100" lon="6.4842300">
    <ele>1272</ele>
   </trkpt>
   <trkpt lat="45.8686999" lon="6.4844900">
    <ele>1274</ele>
   </trkpt>
   <trkpt lat="45.8687900" lon="6.4846400">
    <ele>1275</ele>
   </trkpt>
   <trkpt lat="45.8688400" lon="6.4847400">
    <ele>1275</ele>
   </trkpt>
   <trkpt lat="45.8688800" lon="6.4848500">
    <ele>1275</ele>
   </trkpt>
   <trkpt lat="45.8688999" lon="6.4849500">
    <ele>1275</ele>
   </trkpt>
   <trkpt lat="45.8689100" lon="6.4850500">
    <ele>1275</ele>
   </trkpt>
   <trkpt lat="45.8688900" lon="6.4854500">
    <ele>1272</ele>
   </trkpt>
   <trkpt lat="45.8688800" lon="6.4857500">
    <ele>1270</ele>
   </trkpt>
   <trkpt lat="45.8688700" lon="6.4861600">
    <ele>1269</ele>
   </trkpt>
   <trkpt lat="45.8688400" lon="6.4863400">
    <ele>1269</ele>
   </trkpt>
   <trkpt lat="45.8687600" lon="6.4865600">
    <ele>1266</ele>
   </trkpt>
   <trkpt lat="45.8684700" lon="6.4872800">
    <ele>1260</ele>
   </trkpt>
   <trkpt lat="45.8684299" lon="6.4873700">
    <ele>1259</ele>
   </trkpt>
   <trkpt lat="45.8683800" lon="6.4874700">
    <ele>1258</ele>
   </trkpt>
   <trkpt lat="45.8683200" lon="6.4875400">
    <ele>1256</ele>
   </trkpt>
   <trkpt lat="45.8681200" lon="6.4877500">
    <ele>1250</ele>
   </trkpt>
   <trkpt lat="45.8680900" lon="6.4878000">
    <ele>1249</ele>
   </trkpt>
   <trkpt lat="45.8680700" lon="6.4878500">
    <ele>1248</ele>
   </trkpt>
   <trkpt lat="45.8680600" lon="6.4879200">
    <ele>1248</ele>
   </trkpt>
   <trkpt lat="45.8680499" lon="6.4880500">
    <ele>1247</ele>
   </trkpt>
   <trkpt lat="45.8680700" lon="6.4881900">
    <ele>1247</ele>
   </trkpt>
   <trkpt lat="45.8681500" lon="6.4887100">
    <ele>1244</ele>
   </trkpt>
   <trkpt lat="45.8681900" lon="6.4889300">
    <ele>1243</ele>
   </trkpt>
   <trkpt lat="45.8682100" lon="6.4890200">
    <ele>1242</ele>
   </trkpt>
   <trkpt lat="45.8682400" lon="6.4890800">
    <ele>1242</ele>
   </trkpt>
   <trkpt lat="45.8684800" lon="6.4893400">
    <ele>1243</ele>
   </trkpt>
   <trkpt lat="45.8685000" lon="6.4893900">
    <ele>1243</ele>
   </trkpt>
   <trkpt lat="45.8685100" lon="6.4894500">
    <ele>1242</ele>
   </trkpt>
   <trkpt lat="45.8685000" lon="6.4894900">
    <ele>1241</ele>
   </trkpt>
   <trkpt lat="45.8684900" lon="6.4895300">
    <ele>1240</ele>
   </trkpt>
   <trkpt lat="45.8684600" lon="6.4895600">
    <ele>1239</ele>
   </trkpt>
   <trkpt lat="45.8683900" lon="6.4895800">
    <ele>1237</ele>
   </trkpt>
   <trkpt lat="45.8683200" lon="6.4895500">
    <ele>1236</ele>
   </trkpt>
   <trkpt lat="45.8682800" lon="6.4895100">
    <ele>1236</ele>
   </trkpt>
   <trkpt lat="45.8681100" lon="6.4892600">
    <ele>1237</ele>
   </trkpt>
   <trkpt lat="45.8680600" lon="6.4892100">
    <ele>1237</ele>
   </trkpt>
   <trkpt lat="45.8678700" lon="6.4890800">
    <ele>1236</ele>
   </trkpt>
   <trkpt lat="45.8677599" lon="6.4889599">
    <ele>1235</ele>
   </trkpt>
   <trkpt lat="45.8676300" lon="6.4886400">
    <ele>1235</ele>
   </trkpt>
   <trkpt lat="45.8674500" lon="6.4883499">
    <ele>1232</ele>
   </trkpt>
   <trkpt lat="45.8673500" lon="6.4881200">
    <ele>1229</ele>
   </trkpt>
   <trkpt lat="45.8673300" lon="6.4880500">
    <ele>1229</ele>
   </trkpt>
   <trkpt lat="45.8673200" lon="6.4879100">
    <ele>1228</ele>
   </trkpt>
   <trkpt lat="45.8673100" lon="6.4876400">
    <ele>1228</ele>
   </trkpt>
   <trkpt lat="45.8673100" lon="6.4875700">
    <ele>1228</ele>
   </trkpt>
   <trkpt lat="45.8672899" lon="6.4874900">
    <ele>1227</ele>
   </trkpt>
   <trkpt lat="45.8672200" lon="6.4873300">
    <ele>1226</ele>
   </trkpt>
   <trkpt lat="45.8671400" lon="6.4872200">
    <ele>1224</ele>
   </trkpt>
   <trkpt lat="45.8670900" lon="6.4871100">
    <ele>1222</ele>
   </trkpt>
   <trkpt lat="45.8670700" lon="6.4869899">
    <ele>1222</ele>
   </trkpt>
   <trkpt lat="45.8670500" lon="6.4868200">
    <ele>1222</ele>
   </trkpt>
   <trkpt lat="45.8670199" lon="6.4867100">
    <ele>1221</ele>
   </trkpt>
   <trkpt lat="45.8670000" lon="6.4866600">
    <ele>1220</ele>
   </trkpt>
   <trkpt lat="45.8669400" lon="6.4866200">
    <ele>1219</ele>
   </trkpt>
   <trkpt lat="45.8669000" lon="6.4866200">
    <ele>1218</ele>
   </trkpt>
   <trkpt lat="45.8668600" lon="6.4866500">
    <ele>1217</ele>
   </trkpt>
   <trkpt lat="45.8668400" lon="6.4867000">
    <ele>1216</ele>
   </trkpt>
   <trkpt lat="45.8668200" lon="6.4867600">
    <ele>1216</ele>
   </trkpt>
   <trkpt lat="45.8668300" lon="6.4869800">
    <ele>1216</ele>
   </trkpt>
   <trkpt lat="45.8668400" lon="6.4870100">
    <ele>1216</ele>
   </trkpt>
   <trkpt lat="45.8668600" lon="6.4871800">
    <ele>1216</ele>
   </trkpt>
   <trkpt lat="45.8668900" lon="6.4873900">
    <ele>1217</ele>
   </trkpt>
   <trkpt lat="45.8669000" lon="6.4875000">
    <ele>1217</ele>
   </trkpt>
   <trkpt lat="45.8668800" lon="6.4875800">
    <ele>1217</ele>
   </trkpt>
   <trkpt lat="45.8668600" lon="6.4876300">
    <ele>1216</ele>
   </trkpt>
   <trkpt lat="45.8668300" lon="6.4876699">
    <ele>1215</ele>
   </trkpt>
   <trkpt lat="45.8667000" lon="6.4877900">
    <ele>1212</ele>
   </trkpt>
   <trkpt lat="45.8666500" lon="6.4878700">
    <ele>1211</ele>
   </trkpt>
   <trkpt lat="45.8666300" lon="6.4879100">
    <ele>1210</ele>
   </trkpt>
   <trkpt lat="45.8665600" lon="6.4881700">
    <ele>1208</ele>
   </trkpt>
   <trkpt lat="45.8665400" lon="6.4882200">
    <ele>1208</ele>
   </trkpt>
   <trkpt lat="45.8663800" lon="6.4884600">
    <ele>1204</ele>
   </trkpt>
   <trkpt lat="45.8663300" lon="6.4885400">
    <ele>1203</ele>
   </trkpt>
   <trkpt lat="45.8662800" lon="6.4887300">
    <ele>1201</ele>
   </trkpt>
   <trkpt lat="45.8662400" lon="6.4890400">
    <ele>1199</ele>
   </trkpt>
   <trkpt lat="45.8662400" lon="6.4891700">
    <ele>1199</ele>
   </trkpt>
   <trkpt lat="45.8663100" lon="6.4894800">
    <ele>1197</ele>
   </trkpt>
   <trkpt lat="45.8664400" lon="6.4898600">
    <ele>1195</ele>
   </trkpt>
   <trkpt lat="45.8664900" lon="6.4899699">
    <ele>1195</ele>
   </trkpt>
   <trkpt lat="45.8665700" lon="6.4900600">
    <ele>1195</ele>
   </trkpt>
   <trkpt lat="45.8667100" lon="6.4901700">
    <ele>1196</ele>
   </trkpt>
   <trkpt lat="45.8667600" lon="6.4902300">
    <ele>1196</ele>
   </trkpt>
   <trkpt lat="45.8670000" lon="6.4905500">
    <ele>1195</ele>
   </trkpt>
   <trkpt lat="45.8670900" lon="6.4906300">
    <ele>1196</ele>
   </trkpt>
   <trkpt lat="45.8672500" lon="6.4907199">
    <ele>1198</ele>
   </trkpt>
   <trkpt lat="45.8673000" lon="6.4907600">
    <ele>1198</ele>
   </trkpt>
   <trkpt lat="45.8673400" lon="6.4908400">
    <ele>1198</ele>
   </trkpt>
   <trkpt lat="45.8673600" lon="6.4909300">
    <ele>1198</ele>
   </trkpt>
   <trkpt lat="45.8673600" lon="6.4909800">
    <ele>1198</ele>
   </trkpt>
   <trkpt lat="45.8673500" lon="6.4910300">
    <ele>1198</ele>
   </trkpt>
   <trkpt lat="45.8673400" lon="6.4910700">
    <ele>1198</ele>
   </trkpt>
   <trkpt lat="45.8672899" lon="6.4911800">
    <ele>1196</ele>
   </trkpt>
   <trkpt lat="45.8670800" lon="6.4914500">
    <ele>1191</ele>
   </trkpt>
   <trkpt lat="45.8667800" lon="6.4917400">
    <ele>1183</ele>
   </trkpt>
   <trkpt lat="45.8667500" lon="6.4917800">
    <ele>1183</ele>
   </trkpt>
   <trkpt lat="45.8667299" lon="6.4918300">
    <ele>1183</ele>
   </trkpt>
   <trkpt lat="45.8667200" lon="6.4919100">
    <ele>1183</ele>
   </trkpt>
   <trkpt lat="45.8667299" lon="6.4920400">
    <ele>1184</ele>
   </trkpt>
   <trkpt lat="45.8667500" lon="6.4921900">
    <ele>1185</ele>
   </trkpt>
   <trkpt lat="45.8667700" lon="6.4923700">
    <ele>1187</ele>
   </trkpt>
   <trkpt lat="45.8667700" lon="6.4926199">
    <ele>1188</ele>
   </trkpt>
   <trkpt lat="45.8667500" lon="6.4927400">
    <ele>1188</ele>
   </trkpt>
   <trkpt lat="45.8667400" lon="6.4928100">
    <ele>1188</ele>
   </trkpt>
   <trkpt lat="45.8666800" lon="6.4929400">
    <ele>1187</ele>
   </trkpt>
   <trkpt lat="45.8666500" lon="6.4929700">
    <ele>1187</ele>
   </trkpt>
   <trkpt lat="45.8665800" lon="6.4930400">
    <ele>1186</ele>
   </trkpt>
   <trkpt lat="45.8664300" lon="6.4931599">
    <ele>1184</ele>
   </trkpt>
   <trkpt lat="45.8658100" lon="6.4935900">
    <ele>1173</ele>
   </trkpt>
   <trkpt lat="45.8654900" lon="6.4938000">
    <ele>1169</ele>
   </trkpt>
   <trkpt lat="45.8653800" lon="6.4938800">
    <ele>1168</ele>
   </trkpt>
   <trkpt lat="45.8653199" lon="6.4939400">
    <ele>1167</ele>
   </trkpt>
   <trkpt lat="45.8650200" lon="6.4943400">
    <ele>1163</ele>
   </trkpt>
   <trkpt lat="45.8649400" lon="6.4944700">
    <ele>1161</ele>
   </trkpt>
   <trkpt lat="45.8649200" lon="6.4945400">
    <ele>1160</ele>
   </trkpt>
   <trkpt lat="45.8649300" lon="6.4945900">
    <ele>1160</ele>
   </trkpt>
   <trkpt lat="45.8649500" lon="6.4946500">
    <ele>1160</ele>
   </trkpt>
   <trkpt lat="45.8649700" lon="6.4946900">
    <ele>1160</ele>
   </trkpt>
   <trkpt lat="45.8649300" lon="6.4947600">
    <ele>1159</ele>
   </trkpt>
   <trkpt lat="45.8648000" lon="6.4950700">
    <ele>1156</ele>
   </trkpt>
   <trkpt lat="45.8646600" lon="6.4952900">
    <ele>1152</ele>
   </trkpt>
   <trkpt lat="45.8645900" lon="6.4953800">
    <ele>1150</ele>
   </trkpt>
   <trkpt lat="45.8645200" lon="6.4954400">
    <ele>1149</ele>
   </trkpt>
   <trkpt lat="45.8644200" lon="6.4954599">
    <ele>1148</ele>
   </trkpt>
   <trkpt lat="45.8643400" lon="6.4954300">
    <ele>1148</ele>
   </trkpt>
   <trkpt lat="45.8642899" lon="6.4953800">
    <ele>1149</ele>
   </trkpt>
   <trkpt lat="45.8642600" lon="6.4953400">
    <ele>1149</ele>
   </trkpt>
   <trkpt lat="45.8642500" lon="6.4952400">
    <ele>1151</ele>
   </trkpt>
   <trkpt lat="45.8642800" lon="6.4949100">
    <ele>1154</ele>
   </trkpt>
   <trkpt lat="45.8642800" lon="6.4948400">
    <ele>1154</ele>
   </trkpt>
   <trkpt lat="45.8642700" lon="6.4947400">
    <ele>1153</ele>
   </trkpt>
   <trkpt lat="45.8640700" lon="6.4942800">
    <ele>1147</ele>
   </trkpt>
   <trkpt lat="45.8639900" lon="6.4940100">
    <ele>1143</ele>
   </trkpt>
   <trkpt lat="45.8639800" lon="6.4939300">
    <ele>1142</ele>
   </trkpt>
   <trkpt lat="45.8640000" lon="6.4937800">
    <ele>1142</ele>
   </trkpt>
   <trkpt lat="45.8640199" lon="6.4937100">
    <ele>1142</ele>
   </trkpt>
   <trkpt lat="45.8642500" lon="6.4932800">
    <ele>1143</ele>
   </trkpt>
   <trkpt lat="45.8642899" lon="6.4931500">
    <ele>1143</ele>
   </trkpt>
   <trkpt lat="45.8643200" lon="6.4930100">
    <ele>1143</ele>
   </trkpt>
   <trkpt lat="45.8643300" lon="6.4928800">
    <ele>1142</ele>
   </trkpt>
   <trkpt lat="45.8643200" lon="6.4928100">
    <ele>1141</ele>
   </trkpt>
   <trkpt lat="45.8643100" lon="6.4927400">
    <ele>1140</ele>
   </trkpt>
   <trkpt lat="45.8642800" lon="6.4926700">
    <ele>1139</ele>
   </trkpt>
   <trkpt lat="45.8642400" lon="6.4926199">
    <ele>1138</ele>
   </trkpt>
   <trkpt lat="45.8641800" lon="6.4925800">
    <ele>1136</ele>
   </trkpt>
   <trkpt lat="45.8641200" lon="6.4925700">
    <ele>1135</ele>
   </trkpt>
   <trkpt lat="45.8639300" lon="6.4925900">
    <ele>1132</ele>
   </trkpt>
   <trkpt lat="45.8638199" lon="6.4926199">
    <ele>1130</ele>
   </trkpt>
   <trkpt lat="45.8637000" lon="6.4926800">
    <ele>1128</ele>
   </trkpt>
   <trkpt lat="45.8636600" lon="6.4927100">
    <ele>1128</ele>
   </trkpt>
   <trkpt lat="45.8634700" lon="6.4929100">
    <ele>1126</ele>
   </trkpt>
   <trkpt lat="45.8633600" lon="6.4930000">
    <ele>1124</ele>
   </trkpt>
   <trkpt lat="45.8632700" lon="6.4930400">
    <ele>1123</ele>
   </trkpt>
   <trkpt lat="45.8631400" lon="6.4930700">
    <ele>1121</ele>
   </trkpt>
   <trkpt lat="45.8630799" lon="6.4931000">
    <ele>1120</ele>
   </trkpt>
   <trkpt lat="45.8629700" lon="6.4932299">
    <ele>1118</ele>
   </trkpt>
   <trkpt lat="45.8629100" lon="6.4933300">
    <ele>1117</ele>
   </trkpt>
   <trkpt lat="45.8628500" lon="6.4935100">
    <ele>1115</ele>
   </trkpt>
   <trkpt lat="45.8628400" lon="6.4936200">
    <ele>1114</ele>
   </trkpt>
   <trkpt lat="45.8628400" lon="6.4936999">
    <ele>1113</ele>
   </trkpt>
   <trkpt lat="45.8628799" lon="6.4938200">
    <ele>1113</ele>
   </trkpt>
   <trkpt lat="45.8629800" lon="6.4940200">
    <ele>1115</ele>
   </trkpt>
   <trkpt lat="45.8630500" lon="6.4942500">
    <ele>1116</ele>
   </trkpt>
   <trkpt lat="45.8630700" lon="6.4943700">
    <ele>1116</ele>
   </trkpt>
   <trkpt lat="45.8630799" lon="6.4944900">
    <ele>1116</ele>
   </trkpt>
   <trkpt lat="45.8631200" lon="6.4948900">
    <ele>1116</ele>
   </trkpt>
   <trkpt lat="45.8631300" lon="6.4950100">
    <ele>1116</ele>
   </trkpt>
   <trkpt lat="45.8632100" lon="6.4953800">
    <ele>1115</ele>
   </trkpt>
   <trkpt lat="45.8632200" lon="6.4954700">
    <ele>1115</ele>
   </trkpt>
   <trkpt lat="45.8632100" lon="6.4955500">
    <ele>1114</ele>
   </trkpt>
   <trkpt lat="45.8631699" lon="6.4956800">
    <ele>1113</ele>
   </trkpt>
   <trkpt lat="45.8629300" lon="6.4962500">
    <ele>1103</ele>
   </trkpt>
   <trkpt lat="45.8628900" lon="6.4963000">
    <ele>1102</ele>
   </trkpt>
   <trkpt lat="45.8628100" lon="6.4963400">
    <ele>1100</ele>
   </trkpt>
   <trkpt lat="45.8627700" lon="6.4963300">
    <ele>1100</ele>
   </trkpt>
   <trkpt lat="45.8627300" lon="6.4963100">
    <ele>1099</ele>
   </trkpt>
   <trkpt lat="45.8626700" lon="6.4962200">
    <ele>1099</ele>
   </trkpt>
   <trkpt lat="45.8626500" lon="6.4961500">
    <ele>1099</ele>
   </trkpt>
   <trkpt lat="45.8626400" lon="6.4960300">
    <ele>1100</ele>
   </trkpt>
   <trkpt lat="45.8626099" lon="6.4949800">
    <ele>1102</ele>
   </trkpt>
   <trkpt lat="45.8626000" lon="6.4948000">
    <ele>1102</ele>
   </trkpt>
   <trkpt lat="45.8625600" lon="6.4946700">
    <ele>1101</ele>
   </trkpt>
   <trkpt lat="45.8624900" lon="6.4945500">
    <ele>1099</ele>
   </trkpt>
   <trkpt lat="45.8624200" lon="6.4944600">
    <ele>1099</ele>
   </trkpt>
   <trkpt lat="45.8623800" lon="6.4944200">
    <ele>1098</ele>
   </trkpt>
   <trkpt lat="45.8623000" lon="6.4943799">
    <ele>1097</ele>
   </trkpt>
   <trkpt lat="45.8622500" lon="6.4943700">
    <ele>1096</ele>
   </trkpt>
   <trkpt lat="45.8622000" lon="6.4943799">
    <ele>1096</ele>
   </trkpt>
   <trkpt lat="45.8621200" lon="6.4944400">
    <ele>1095</ele>
   </trkpt>
   <trkpt lat="45.8620500" lon="6.4945500">
    <ele>1093</ele>
   </trkpt>
   <trkpt lat="45.8619300" lon="6.4948700">
    <ele>1090</ele>
   </trkpt>
   <trkpt lat="45.8618800" lon="6.4950000">
    <ele>1089</ele>
   </trkpt>
   <trkpt lat="45.8617700" lon="6.4952300">
    <ele>1086</ele>
   </trkpt>
   <trkpt lat="45.8616600" lon="6.4954100">
    <ele>1084</ele>
   </trkpt>
   <trkpt lat="45.8615799" lon="6.4954700">
    <ele>1083</ele>
   </trkpt>
   <trkpt lat="45.8614300" lon="6.4955200">
    <ele>1082</ele>
   </trkpt>
   <trkpt lat="45.8611000" lon="6.4955400">
    <ele>1080</ele>
   </trkpt>
   <trkpt lat="45.8608100" lon="6.4955400">
    <ele>1079</ele>
   </trkpt>
   <trkpt lat="45.8607500" lon="6.4955600">
    <ele>1078</ele>
   </trkpt>
   <trkpt lat="45.8607100" lon="6.4955800">
    <ele>1078</ele>
   </trkpt>
   <trkpt lat="45.8606900" lon="6.4956200">
    <ele>1077</ele>
   </trkpt>
   <trkpt lat="45.8606700" lon="6.4956600">
    <ele>1077</ele>
   </trkpt>
   <trkpt lat="45.8606700" lon="6.4957000">
    <ele>1076</ele>
   </trkpt>
   <trkpt lat="45.8606800" lon="6.4957500">
    <ele>1075</ele>
   </trkpt>
   <trkpt lat="45.8607100" lon="6.4958000">
    <ele>1075</ele>
   </trkpt>
   <trkpt lat="45.8609600" lon="6.4959200">
    <ele>1079</ele>
   </trkpt>
   <trkpt lat="45.8610200" lon="6.4959700">
    <ele>1081</ele>
   </trkpt>
   <trkpt lat="45.8611300" lon="6.4961100">
    <ele>1084</ele>
   </trkpt>
   <trkpt lat="45.8613100" lon="6.4962600">
    <ele>1087</ele>
   </trkpt>
   <trkpt lat="45.8613300" lon="6.4963000">
    <ele>1087</ele>
   </trkpt>
   <trkpt lat="45.8613400" lon="6.4963600">
    <ele>1088</ele>
   </trkpt>
   <trkpt lat="45.8613500" lon="6.4964400">
    <ele>1089</ele>
   </trkpt>
   <trkpt lat="45.8613200" lon="6.4966600">
    <ele>1093</ele>
   </trkpt>
   <trkpt lat="45.8613100" lon="6.4966799">
    <ele>1094</ele>
   </trkpt>
   <trkpt lat="45.8612700" lon="6.4967300">
    <ele>1097</ele>
   </trkpt>
   <trkpt lat="45.8612300" lon="6.4967600">
    <ele>1099</ele>
   </trkpt>
   <trkpt lat="45.8611900" lon="6.4967700">
    <ele>1100</ele>
   </trkpt>
   <trkpt lat="45.8611400" lon="6.4967600">
    <ele>1101</ele>
   </trkpt>
   <trkpt lat="45.8610900" lon="6.4967200">
    <ele>1100</ele>
   </trkpt>
   <trkpt lat="45.8609700" lon="6.4965900">
    <ele>1097</ele>
   </trkpt>
   <trkpt lat="45.8609099" lon="6.4965500">
    <ele>1097</ele>
   </trkpt>
   <trkpt lat="45.8607800" lon="6.4965100">
    <ele>1097</ele>
   </trkpt>
   <trkpt lat="45.8604600" lon="6.4964900">
    <ele>1094</ele>
   </trkpt>
   <trkpt lat="45.8602700" lon="6.4964400">
    <ele>1091</ele>
   </trkpt>
   <trkpt lat="45.8601500" lon="6.4964300">
    <ele>1090</ele>
   </trkpt>
   <trkpt lat="45.8598100" lon="6.4964500">
    <ele>1084</ele>
   </trkpt>
   <trkpt lat="45.8596600" lon="6.4964700">
    <ele>1079</ele>
   </trkpt>
   <trkpt lat="45.8595400" lon="6.4965100">
    <ele>1076</ele>
   </trkpt>
   <trkpt lat="45.8594400" lon="6.4965700">
    <ele>1073</ele>
   </trkpt>
   <trkpt lat="45.8592100" lon="6.4967600">
    <ele>1066</ele>
   </trkpt>
   <trkpt lat="45.8591300" lon="6.4968500">
    <ele>1065</ele>
   </trkpt>
   <trkpt lat="45.8590800" lon="6.4969300">
    <ele>1065</ele>
   </trkpt>
   <trkpt lat="45.8589300" lon="6.4972700">
    <ele>1067</ele>
   </trkpt>
   <trkpt lat="45.8588900" lon="6.4973400">
    <ele>1066</ele>
   </trkpt>
   <trkpt lat="45.8588000" lon="6.4974200">
    <ele>1064</ele>
   </trkpt>
   <trkpt lat="45.8587200" lon="6.4974700">
    <ele>1061</ele>
   </trkpt>
   <trkpt lat="45.8583100" lon="6.4977100">
    <ele>1049</ele>
   </trkpt>
   <trkpt lat="45.8580800" lon="6.4978800">
    <ele>1050</ele>
   </trkpt>
   <trkpt lat="45.8576700" lon="6.4981300">
    <ele>1045</ele>
   </trkpt>
   <trkpt lat="45.8574600" lon="6.4982400">
    <ele>1041</ele>
   </trkpt>
   <trkpt lat="45.8570600" lon="6.4984000">
    <ele>1035</ele>
   </trkpt>
   <trkpt lat="45.8561700" lon="6.4989700">
    <ele>1030</ele>
   </trkpt>
   <trkpt lat="45.8559800" lon="6.4991000">
    <ele>1027</ele>
   </trkpt>
   <trkpt lat="45.8555800" lon="6.4994100">
    <ele>1024</ele>
   </trkpt>
   <trkpt lat="45.8554699" lon="6.4995100">
    <ele>1023</ele>
   </trkpt>
   <trkpt lat="45.8553000" lon="6.4997299">
    <ele>1022</ele>
   </trkpt>
   <trkpt lat="45.8551600" lon="6.4998300">
    <ele>1019</ele>
   </trkpt>
   <trkpt lat="45.8550100" lon="6.4999399">
    <ele>1014</ele>
   </trkpt>
   <trkpt lat="45.8549500" lon="6.5000099">
    <ele>1014</ele>
   </trkpt>
   <trkpt lat="45.8549099" lon="6.5000800">
    <ele>1017</ele>
   </trkpt>
   <trkpt lat="45.8547900" lon="6.5003600">
    <ele>1027</ele>
   </trkpt>
   <trkpt lat="45.8547500" lon="6.5004099">
    <ele>1029</ele>
   </trkpt>
   <trkpt lat="45.8546500" lon="6.5004900">
    <ele>1032</ele>
   </trkpt>
   <trkpt lat="45.8545600" lon="6.5005200">
    <ele>1032</ele>
   </trkpt>
   <trkpt lat="45.8545000" lon="6.5005300">
    <ele>1032</ele>
   </trkpt>
   <trkpt lat="45.8544200" lon="6.5005200">
    <ele>1032</ele>
   </trkpt>
   <trkpt lat="45.8543700" lon="6.5005000">
    <ele>1031</ele>
   </trkpt>
   <trkpt lat="45.8543200" lon="6.5004600">
    <ele>1029</ele>
   </trkpt>
   <trkpt lat="45.8542500" lon="6.5003800">
    <ele>1026</ele>
   </trkpt>
   <trkpt lat="45.8541500" lon="6.5002400">
    <ele>1020</ele>
   </trkpt>
   <trkpt lat="45.8540400" lon="6.5001200">
    <ele>1016</ele>
   </trkpt>
   <trkpt lat="45.8539900" lon="6.5000800">
    <ele>1014</ele>
   </trkpt>
   <trkpt lat="45.8539000" lon="6.5000400">
    <ele>1013</ele>
   </trkpt>
   <trkpt lat="45.8538100" lon="6.5000300">
    <ele>1013</ele>
   </trkpt>
   <trkpt lat="45.8536900" lon="6.5000400">
    <ele>1013</ele>
   </trkpt>
   <trkpt lat="45.8535400" lon="6.5000600">
    <ele>1014</ele>
   </trkpt>
   <trkpt lat="45.8533500" lon="6.5001200">
    <ele>1016</ele>
   </trkpt>
   <trkpt lat="45.8526300" lon="6.5003700">
    <ele>1013</ele>
   </trkpt>
   <trkpt lat="45.8524500" lon="6.5004500">
    <ele>1011</ele>
   </trkpt>
   <trkpt lat="45.8522400" lon="6.5005600">
    <ele>1009</ele>
   </trkpt>
   <trkpt lat="45.8516500" lon="6.5009700">
    <ele>1005</ele>
   </trkpt>
   <trkpt lat="45.8513200" lon="6.5012200">
    <ele>1004</ele>
   </trkpt>
   <trkpt lat="45.8501800" lon="6.5021699">
    <ele>1004</ele>
   </trkpt>
   <trkpt lat="45.8491500" lon="6.5030700">
    <ele>1001</ele>
   </trkpt>
   <trkpt lat="45.8490400" lon="6.5031500">
    <ele>1002</ele>
   </trkpt>
   <trkpt lat="45.8489500" lon="6.5032000">
    <ele>1002</ele>
   </trkpt>
   <trkpt lat="45.8487800" lon="6.5032600">
    <ele>1002</ele>
   </trkpt>
   <trkpt lat="45.8486800" lon="6.5032600">
    <ele>1002</ele>
   </trkpt>
   <trkpt lat="45.8483800" lon="6.5032400">
    <ele>1000</ele>
   </trkpt>
   <trkpt lat="45.8481800" lon="6.5032500">
    <ele>999</ele>
   </trkpt>
   <trkpt lat="45.8477700" lon="6.5033700">
    <ele>995</ele>
   </trkpt>
   <trkpt lat="45.8476100" lon="6.5034400">
    <ele>993</ele>
   </trkpt>
   <trkpt lat="45.8475200" lon="6.5035500">
    <ele>993</ele>
   </trkpt>
   <trkpt lat="45.8474700" lon="6.5036500">
    <ele>992</ele>
   </trkpt>
   <trkpt lat="45.8473100" lon="6.5041100">
    <ele>991</ele>
   </trkpt>
   <trkpt lat="45.8472600" lon="6.5042200">
    <ele>992</ele>
   </trkpt>
   <trkpt lat="45.8471800" lon="6.5043800">
    <ele>995</ele>
   </trkpt>
   <trkpt lat="45.8471300" lon="6.5044200">
    <ele>995</ele>
   </trkpt>
   <trkpt lat="45.8470200" lon="6.5044900">
    <ele>995</ele>
   </trkpt>
   <trkpt lat="45.8467000" lon="6.5046400">
    <ele>992</ele>
   </trkpt>
   <trkpt lat="45.8464900" lon="6.5047200">
    <ele>992</ele>
   </trkpt>
   <trkpt lat="45.8463400" lon="6.5047499">
    <ele>992</ele>
   </trkpt>
   <trkpt lat="45.8460899" lon="6.5047600">
    <ele>991</ele>
   </trkpt>
   <trkpt lat="45.8460100" lon="6.5047700">
    <ele>991</ele>
   </trkpt>
   <trkpt lat="45.8459100" lon="6.5047900">
    <ele>991</ele>
   </trkpt>
   <trkpt lat="45.8456400" lon="6.5049200">
    <ele>990</ele>
   </trkpt>
   <trkpt lat="45.8448800" lon="6.5054000">
    <ele>994</ele>
   </trkpt>
   <trkpt lat="45.8447200" lon="6.5054999">
    <ele>996</ele>
   </trkpt>
   <trkpt lat="45.8444999" lon="6.5056100">
    <ele>998</ele>
   </trkpt>
   <trkpt lat="45.8442999" lon="6.5056800">
    <ele>999</ele>
   </trkpt>
   <trkpt lat="45.8440600" lon="6.5057600">
    <ele>999</ele>
   </trkpt>
   <trkpt lat="45.8439500" lon="6.5057600">
    <ele>998</ele>
   </trkpt>
   <trkpt lat="45.8437500" lon="6.5057300">
    <ele>995</ele>
   </trkpt>
   <trkpt lat="45.8436800" lon="6.5057300">
    <ele>994</ele>
   </trkpt>
   <trkpt lat="45.8435800" lon="6.5057400">
    <ele>993</ele>
   </trkpt>
   <trkpt lat="45.8434500" lon="6.5057800">
    <ele>992</ele>
   </trkpt>
   <trkpt lat="45.8431700" lon="6.5058999">
    <ele>993</ele>
   </trkpt>
   <trkpt lat="45.8430300" lon="6.5059699">
    <ele>995</ele>
   </trkpt>
   <trkpt lat="45.8429300" lon="6.5060399">
    <ele>998</ele>
   </trkpt>
   <trkpt lat="45.8427000" lon="6.5062800">
    <ele>1006</ele>
   </trkpt>
   <trkpt lat="45.8426500" lon="6.5063100">
    <ele>1006</ele>
   </trkpt>
   <trkpt lat="45.8425200" lon="6.5063400">
    <ele>1006</ele>
   </trkpt>
   <trkpt lat="45.8422900" lon="6.5064300">
    <ele>1009</ele>
   </trkpt>
   <trkpt lat="45.8421100" lon="6.5064300">
    <ele>1008</ele>
   </trkpt>
   <trkpt lat="45.8420000" lon="6.5064300">
    <ele>1008</ele>
   </trkpt>
   <trkpt lat="45.8417200" lon="6.5065099">
    <ele>1009</ele>
   </trkpt>
   <trkpt lat="45.8413800" lon="6.5064500">
    <ele>1004</ele>
   </trkpt>
   <trkpt lat="45.8412700" lon="6.5064100">
    <ele>1002</ele>
   </trkpt>
   <trkpt lat="45.8410900" lon="6.5064000">
    <ele>1000</ele>
   </trkpt>
   <trkpt lat="45.8407900" lon="6.5064600">
    <ele>998</ele>
   </trkpt>
   <trkpt lat="45.8404800" lon="6.5065600">
    <ele>996</ele>
   </trkpt>
   <trkpt lat="45.8402900" lon="6.5066400">
    <ele>993</ele>
   </trkpt>
   <trkpt lat="45.8400300" lon="6.5067800">
    <ele>989</ele>
   </trkpt>
   <trkpt lat="45.8399600" lon="6.5068600">
    <ele>990</ele>
   </trkpt>
   <trkpt lat="45.8399200" lon="6.5069400">
    <ele>990</ele>
   </trkpt>
   <trkpt lat="45.8398899" lon="6.5070499">
    <ele>991</ele>
   </trkpt>
   <trkpt lat="45.8398200" lon="6.5074800">
    <ele>991</ele>
   </trkpt>
   <trkpt lat="45.8397700" lon="6.5076300">
    <ele>993</ele>
   </trkpt>
   <trkpt lat="45.8397400" lon="6.5076900">
    <ele>993</ele>
   </trkpt>
   <trkpt lat="45.8397099" lon="6.5077299">
    <ele>994</ele>
   </trkpt>
   <trkpt lat="45.8395800" lon="6.5079200">
    <ele>995</ele>
   </trkpt>
   <trkpt lat="45.8394300" lon="6.5081100">
    <ele>997</ele>
   </trkpt>
   <trkpt lat="45.8393400" lon="6.5081900">
    <ele>997</ele>
   </trkpt>
   <trkpt lat="45.8393000" lon="6.5082100">
    <ele>997</ele>
   </trkpt>
   <trkpt lat="45.8392800" lon="6.5082200">
    <ele>997</ele>
   </trkpt>
   <trkpt lat="45.8392200" lon="6.5081900">
    <ele>996</ele>
   </trkpt>
   <trkpt lat="45.8391200" lon="6.5080700">
    <ele>994</ele>
   </trkpt>
   <trkpt lat="45.8390700" lon="6.5079800">
    <ele>993</ele>
   </trkpt>
   <trkpt lat="45.8390100" lon="6.5079000">
    <ele>993</ele>
   </trkpt>
   <trkpt lat="45.8389499" lon="6.5078699">
    <ele>993</ele>
   </trkpt>
   <trkpt lat="45.8388599" lon="6.5078400">
    <ele>994</ele>
   </trkpt>
   <trkpt lat="45.8387000" lon="6.5078400">
    <ele>996</ele>
   </trkpt>
   <trkpt lat="45.8386300" lon="6.5078500">
    <ele>997</ele>
   </trkpt>
   <trkpt lat="45.8385600" lon="6.5078800">
    <ele>998</ele>
   </trkpt>
   <trkpt lat="45.8383600" lon="6.5080000">
    <ele>1002</ele>
   </trkpt>
   <trkpt lat="45.8382200" lon="6.5080700">
    <ele>1003</ele>
   </trkpt>
   <trkpt lat="45.8381200" lon="6.5081000">
    <ele>1003</ele>
   </trkpt>
   <trkpt lat="45.8378800" lon="6.5081000">
    <ele>1002</ele>
   </trkpt>
   <trkpt lat="45.8377800" lon="6.5081100">
    <ele>1001</ele>
   </trkpt>
   <trkpt lat="45.8375400" lon="6.5081600">
    <ele>1001</ele>
   </trkpt>
   <trkpt lat="45.8374200" lon="6.5081700">
    <ele>1000</ele>
   </trkpt>
   <trkpt lat="45.8370400" lon="6.5081700">
    <ele>997</ele>
   </trkpt>
   <trkpt lat="45.8369200" lon="6.5081800">
    <ele>995</ele>
   </trkpt>
   <trkpt lat="45.8368400" lon="6.5082000">
    <ele>995</ele>
   </trkpt>
   <trkpt lat="45.8367900" lon="6.5082200">
    <ele>995</ele>
   </trkpt>
   <trkpt lat="45.8367700" lon="6.5082600">
    <ele>995</ele>
   </trkpt>
   <trkpt lat="45.8367400" lon="6.5083100">
    <ele>995</ele>
   </trkpt>
   <trkpt lat="45.8366900" lon="6.5086000">
    <ele>1008</ele>
   </trkpt>
   <trkpt lat="45.8366600" lon="6.5086900">
    <ele>1012</ele>
   </trkpt>
   <trkpt lat="45.8366300" lon="6.5087800">
    <ele>1017</ele>
   </trkpt>
   <trkpt lat="45.8366000" lon="6.5088300">
    <ele>1019</ele>
   </trkpt>
   <trkpt lat="45.8365700" lon="6.5088500">
    <ele>1020</ele>
   </trkpt>
   <trkpt lat="45.8365500" lon="6.5088600">
    <ele>1021</ele>
   </trkpt>
   <trkpt lat="45.8364900" lon="6.5088300">
    <ele>1019</ele>
   </trkpt>
   <trkpt lat="45.8363800" lon="6.5087000">
    <ele>1013</ele>
   </trkpt>
   <trkpt lat="45.8362600" lon="6.5086200">
    <ele>1009</ele>
   </trkpt>
   <trkpt lat="45.8359900" lon="6.5085800">
    <ele>1006</ele>
   </trkpt>
   <trkpt lat="45.8359400" lon="6.5085900">
    <ele>1006</ele>
   </trkpt>
   <trkpt lat="45.8358599" lon="6.5086200">
    <ele>1008</ele>
   </trkpt>
   <trkpt lat="45.8356800" lon="6.5087000">
    <ele>1013</ele>
   </trkpt>
   <trkpt lat="45.8355800" lon="6.5086900">
    <ele>1012</ele>
   </trkpt>
   <trkpt lat="45.8355200" lon="6.5086800">
    <ele>1012</ele>
   </trkpt>
   <trkpt lat="45.8353600" lon="6.5085400">
    <ele>1003</ele>
   </trkpt>
   <trkpt lat="45.8352600" lon="6.5084799">
    <ele>1000</ele>
   </trkpt>
   <trkpt lat="45.8351000" lon="6.5084500">
    <ele>998</ele>
   </trkpt>
   <trkpt lat="45.8348700" lon="6.5084200">
    <ele>996</ele>
   </trkpt>
   <trkpt lat="45.8346800" lon="6.5084300">
    <ele>995</ele>
   </trkpt>
   <trkpt lat="45.8346200" lon="6.5084500">
    <ele>996</ele>
   </trkpt>
   <trkpt lat="45.8345800" lon="6.5084799">
    <ele>997</ele>
   </trkpt>
   <trkpt lat="45.8345399" lon="6.5085200">
    <ele>999</ele>
   </trkpt>
   <trkpt lat="45.8345000" lon="6.5086000">
    <ele>1003</ele>
   </trkpt>
   <trkpt lat="45.8343700" lon="6.5088800">
    <ele>1016</ele>
   </trkpt>
   <trkpt lat="45.8343400" lon="6.5089200">
    <ele>1018</ele>
   </trkpt>
   <trkpt lat="45.8343100" lon="6.5089400">
    <ele>1019</ele>
   </trkpt>
   <trkpt lat="45.8342699" lon="6.5089400">
    <ele>1019</ele>
   </trkpt>
   <trkpt lat="45.8342300" lon="6.5089200">
    <ele>1017</ele>
   </trkpt>
   <trkpt lat="45.8341900" lon="6.5088800">
    <ele>1015</ele>
   </trkpt>
   <trkpt lat="45.8340699" lon="6.5087000">
    <ele>1006</ele>
   </trkpt>
   <trkpt lat="45.8340100" lon="6.5086600">
    <ele>1004</ele>
   </trkpt>
   <trkpt lat="45.8339000" lon="6.5086200">
    <ele>1002</ele>
   </trkpt>
   <trkpt lat="45.8335999" lon="6.5085800">
    <ele>1001</ele>
   </trkpt>
   <trkpt lat="45.8334500" lon="6.5085400">
    <ele>999</ele>
   </trkpt>
   <trkpt lat="45.8333700" lon="6.5085499">
    <ele>1000</ele>
   </trkpt>
   <trkpt lat="45.8333299" lon="6.5085700">
    <ele>1001</ele>
   </trkpt>
   <trkpt lat="45.8331300" lon="6.5087400">
    <ele>1014</ele>
   </trkpt>
   <trkpt lat="45.8329400" lon="6.5089200">
    <ele>1029</ele>
   </trkpt>
   <trkpt lat="45.8328800" lon="6.5089499">
    <ele>1033</ele>
   </trkpt>
   <trkpt lat="45.8328400" lon="6.5089400">
    <ele>1033</ele>
   </trkpt>
   <trkpt lat="45.8327900" lon="6.5089200">
    <ele>1033</ele>
   </trkpt>
   <trkpt lat="45.8327400" lon="6.5088600">
    <ele>1031</ele>
   </trkpt>
   <trkpt lat="45.8326300" lon="6.5086200">
    <ele>1019</ele>
   </trkpt>
   <trkpt lat="45.8325600" lon="6.5085300">
    <ele>1015</ele>
   </trkpt>
   <trkpt lat="45.8325100" lon="6.5084799">
    <ele>1012</ele>
   </trkpt>
   <trkpt lat="45.8324600" lon="6.5084500">
    <ele>1011</ele>
   </trkpt>
   <trkpt lat="45.8324100" lon="6.5084400">
    <ele>1010</ele>
   </trkpt>
   <trkpt lat="45.8323300" lon="6.5084400">
    <ele>1011</ele>
   </trkpt>
   <trkpt lat="45.8322000" lon="6.5084799">
    <ele>1014</ele>
   </trkpt>
   <trkpt lat="45.8320600" lon="6.5085400">
    <ele>1019</ele>
   </trkpt>
   <trkpt lat="45.8319500" lon="6.5086300">
    <ele>1026</ele>
   </trkpt>
   <trkpt lat="45.8318000" lon="6.5087800">
    <ele>1037</ele>
   </trkpt>
   <trkpt lat="45.8317600" lon="6.5087900">
    <ele>1038</ele>
   </trkpt>
   <trkpt lat="45.8317100" lon="6.5087800">
    <ele>1038</ele>
   </trkpt>
   <trkpt lat="45.8316600" lon="6.5087500">
    <ele>1036</ele>
   </trkpt>
   <trkpt lat="45.8316100" lon="6.5087000">
    <ele>1031</ele>
   </trkpt>
   <trkpt lat="45.8314499" lon="6.5084799">
    <ele>1010</ele>
   </trkpt>
   <trkpt lat="45.8313900" lon="6.5084300">
    <ele>1005</ele>
   </trkpt>
   <trkpt lat="45.8313599" lon="6.5084099">
    <ele>1002</ele>
   </trkpt>
   <trkpt lat="45.8313200" lon="6.5084099">
    <ele>1001</ele>
   </trkpt>
   <trkpt lat="45.8312700" lon="6.5084300">
    <ele>1001</ele>
   </trkpt>
   <trkpt lat="45.8312000" lon="6.5085000">
    <ele>1004</ele>
   </trkpt>
   <trkpt lat="45.8309799" lon="6.5088100">
    <ele>1021</ele>
   </trkpt>
   <trkpt lat="45.8308800" lon="6.5089499">
    <ele>1029</ele>
   </trkpt>
   <trkpt lat="45.8308200" lon="6.5090000">
    <ele>1031</ele>
   </trkpt>
   <trkpt lat="45.8307400" lon="6.5090600">
    <ele>1031</ele>
   </trkpt>
   <trkpt lat="45.8306600" lon="6.5090899">
    <ele>1029</ele>
   </trkpt>
   <trkpt lat="45.8304800" lon="6.5091400">
    <ele>1022</ele>
   </trkpt>
   <trkpt lat="45.8304199" lon="6.5091700">
    <ele>1020</ele>
   </trkpt>
   <trkpt lat="45.8302900" lon="6.5093300">
    <ele>1023</ele>
   </trkpt>
   <trkpt lat="45.8302400" lon="6.5093600">
    <ele>1021</ele>
   </trkpt>
   <trkpt lat="45.8300700" lon="6.5094400">
    <ele>1017</ele>
   </trkpt>
   <trkpt lat="45.8300100" lon="6.5094900">
    <ele>1017</ele>
   </trkpt>
   <trkpt lat="45.8296100" lon="6.5099300">
    <ele>1035</ele>
   </trkpt>
   <trkpt lat="45.8295400" lon="6.5099800">
    <ele>1038</ele>
   </trkpt>
   <trkpt lat="45.8294799" lon="6.5100000">
    <ele>1038</ele>
   </trkpt>
   <trkpt lat="45.8294200" lon="6.5100000">
    <ele>1036</ele>
   </trkpt>
   <trkpt lat="45.8292700" lon="6.5099800">
    <ele>1032</ele>
   </trkpt>
   <trkpt lat="45.8291700" lon="6.5099900">
    <ele>1030</ele>
   </trkpt>
   <trkpt lat="45.8290400" lon="6.5100700">
    <ele>1033</ele>
   </trkpt>
   <trkpt lat="45.8289700" lon="6.5101100">
    <ele>1034</ele>
   </trkpt>
   <trkpt lat="45.8288300" lon="6.5101400">
    <ele>1034</ele>
   </trkpt>
   <trkpt lat="45.8286500" lon="6.5101699">
    <ele>1032</ele>
   </trkpt>
   <trkpt lat="45.8285600" lon="6.5101699">
    <ele>1031</ele>
   </trkpt>
   <trkpt lat="45.8284200" lon="6.5101200">
    <ele>1024</ele>
   </trkpt>
   <trkpt lat="45.8283200" lon="6.5100600">
    <ele>1016</ele>
   </trkpt>
   <trkpt lat="45.8282600" lon="6.5100600">
    <ele>1017</ele>
   </trkpt>
   <trkpt lat="45.8281800" lon="6.5100800">
    <ele>1018</ele>
   </trkpt>
   <trkpt lat="45.8280600" lon="6.5101600">
    <ele>1026</ele>
   </trkpt>
   <trkpt lat="45.8279700" lon="6.5101900">
    <ele>1028</ele>
   </trkpt>
   <trkpt lat="45.8279100" lon="6.5102100">
    <ele>1030</ele>
   </trkpt>
   <trkpt lat="45.8277700" lon="6.5102000">
    <ele>1029</ele>
   </trkpt>
   <trkpt lat="45.8275099" lon="6.5102399">
    <ele>1032</ele>
   </trkpt>
   <trkpt lat="45.8272700" lon="6.5102500">
    <ele>1026</ele>
   </trkpt>
   <trkpt lat="45.8271500" lon="6.5102700">
    <ele>1024</ele>
   </trkpt>
   <trkpt lat="45.8270399" lon="6.5102600">
    <ele>1020</ele>
   </trkpt>
   <trkpt lat="45.8270100" lon="6.5102600">
    <ele>1019</ele>
   </trkpt>
   <trkpt lat="45.8269499" lon="6.5102200">
    <ele>1014</ele>
   </trkpt>
   <trkpt lat="45.8266400" lon="6.5099700">
    <ele>987</ele>
   </trkpt>
   <trkpt lat="45.8265900" lon="6.5099500">
    <ele>985</ele>
   </trkpt>
   <trkpt lat="45.8265400" lon="6.5099500">
    <ele>983</ele>
   </trkpt>
   <trkpt lat="45.8264600" lon="6.5099800">
    <ele>982</ele>
   </trkpt>
   <trkpt lat="45.8263800" lon="6.5100400">
    <ele>983</ele>
   </trkpt>
   <trkpt lat="45.8261899" lon="6.5102500">
    <ele>990</ele>
   </trkpt>
   <trkpt lat="45.8259800" lon="6.5104100">
    <ele>992</ele>
   </trkpt>
   <trkpt lat="45.8258600" lon="6.5105200">
    <ele>993</ele>
   </trkpt>
   <trkpt lat="45.8255800" lon="6.5107100">
    <ele>989</ele>
   </trkpt>
   <trkpt lat="45.8253700" lon="6.5108300">
    <ele>984</ele>
   </trkpt>
   <trkpt lat="45.8252900" lon="6.5109000">
    <ele>982</ele>
   </trkpt>
   <trkpt lat="45.8252300" lon="6.5109600">
    <ele>981</ele>
   </trkpt>
   <trkpt lat="45.8251800" lon="6.5110300">
    <ele>981</ele>
   </trkpt>
   <trkpt lat="45.8249400" lon="6.5115299">
    <ele>985</ele>
   </trkpt>
   <trkpt lat="45.8248500" lon="6.5116800">
    <ele>987</ele>
   </trkpt>
   <trkpt lat="45.8247700" lon="6.5117500">
    <ele>986</ele>
   </trkpt>
   <trkpt lat="45.8245099" lon="6.5118700">
    <ele>978</ele>
   </trkpt>
   <trkpt lat="45.8243300" lon="6.5119800">
    <ele>974</ele>
   </trkpt>
   <trkpt lat="45.8242500" lon="6.5120400">
    <ele>973</ele>
   </trkpt>
   <trkpt lat="45.8241100" lon="6.5122000">
    <ele>975</ele>
   </trkpt>
   <trkpt lat="45.8240000" lon="6.5123700">
    <ele>980</ele>
   </trkpt>
   <trkpt lat="45.8239600" lon="6.5124900">
    <ele>983</ele>
   </trkpt>
   <trkpt lat="45.8239200" lon="6.5126400">
    <ele>988</ele>
   </trkpt>
   <trkpt lat="45.8238900" lon="6.5127200">
    <ele>990</ele>
   </trkpt>
   <trkpt lat="45.8238500" lon="6.5127900">
    <ele>992</ele>
   </trkpt>
   <trkpt lat="45.8238100" lon="6.5128300">
    <ele>993</ele>
   </trkpt>
   <trkpt lat="45.8237499" lon="6.5128500">
    <ele>993</ele>
   </trkpt>
   <trkpt lat="45.8237100" lon="6.5128300">
    <ele>992</ele>
   </trkpt>
   <trkpt lat="45.8236300" lon="6.5127300">
    <ele>989</ele>
   </trkpt>
   <trkpt lat="45.8234000" lon="6.5123600">
    <ele>976</ele>
   </trkpt>
   <trkpt lat="45.8231899" lon="6.5119600">
    <ele>958</ele>
   </trkpt>
   <trkpt lat="45.8231100" lon="6.5118600">
    <ele>952</ele>
   </trkpt>
   <trkpt lat="45.8230600" lon="6.5118200">
    <ele>950</ele>
   </trkpt>
   <trkpt lat="45.8229700" lon="6.5117900">
    <ele>947</ele>
   </trkpt>
   <trkpt lat="45.8229100" lon="6.5118000">
    <ele>946</ele>
   </trkpt>
   <trkpt lat="45.8228700" lon="6.5118200">
    <ele>946</ele>
   </trkpt>
   <trkpt lat="45.8228200" lon="6.5118500">
    <ele>945</ele>
   </trkpt>
   <trkpt lat="45.8227500" lon="6.5119500">
    <ele>946</ele>
   </trkpt>
   <trkpt lat="45.8224900" lon="6.5123900">
    <ele>951</ele>
   </trkpt>
   <trkpt lat="45.8224300" lon="6.5125200">
    <ele>951</ele>
   </trkpt>
   <trkpt lat="45.8223900" lon="6.5126600">
    <ele>952</ele>
   </trkpt>
   <trkpt lat="45.8223500" lon="6.5129800">
    <ele>956</ele>
   </trkpt>
   <trkpt lat="45.8223200" lon="6.5131000">
    <ele>957</ele>
   </trkpt>
   <trkpt lat="45.8222700" lon="6.5132300">
    <ele>957</ele>
   </trkpt>
   <trkpt lat="45.8221800" lon="6.5134000">
    <ele>955</ele>
   </trkpt>
   <trkpt lat="45.8219900" lon="6.5137300">
    <ele>952</ele>
   </trkpt>
   <trkpt lat="45.8219100" lon="6.5138500">
    <ele>950</ele>
   </trkpt>
   <trkpt lat="45.8215999" lon="6.5142900">
    <ele>944</ele>
   </trkpt>
   <trkpt lat="45.8214800" lon="6.5144100">
    <ele>942</ele>
   </trkpt>
   <trkpt lat="45.8213700" lon="6.5144900">
    <ele>940</ele>
   </trkpt>
   <trkpt lat="45.8210600" lon="6.5146300">
    <ele>932</ele>
   </trkpt>
   <trkpt lat="45.8208600" lon="6.5147700">
    <ele>929</ele>
   </trkpt>
   <trkpt lat="45.8206900" lon="6.5148900">
    <ele>927</ele>
   </trkpt>
   <trkpt lat="45.8205400" lon="6.5150600">
    <ele>927</ele>
   </trkpt>
   <trkpt lat="45.8203800" lon="6.5152599">
    <ele>925</ele>
   </trkpt>
   <trkpt lat="45.8202799" lon="6.5154200">
    <ele>924</ele>
   </trkpt>
   <trkpt lat="45.8202400" lon="6.5155500">
    <ele>924</ele>
   </trkpt>
   <trkpt lat="45.8201899" lon="6.5157400">
    <ele>925</ele>
   </trkpt>
   <trkpt lat="45.8201500" lon="6.5158300">
    <ele>925</ele>
   </trkpt>
   <trkpt lat="45.8200800" lon="6.5159700">
    <ele>924</ele>
   </trkpt>
   <trkpt lat="45.8200100" lon="6.5160700">
    <ele>924</ele>
   </trkpt>
   <trkpt lat="45.8199700" lon="6.5161300">
    <ele>923</ele>
   </trkpt>
   <trkpt lat="45.8198400" lon="6.5162300">
    <ele>922</ele>
   </trkpt>
   <trkpt lat="45.8197100" lon="6.5163000">
    <ele>921</ele>
   </trkpt>
   <trkpt lat="45.8196299" lon="6.5163300">
    <ele>920</ele>
   </trkpt>
   <trkpt lat="45.8196000" lon="6.5166000">
    <ele>922</ele>
   </trkpt>
   <trkpt lat="45.8195600" lon="6.5166700">
    <ele>922</ele>
   </trkpt>
   <trkpt lat="45.8192100" lon="6.5169400">
    <ele>919</ele>
   </trkpt>
   <trkpt lat="45.8188100" lon="6.5173600">
    <ele>919</ele>
   </trkpt>
   <trkpt lat="45.8187100" lon="6.5170899">
    <ele>916</ele>
   </trkpt>
   <trkpt lat="45.8187000" lon="6.5169300">
    <ele>915</ele>
   </trkpt>
   <trkpt lat="45.8186500" lon="6.5168500">
    <ele>914</ele>
   </trkpt>
   <trkpt lat="45.8186300" lon="6.5165000">
    <ele>912</ele>
   </trkpt>
   <trkpt lat="45.8186100" lon="6.5164300">
    <ele>912</ele>
   </trkpt>
   <trkpt lat="45.8185700" lon="6.5163800">
    <ele>911</ele>
   </trkpt>
   <trkpt lat="45.8185700" lon="6.5162800">
    <ele>911</ele>
   </trkpt>
   <trkpt lat="45.8185200" lon="6.5163300">
    <ele>911</ele>
   </trkpt>
   <trkpt lat="45.8184800" lon="6.5163399">
    <ele>911</ele>
   </trkpt>
   <trkpt lat="45.8181000" lon="6.5164600">
    <ele>915</ele>
   </trkpt>
   <trkpt lat="45.8180600" lon="6.5164600">
    <ele>916</ele>
   </trkpt>
   <trkpt lat="45.8180200" lon="6.5164400">
    <ele>917</ele>
   </trkpt>
   <trkpt lat="45.8180000" lon="6.5164200">
    <ele>917</ele>
   </trkpt>
   <trkpt lat="45.8179700" lon="6.5163100">
    <ele>916</ele>
   </trkpt>
   <trkpt lat="45.8179600" lon="6.5162000">
    <ele>915</ele>
   </trkpt>
   <trkpt lat="45.8179200" lon="6.5160200">
    <ele>913</ele>
   </trkpt>
   <trkpt lat="45.8178900" lon="6.5159500">
    <ele>913</ele>
   </trkpt>
   <trkpt lat="45.8178500" lon="6.5159000">
    <ele>912</ele>
   </trkpt>
   <trkpt lat="45.8178100" lon="6.5158900">
    <ele>913</ele>
   </trkpt>
   <trkpt lat="45.8177800" lon="6.5159000">
    <ele>913</ele>
   </trkpt>
   <trkpt lat="45.8177400" lon="6.5159399">
    <ele>914</ele>
   </trkpt>
   <trkpt lat="45.8177400" lon="6.5160100">
    <ele>915</ele>
   </trkpt>
   <trkpt lat="45.8177499" lon="6.5160600">
    <ele>916</ele>
   </trkpt>
   <trkpt lat="45.8178800" lon="6.5162600">
    <ele>917</ele>
   </trkpt>
   <trkpt lat="45.8179100" lon="6.5163399">
    <ele>918</ele>
   </trkpt>
   <trkpt lat="45.8179000" lon="6.5164099">
    <ele>919</ele>
   </trkpt>
   <trkpt lat="45.8178900" lon="6.5164500">
    <ele>920</ele>
   </trkpt>
   <trkpt lat="45.8178600" lon="6.5164799">
    <ele>921</ele>
   </trkpt>
   <trkpt lat="45.8178399" lon="6.5164799">
    <ele>921</ele>
   </trkpt>
   <trkpt lat="45.8177900" lon="6.5164600">
    <ele>922</ele>
   </trkpt>
   <trkpt lat="45.8177600" lon="6.5163700">
    <ele>921</ele>
   </trkpt>
   <trkpt lat="45.8177300" lon="6.5162200">
    <ele>919</ele>
   </trkpt>
   <trkpt lat="45.8177000" lon="6.5161400">
    <ele>918</ele>
   </trkpt>
   <trkpt lat="45.8176700" lon="6.5161000">
    <ele>918</ele>
   </trkpt>
   <trkpt lat="45.8176300" lon="6.5160800">
    <ele>918</ele>
   </trkpt>
   <trkpt lat="45.8176100" lon="6.5160800">
    <ele>918</ele>
   </trkpt>
   <trkpt lat="45.8175800" lon="6.5160900">
    <ele>919</ele>
   </trkpt>
   <trkpt lat="45.8175500" lon="6.5161200">
    <ele>920</ele>
   </trkpt>
   <trkpt lat="45.8175400" lon="6.5161900">
    <ele>922</ele>
   </trkpt>
   <trkpt lat="45.8175500" lon="6.5162500">
    <ele>923</ele>
   </trkpt>
   <trkpt lat="45.8175700" lon="6.5163100">
    <ele>924</ele>
   </trkpt>
   <trkpt lat="45.8177000" lon="6.5165000">
    <ele>925</ele>
   </trkpt>
   <trkpt lat="45.8177200" lon="6.5165400">
    <ele>925</ele>
   </trkpt>
   <trkpt lat="45.8177300" lon="6.5165900">
    <ele>926</ele>
   </trkpt>
   <trkpt lat="45.8177300" lon="6.5166300">
    <ele>926</ele>
   </trkpt>
   <trkpt lat="45.8177100" lon="6.5166600">
    <ele>927</ele>
   </trkpt>
   <trkpt lat="45.8176500" lon="6.5167000">
    <ele>929</ele>
   </trkpt>
   <trkpt lat="45.8176000" lon="6.5166800">
    <ele>931</ele>
   </trkpt>
   <trkpt lat="45.8175800" lon="6.5166700">
    <ele>931</ele>
   </trkpt>
   <trkpt lat="45.8175500" lon="6.5166300">
    <ele>931</ele>
   </trkpt>
   <trkpt lat="45.8175300" lon="6.5165800">
    <ele>930</ele>
   </trkpt>
   <trkpt lat="45.8174900" lon="6.5164300">
    <ele>928</ele>
   </trkpt>
   <trkpt lat="45.8174500" lon="6.5163500">
    <ele>927</ele>
   </trkpt>
   <trkpt lat="45.8173900" lon="6.5162500">
    <ele>926</ele>
   </trkpt>
   <trkpt lat="45.8172500" lon="6.5161200">
    <ele>926</ele>
   </trkpt>
   <trkpt lat="45.8170900" lon="6.5160600">
    <ele>927</ele>
   </trkpt>
   <trkpt lat="45.8170100" lon="6.5160700">
    <ele>929</ele>
   </trkpt>
   <trkpt lat="45.8168800" lon="6.5161200">
    <ele>933</ele>
   </trkpt>
   <trkpt lat="45.8167800" lon="6.5161400">
    <ele>935</ele>
   </trkpt>
   <trkpt lat="45.8166800" lon="6.5161300">
    <ele>937</ele>
   </trkpt>
   <trkpt lat="45.8166300" lon="6.5161500">
    <ele>939</ele>
   </trkpt>
   <trkpt lat="45.8166100" lon="6.5161900">
    <ele>940</ele>
   </trkpt>
   <trkpt lat="45.8166000" lon="6.5162300">
    <ele>941</ele>
   </trkpt>
   <trkpt lat="45.8166100" lon="6.5162800">
    <ele>942</ele>
   </trkpt>
   <trkpt lat="45.8166300" lon="6.5163200">
    <ele>942</ele>
   </trkpt>
   <trkpt lat="45.8166700" lon="6.5163399">
    <ele>942</ele>
   </trkpt>
   <trkpt lat="45.8167000" lon="6.5163600">
    <ele>942</ele>
   </trkpt>
   <trkpt lat="45.8167400" lon="6.5163700">
    <ele>941</ele>
   </trkpt>
   <trkpt lat="45.8168900" lon="6.5162900">
    <ele>936</ele>
   </trkpt>
   <trkpt lat="45.8169500" lon="6.5162800">
    <ele>935</ele>
   </trkpt>
   <trkpt lat="45.8170100" lon="6.5163000">
    <ele>934</ele>
   </trkpt>
   <trkpt lat="45.8170700" lon="6.5163399">
    <ele>934</ele>
   </trkpt>
   <trkpt lat="45.8171400" lon="6.5164400">
    <ele>935</ele>
   </trkpt>
   <trkpt lat="45.8171899" lon="6.5165700">
    <ele>937</ele>
   </trkpt>
   <trkpt lat="45.8172500" lon="6.5167700">
    <ele>939</ele>
   </trkpt>
   <trkpt lat="45.8172700" lon="6.5169400">
    <ele>940</ele>
   </trkpt>
   <trkpt lat="45.8172600" lon="6.5171500">
    <ele>943</ele>
   </trkpt>
   <trkpt lat="45.8172300" lon="6.5172300">
    <ele>944</ele>
   </trkpt>
   <trkpt lat="45.8171800" lon="6.5173000">
    <ele>945</ele>
   </trkpt>
   <trkpt lat="45.8171200" lon="6.5173400">
    <ele>947</ele>
   </trkpt>
   <trkpt lat="45.8170700" lon="6.5173500">
    <ele>947</ele>
   </trkpt>
   <trkpt lat="45.8170100" lon="6.5173500">
    <ele>948</ele>
   </trkpt>
   <trkpt lat="45.8169700" lon="6.5173300">
    <ele>949</ele>
   </trkpt>
   <trkpt lat="45.8169100" lon="6.5172900">
    <ele>949</ele>
   </trkpt>
   <trkpt lat="45.8165900" lon="6.5169700">
    <ele>953</ele>
   </trkpt>
   <trkpt lat="45.8163700" lon="6.5165499">
    <ele>953</ele>
   </trkpt>
   <trkpt lat="45.8162900" lon="6.5164799">
    <ele>954</ele>
   </trkpt>
   <trkpt lat="45.8162100" lon="6.5164200">
    <ele>955</ele>
   </trkpt>
   <trkpt lat="45.8161000" lon="6.5163900">
    <ele>957</ele>
   </trkpt>
   <trkpt lat="45.8160100" lon="6.5163399">
    <ele>958</ele>
   </trkpt>
   <trkpt lat="45.8157300" lon="6.5160000">
    <ele>963</ele>
   </trkpt>
   <trkpt lat="45.8154200" lon="6.5157999">
    <ele>973</ele>
   </trkpt>
   <trkpt lat="45.8151900" lon="6.5156800">
    <ele>979</ele>
   </trkpt>
   <trkpt lat="45.8151000" lon="6.5156000">
    <ele>981</ele>
   </trkpt>
   <trkpt lat="45.8149900" lon="6.5154800">
    <ele>983</ele>
   </trkpt>
   <trkpt lat="45.8149000" lon="6.5153700">
    <ele>983</ele>
   </trkpt>
   <trkpt lat="45.8145700" lon="6.5148900">
    <ele>982</ele>
   </trkpt>
   <trkpt lat="45.8138300" lon="6.5140900">
    <ele>991</ele>
   </trkpt>
   <trkpt lat="45.8134900" lon="6.5138200">
    <ele>996</ele>
   </trkpt>
   <trkpt lat="45.8130700" lon="6.5133700">
    <ele>997</ele>
   </trkpt>
   <trkpt lat="45.8130200" lon="6.5133300">
    <ele>997</ele>
   </trkpt>
   <trkpt lat="45.8129599" lon="6.5133100">
    <ele>998</ele>
   </trkpt>
   <trkpt lat="45.8129000" lon="6.5133300">
    <ele>1000</ele>
   </trkpt>
   <trkpt lat="45.8128600" lon="6.5134100">
    <ele>1002</ele>
   </trkpt>
   <trkpt lat="45.8128500" lon="6.5134900">
    <ele>1005</ele>
   </trkpt>
   <trkpt lat="45.8128600" lon="6.5135600">
    <ele>1006</ele>
   </trkpt>
   <trkpt lat="45.8129100" lon="6.5136300">
    <ele>1007</ele>
   </trkpt>
   <trkpt lat="45.8129700" lon="6.5136700">
    <ele>1006</ele>
   </trkpt>
   <trkpt lat="45.8133000" lon="6.5138900">
    <ele>1003</ele>
   </trkpt>
   <trkpt lat="45.8133700" lon="6.5139900">
    <ele>1003</ele>
   </trkpt>
   <trkpt lat="45.8134400" lon="6.5140900">
    <ele>1003</ele>
   </trkpt>
   <trkpt lat="45.8136300" lon="6.5145200">
    <ele>1007</ele>
   </trkpt>
   <trkpt lat="45.8138300" lon="6.5149400">
    <ele>1009</ele>
   </trkpt>
   <trkpt lat="45.8139100" lon="6.5151300">
    <ele>1012</ele>
   </trkpt>
   <trkpt lat="45.8140000" lon="6.5153900">
    <ele>1016</ele>
   </trkpt>
   <trkpt lat="45.8141500" lon="6.5158500">
    <ele>1024</ele>
   </trkpt>
   <trkpt lat="45.8142600" lon="6.5161400">
    <ele>1027</ele>
   </trkpt>
   <trkpt lat="45.8146600" lon="6.5170100">
    <ele>1029</ele>
   </trkpt>
   <trkpt lat="45.8147300" lon="6.5171900">
    <ele>1031</ele>
   </trkpt>
   <trkpt lat="45.8147800" lon="6.5173500">
    <ele>1034</ele>
   </trkpt>
   <trkpt lat="45.8148700" lon="6.5178500">
    <ele>1045</ele>
   </trkpt>
   <trkpt lat="45.8149200" lon="6.5180600">
    <ele>1049</ele>
   </trkpt>
   <trkpt lat="45.8149400" lon="6.5181300">
    <ele>1051</ele>
   </trkpt>
   <trkpt lat="45.8153900" lon="6.5190300">
    <ele>1052</ele>
   </trkpt>
   <trkpt lat="45.8155700" lon="6.5194100">
    <ele>1051</ele>
   </trkpt>
   <trkpt lat="45.8157200" lon="6.5197000">
    <ele>1048</ele>
   </trkpt>
   <trkpt lat="45.8157700" lon="6.5198000">
    <ele>1047</ele>
   </trkpt>
   <trkpt lat="45.8158100" lon="6.5199500">
    <ele>1047</ele>
   </trkpt>
   <trkpt lat="45.8159400" lon="6.5206000">
    <ele>1054</ele>
   </trkpt>
   <trkpt lat="45.8159700" lon="6.5207300">
    <ele>1055</ele>
   </trkpt>
   <trkpt lat="45.8161700" lon="6.5211000">
    <ele>1051</ele>
   </trkpt>
   <trkpt lat="45.8162400" lon="6.5213400">
    <ele>1052</ele>
   </trkpt>
   <trkpt lat="45.8162900" lon="6.5216300">
    <ele>1054</ele>
   </trkpt>
   <trkpt lat="45.8163600" lon="6.5218999">
    <ele>1054</ele>
   </trkpt>
   <trkpt lat="45.8164299" lon="6.5221000">
    <ele>1054</ele>
   </trkpt>
   <trkpt lat="45.8165600" lon="6.5224000">
    <ele>1054</ele>
   </trkpt>
   <trkpt lat="45.8166400" lon="6.5226100">
    <ele>1053</ele>
   </trkpt>
   <trkpt lat="45.8166900" lon="6.5228800">
    <ele>1053</ele>
   </trkpt>
   <trkpt lat="45.8167199" lon="6.5230800">
    <ele>1053</ele>
   </trkpt>
   <trkpt lat="45.8167300" lon="6.5231899">
    <ele>1053</ele>
   </trkpt>
   <trkpt lat="45.8167199" lon="6.5232800">
    <ele>1054</ele>
   </trkpt>
   <trkpt lat="45.8167000" lon="6.5233700">
    <ele>1055</ele>
   </trkpt>
   <trkpt lat="45.8166500" lon="6.5234400">
    <ele>1057</ele>
   </trkpt>
   <trkpt lat="45.8165100" lon="6.5235100">
    <ele>1061</ele>
   </trkpt>
   <trkpt lat="45.8163500" lon="6.5227500">
    <ele>1064</ele>
   </trkpt>
   <trkpt lat="45.8162400" lon="6.5224100">
    <ele>1066</ele>
   </trkpt>
   <trkpt lat="45.8160100" lon="6.5218299">
    <ele>1068</ele>
   </trkpt>
   <trkpt lat="45.8158600" lon="6.5215200">
    <ele>1072</ele>
   </trkpt>
   <trkpt lat="45.8156600" lon="6.5211600">
    <ele>1078</ele>
   </trkpt>
   <trkpt lat="45.8152700" lon="6.5204500">
    <ele>1085</ele>
   </trkpt>
   <trkpt lat="45.8150100" lon="6.5200500">
    <ele>1090</ele>
   </trkpt>
   <trkpt lat="45.8148600" lon="6.5198000">
    <ele>1091</ele>
   </trkpt>
   <trkpt lat="45.8143900" lon="6.5189199">
    <ele>1088</ele>
   </trkpt>
   <trkpt lat="45.8141700" lon="6.5185300">
    <ele>1087</ele>
   </trkpt>
   <trkpt lat="45.8140300" lon="6.5182500">
    <ele>1087</ele>
   </trkpt>
   <trkpt lat="45.8139100" lon="6.5180700">
    <ele>1087</ele>
   </trkpt>
   <trkpt lat="45.8134600" lon="6.5176000">
    <ele>1094</ele>
   </trkpt>
   <trkpt lat="45.8132300" lon="6.5173200">
    <ele>1095</ele>
   </trkpt>
   <trkpt lat="45.8130300" lon="6.5170300">
    <ele>1094</ele>
   </trkpt>
   <trkpt lat="45.8128000" lon="6.5167500">
    <ele>1095</ele>
   </trkpt>
   <trkpt lat="45.8125500" lon="6.5165499">
    <ele>1099</ele>
   </trkpt>
   <trkpt lat="45.8113800" lon="6.5156900">
    <ele>1100</ele>
   </trkpt>
   <trkpt lat="45.8111600" lon="6.5155800">
    <ele>1101</ele>
   </trkpt>
   <trkpt lat="45.8108500" lon="6.5154700">
    <ele>1104</ele>
   </trkpt>
   <trkpt lat="45.8107400" lon="6.5154300">
    <ele>1104</ele>
   </trkpt>
   <trkpt lat="45.8106600" lon="6.5154200">
    <ele>1104</ele>
   </trkpt>
   <trkpt lat="45.8104900" lon="6.5154600">
    <ele>1104</ele>
   </trkpt>
   <trkpt lat="45.8104200" lon="6.5155000">
    <ele>1105</ele>
   </trkpt>
   <trkpt lat="45.8103600" lon="6.5155600">
    <ele>1106</ele>
   </trkpt>
   <trkpt lat="45.8102900" lon="6.5156400">
    <ele>1107</ele>
   </trkpt>
   <trkpt lat="45.8101399" lon="6.5158200">
    <ele>1109</ele>
   </trkpt>
   <trkpt lat="45.8100400" lon="6.5159200">
    <ele>1111</ele>
   </trkpt>
   <trkpt lat="45.8099700" lon="6.5159600">
    <ele>1112</ele>
   </trkpt>
   <trkpt lat="45.8099000" lon="6.5159900">
    <ele>1113</ele>
   </trkpt>
   <trkpt lat="45.8098000" lon="6.5160000">
    <ele>1114</ele>
   </trkpt>
   <trkpt lat="45.8096699" lon="6.5159800">
    <ele>1114</ele>
   </trkpt>
   <trkpt lat="45.8093400" lon="6.5158500">
    <ele>1115</ele>
   </trkpt>
   <trkpt lat="45.8092800" lon="6.5158400">
    <ele>1115</ele>
   </trkpt>
   <trkpt lat="45.8092000" lon="6.5158600">
    <ele>1116</ele>
   </trkpt>
   <trkpt lat="45.8090900" lon="6.5159200">
    <ele>1117</ele>
   </trkpt>
   <trkpt lat="45.8088100" lon="6.5161500">
    <ele>1119</ele>
   </trkpt>
   <trkpt lat="45.8084599" lon="6.5164400">
    <ele>1121</ele>
   </trkpt>
   <trkpt lat="45.8083600" lon="6.5165100">
    <ele>1122</ele>
   </trkpt>
   <trkpt lat="45.8082100" lon="6.5166300">
    <ele>1122</ele>
   </trkpt>
   <trkpt lat="45.8080000" lon="6.5168200">
    <ele>1123</ele>
   </trkpt>
   <trkpt lat="45.8079400" lon="6.5168799">
    <ele>1123</ele>
   </trkpt>
   <trkpt lat="45.8079200" lon="6.5169300">
    <ele>1123</ele>
   </trkpt>
   <trkpt lat="45.8078999" lon="6.5169900">
    <ele>1123</ele>
   </trkpt>
   <trkpt lat="45.8078999" lon="6.5171000">
    <ele>1123</ele>
   </trkpt>
   <trkpt lat="45.8079200" lon="6.5172100">
    <ele>1124</ele>
   </trkpt>
   <trkpt lat="45.8079800" lon="6.5173400">
    <ele>1125</ele>
   </trkpt>
   <trkpt lat="45.8080200" lon="6.5174100">
    <ele>1126</ele>
   </trkpt>
   <trkpt lat="45.8082500" lon="6.5176999">
    <ele>1129</ele>
   </trkpt>
   <trkpt lat="45.8083200" lon="6.5177800">
    <ele>1130</ele>
   </trkpt>
   <trkpt lat="45.8083699" lon="6.5178500">
    <ele>1130</ele>
   </trkpt>
   <trkpt lat="45.8085200" lon="6.5180600">
    <ele>1131</ele>
   </trkpt>
   <trkpt lat="45.8087500" lon="6.5183900">
    <ele>1133</ele>
   </trkpt>
   <trkpt lat="45.8087700" lon="6.5184200">
    <ele>1133</ele>
   </trkpt>
   <trkpt lat="45.8092300" lon="6.5190600">
    <ele>1137</ele>
   </trkpt>
   <trkpt lat="45.8093400" lon="6.5192100">
    <ele>1139</ele>
   </trkpt>
   <trkpt lat="45.8096699" lon="6.5196600">
    <ele>1145</ele>
   </trkpt>
   <trkpt lat="45.8097100" lon="6.5197500">
    <ele>1145</ele>
   </trkpt>
   <trkpt lat="45.8097300" lon="6.5198500">
    <ele>1146</ele>
   </trkpt>
   <trkpt lat="45.8097200" lon="6.5199800">
    <ele>1147</ele>
   </trkpt>
   <trkpt lat="45.8096800" lon="6.5200600">
    <ele>1148</ele>
   </trkpt>
   <trkpt lat="45.8096400" lon="6.5200900">
    <ele>1149</ele>
   </trkpt>
   <trkpt lat="45.8095900" lon="6.5201000">
    <ele>1149</ele>
   </trkpt>
   <trkpt lat="45.8094600" lon="6.5200800">
    <ele>1148</ele>
   </trkpt>
   <trkpt lat="45.8090600" lon="6.5199299">
    <ele>1146</ele>
   </trkpt>
   <trkpt lat="45.8089400" lon="6.5199299">
    <ele>1146</ele>
   </trkpt>
   <trkpt lat="45.8088600" lon="6.5199500">
    <ele>1147</ele>
   </trkpt>
   <trkpt lat="45.8087300" lon="6.5200100">
    <ele>1148</ele>
   </trkpt>
   <trkpt lat="45.8086000" lon="6.5201100">
    <ele>1149</ele>
   </trkpt>
   <trkpt lat="45.8085200" lon="6.5202000">
    <ele>1151</ele>
   </trkpt>
   <trkpt lat="45.8083900" lon="6.5203200">
    <ele>1152</ele>
   </trkpt>
   <trkpt lat="45.8082700" lon="6.5204000">
    <ele>1152</ele>
   </trkpt>
   <trkpt lat="45.8082000" lon="6.5204600">
    <ele>1151</ele>
   </trkpt>
   <trkpt lat="45.8081900" lon="6.5204900">
    <ele>1151</ele>
   </trkpt>
   <trkpt lat="45.8081800" lon="6.5205800">
    <ele>1152</ele>
   </trkpt>
   <trkpt lat="45.8081900" lon="6.5206300">
    <ele>1152</ele>
   </trkpt>
   <trkpt lat="45.8082100" lon="6.5206600">
    <ele>1153</ele>
   </trkpt>
   <trkpt lat="45.8082400" lon="6.5206900">
    <ele>1155</ele>
   </trkpt>
   <trkpt lat="45.8082600" lon="6.5207000">
    <ele>1155</ele>
   </trkpt>
   <trkpt lat="45.8083000" lon="6.5207000">
    <ele>1156</ele>
   </trkpt>
   <trkpt lat="45.8085600" lon="6.5206200">
    <ele>1157</ele>
   </trkpt>
   <trkpt lat="45.8086700" lon="6.5206300">
    <ele>1157</ele>
   </trkpt>
   <trkpt lat="45.8087200" lon="6.5206400">
    <ele>1157</ele>
   </trkpt>
   <trkpt lat="45.8088300" lon="6.5207100">
    <ele>1158</ele>
   </trkpt>
   <trkpt lat="45.8090000" lon="6.5208500">
    <ele>1161</ele>
   </trkpt>
   <trkpt lat="45.8092600" lon="6.5211100">
    <ele>1165</ele>
   </trkpt>
   <trkpt lat="45.8094400" lon="6.5212800">
    <ele>1166</ele>
   </trkpt>
   <trkpt lat="45.8095000" lon="6.5213700">
    <ele>1167</ele>
   </trkpt>
   <trkpt lat="45.8095300" lon="6.5214500">
    <ele>1167</ele>
   </trkpt>
   <trkpt lat="45.8095300" lon="6.5214900">
    <ele>1168</ele>
   </trkpt>
   <trkpt lat="45.8095200" lon="6.5215600">
    <ele>1169</ele>
   </trkpt>
   <trkpt lat="45.8095000" lon="6.5215900">
    <ele>1170</ele>
   </trkpt>
   <trkpt lat="45.8094800" lon="6.5216200">
    <ele>1170</ele>
   </trkpt>
   <trkpt lat="45.8094400" lon="6.5216400">
    <ele>1171</ele>
   </trkpt>
   <trkpt lat="45.8092300" lon="6.5217000">
    <ele>1174</ele>
   </trkpt>
   <trkpt lat="45.8091900" lon="6.5217300">
    <ele>1174</ele>
   </trkpt>
   <trkpt lat="45.8091200" lon="6.5218000">
    <ele>1175</ele>
   </trkpt>
   <trkpt lat="45.8090900" lon="6.5218700">
    <ele>1175</ele>
   </trkpt>
   <trkpt lat="45.8090600" lon="6.5219699">
    <ele>1175</ele>
   </trkpt>
   <trkpt lat="45.8089700" lon="6.5225000">
    <ele>1179</ele>
   </trkpt>
   <trkpt lat="45.8088800" lon="6.5230200">
    <ele>1184</ele>
   </trkpt>
   <trkpt lat="45.8088300" lon="6.5231500">
    <ele>1184</ele>
   </trkpt>
   <trkpt lat="45.8087800" lon="6.5232900">
    <ele>1185</ele>
   </trkpt>
   <trkpt lat="45.8086900" lon="6.5234800">
    <ele>1187</ele>
   </trkpt>
   <trkpt lat="45.8085200" lon="6.5238100">
    <ele>1191</ele>
   </trkpt>
   <trkpt lat="45.8084300" lon="6.5239600">
    <ele>1192</ele>
   </trkpt>
   <trkpt lat="45.8083000" lon="6.5241500">
    <ele>1193</ele>
   </trkpt>
   <trkpt lat="45.8082500" lon="6.5242100">
    <ele>1194</ele>
   </trkpt>
   <trkpt lat="45.8081400" lon="6.5243300">
    <ele>1196</ele>
   </trkpt>
   <trkpt lat="45.8080300" lon="6.5244400">
    <ele>1198</ele>
   </trkpt>
   <trkpt lat="45.8078300" lon="6.5246200">
    <ele>1201</ele>
   </trkpt>
   <trkpt lat="45.8075600" lon="6.5248000">
    <ele>1202</ele>
   </trkpt>
   <trkpt lat="45.8074700" lon="6.5248799">
    <ele>1203</ele>
   </trkpt>
   <trkpt lat="45.8072100" lon="6.5252800">
    <ele>1206</ele>
   </trkpt>
   <trkpt lat="45.8070499" lon="6.5255000">
    <ele>1206</ele>
   </trkpt>
   <trkpt lat="45.8070300" lon="6.5255500">
    <ele>1206</ele>
   </trkpt>
   <trkpt lat="45.8069900" lon="6.5256600">
    <ele>1208</ele>
   </trkpt>
   <trkpt lat="45.8069100" lon="6.5259900">
    <ele>1212</ele>
   </trkpt>
   <trkpt lat="45.8068500" lon="6.5262100">
    <ele>1215</ele>
   </trkpt>
   <trkpt lat="45.8066699" lon="6.5266400">
    <ele>1218</ele>
   </trkpt>
   <trkpt lat="45.8066000" lon="6.5270600">
    <ele>1224</ele>
   </trkpt>
   <trkpt lat="45.8065700" lon="6.5271600">
    <ele>1225</ele>
   </trkpt>
   <trkpt lat="45.8064899" lon="6.5273500">
    <ele>1226</ele>
   </trkpt>
   <trkpt lat="45.8061999" lon="6.5279800">
    <ele>1229</ele>
   </trkpt>
   <trkpt lat="45.8061099" lon="6.5281399">
    <ele>1229</ele>
   </trkpt>
   <trkpt lat="45.8059000" lon="6.5284500">
    <ele>1228</ele>
   </trkpt>
   <trkpt lat="45.8058400" lon="6.5285500">
    <ele>1228</ele>
   </trkpt>
   <trkpt lat="45.8058100" lon="6.5286400">
    <ele>1229</ele>
   </trkpt>
   <trkpt lat="45.8057000" lon="6.5290800">
    <ele>1234</ele>
   </trkpt>
   <trkpt lat="45.8056000" lon="6.5293100">
    <ele>1236</ele>
   </trkpt>
   <trkpt lat="45.8053300" lon="6.5297900">
    <ele>1241</ele>
   </trkpt>
   <trkpt lat="45.8050700" lon="6.5302100">
    <ele>1245</ele>
   </trkpt>
   <trkpt lat="45.8049600" lon="6.5303400">
    <ele>1245</ele>
   </trkpt>
   <trkpt lat="45.8047300" lon="6.5305300">
    <ele>1246</ele>
   </trkpt>
   <trkpt lat="45.8046300" lon="6.5306499">
    <ele>1246</ele>
   </trkpt>
   <trkpt lat="45.8045600" lon="6.5307800">
    <ele>1247</ele>
   </trkpt>
   <trkpt lat="45.8045400" lon="6.5309100">
    <ele>1248</ele>
   </trkpt>
   <trkpt lat="45.8045400" lon="6.5309900">
    <ele>1248</ele>
   </trkpt>
   <trkpt lat="45.8045800" lon="6.5313100">
    <ele>1251</ele>
   </trkpt>
   <trkpt lat="45.8046200" lon="6.5317200">
    <ele>1254</ele>
   </trkpt>
   <trkpt lat="45.8046300" lon="6.5321600">
    <ele>1258</ele>
   </trkpt>
   <trkpt lat="45.8046300" lon="6.5323399">
    <ele>1259</ele>
   </trkpt>
   <trkpt lat="45.8046099" lon="6.5325000">
    <ele>1260</ele>
   </trkpt>
   <trkpt lat="45.8044400" lon="6.5336700">
    <ele>1264</ele>
   </trkpt>
   <trkpt lat="45.8044000" lon="6.5339700">
    <ele>1265</ele>
   </trkpt>
   <trkpt lat="45.8043900" lon="6.5340999">
    <ele>1266</ele>
   </trkpt>
   <trkpt lat="45.8043900" lon="6.5346100">
    <ele>1267</ele>
   </trkpt>
   <trkpt lat="45.8043700" lon="6.5348900">
    <ele>1267</ele>
   </trkpt>
   <trkpt lat="45.8043700" lon="6.5351300">
    <ele>1266</ele>
   </trkpt>
   <trkpt lat="45.8043800" lon="6.5352100">
    <ele>1266</ele>
   </trkpt>
   <trkpt lat="45.8044200" lon="6.5353500">
    <ele>1265</ele>
   </trkpt>
   <trkpt lat="45.8044600" lon="6.5354200">
    <ele>1266</ele>
   </trkpt>
   <trkpt lat="45.8045600" lon="6.5355900">
    <ele>1268</ele>
   </trkpt>
   <trkpt lat="45.8046000" lon="6.5356800">
    <ele>1269</ele>
   </trkpt>
   <trkpt lat="45.8046900" lon="6.5358900">
    <ele>1272</ele>
   </trkpt>
   <trkpt lat="45.8047200" lon="6.5360200">
    <ele>1272</ele>
   </trkpt>
   <trkpt lat="45.8047300" lon="6.5361100">
    <ele>1272</ele>
   </trkpt>
   <trkpt lat="45.8047500" lon="6.5363800">
    <ele>1271</ele>
   </trkpt>
   <trkpt lat="45.8047700" lon="6.5364800">
    <ele>1272</ele>
   </trkpt>
   <trkpt lat="45.8048000" lon="6.5365800">
    <ele>1273</ele>
   </trkpt>
   <trkpt lat="45.8048700" lon="6.5367300">
    <ele>1276</ele>
   </trkpt>
   <trkpt lat="45.8049700" lon="6.5369200">
    <ele>1281</ele>
   </trkpt>
   <trkpt lat="45.8050200" lon="6.5370300">
    <ele>1284</ele>
   </trkpt>
   <trkpt lat="45.8050300" lon="6.5370900">
    <ele>1284</ele>
   </trkpt>
   <trkpt lat="45.8050400" lon="6.5372300">
    <ele>1285</ele>
   </trkpt>
   <trkpt lat="45.8049800" lon="6.5376600">
    <ele>1283</ele>
   </trkpt>
   <trkpt lat="45.8049899" lon="6.5377900">
    <ele>1284</ele>
   </trkpt>
   <trkpt lat="45.8050400" lon="6.5380300">
    <ele>1288</ele>
   </trkpt>
   <trkpt lat="45.8050500" lon="6.5381300">
    <ele>1289</ele>
   </trkpt>
   <trkpt lat="45.8050500" lon="6.5381900">
    <ele>1289</ele>
   </trkpt>
   <trkpt lat="45.8050400" lon="6.5382500">
    <ele>1289</ele>
   </trkpt>
   <trkpt lat="45.8050100" lon="6.5383699">
    <ele>1288</ele>
   </trkpt>
   <trkpt lat="45.8049700" lon="6.5384399">
    <ele>1287</ele>
   </trkpt>
   <trkpt lat="45.8046900" lon="6.5389300">
    <ele>1283</ele>
   </trkpt>
   <trkpt lat="45.8046400" lon="6.5390300">
    <ele>1282</ele>
   </trkpt>
   <trkpt lat="45.8046000" lon="6.5391600">
    <ele>1283</ele>
   </trkpt>
   <trkpt lat="45.8045199" lon="6.5395200">
    <ele>1285</ele>
   </trkpt>
   <trkpt lat="45.8044000" lon="6.5400900">
    <ele>1288</ele>
   </trkpt>
   <trkpt lat="45.8043700" lon="6.5403000">
    <ele>1289</ele>
   </trkpt>
   <trkpt lat="45.8043400" lon="6.5406000">
    <ele>1291</ele>
   </trkpt>
   <trkpt lat="45.8043500" lon="6.5408200">
    <ele>1294</ele>
   </trkpt>
   <trkpt lat="45.8043800" lon="6.5410700">
    <ele>1296</ele>
   </trkpt>
   <trkpt lat="45.8045199" lon="6.5417700">
    <ele>1300</ele>
   </trkpt>
   <trkpt lat="45.8046400" lon="6.5423000">
    <ele>1301</ele>
   </trkpt>
   <trkpt lat="45.8047600" lon="6.5428200">
    <ele>1303</ele>
   </trkpt>
   <trkpt lat="45.8048300" lon="6.5431800">
    <ele>1303</ele>
   </trkpt>
   <trkpt lat="45.8048600" lon="6.5433700">
    <ele>1303</ele>
   </trkpt>
   <trkpt lat="45.8050600" lon="6.5453800">
    <ele>1299</ele>
   </trkpt>
   <trkpt lat="45.8050799" lon="6.5454600">
    <ele>1299</ele>
   </trkpt>
   <trkpt lat="45.8051100" lon="6.5455500">
    <ele>1300</ele>
   </trkpt>
   <trkpt lat="45.8052200" lon="6.5457700">
    <ele>1303</ele>
   </trkpt>
   <trkpt lat="45.8052700" lon="6.5459100">
    <ele>1303</ele>
   </trkpt>
   <trkpt lat="45.8053100" lon="6.5460100">
    <ele>1304</ele>
   </trkpt>
   <trkpt lat="45.8053400" lon="6.5462300">
    <ele>1303</ele>
   </trkpt>
   <trkpt lat="45.8053500" lon="6.5463600">
    <ele>1303</ele>
   </trkpt>
   <trkpt lat="45.8053600" lon="6.5467900">
    <ele>1301</ele>
   </trkpt>
   <trkpt lat="45.8053400" lon="6.5470200">
    <ele>1301</ele>
   </trkpt>
   <trkpt lat="45.8053200" lon="6.5471100">
    <ele>1301</ele>
   </trkpt>
   <trkpt lat="45.8052700" lon="6.5472600">
    <ele>1301</ele>
   </trkpt>
   <trkpt lat="45.8052000" lon="6.5473500">
    <ele>1300</ele>
   </trkpt>
   <trkpt lat="45.8051400" lon="6.5474100">
    <ele>1299</ele>
   </trkpt>
   <trkpt lat="45.8050100" lon="6.5475000">
    <ele>1298</ele>
   </trkpt>
   <trkpt lat="45.8049400" lon="6.5475400">
    <ele>1298</ele>
   </trkpt>
   <trkpt lat="45.8048500" lon="6.5476200">
    <ele>1299</ele>
   </trkpt>
   <trkpt lat="45.8048100" lon="6.5476800">
    <ele>1299</ele>
   </trkpt>
   <trkpt lat="45.8047700" lon="6.5477600">
    <ele>1300</ele>
   </trkpt>
   <trkpt lat="45.8047400" lon="6.5478300">
    <ele>1300</ele>
   </trkpt>
   <trkpt lat="45.8047200" lon="6.5479900">
    <ele>1302</ele>
   </trkpt>
   <trkpt lat="45.8046999" lon="6.5483600">
    <ele>1305</ele>
   </trkpt>
   <trkpt lat="45.8046700" lon="6.5485300">
    <ele>1307</ele>
   </trkpt>
   <trkpt lat="45.8046400" lon="6.5486000">
    <ele>1307</ele>
   </trkpt>
   <trkpt lat="45.8045700" lon="6.5487500">
    <ele>1308</ele>
   </trkpt>
   <trkpt lat="45.8044300" lon="6.5489800">
    <ele>1309</ele>
   </trkpt>
   <trkpt lat="45.8043900" lon="6.5490600">
    <ele>1309</ele>
   </trkpt>
   <trkpt lat="45.8043500" lon="6.5492000">
    <ele>1310</ele>
   </trkpt>
   <trkpt lat="45.8043300" lon="6.5493800">
    <ele>1311</ele>
   </trkpt>
   <trkpt lat="45.8043300" lon="6.5495000">
    <ele>1311</ele>
   </trkpt>
   <trkpt lat="45.8043500" lon="6.5496000">
    <ele>1312</ele>
   </trkpt>
   <trkpt lat="45.8043800" lon="6.5498800">
    <ele>1313</ele>
   </trkpt>
   <trkpt lat="45.8043900" lon="6.5500000">
    <ele>1314</ele>
   </trkpt>
   <trkpt lat="45.8043800" lon="6.5500800">
    <ele>1314</ele>
   </trkpt>
   <trkpt lat="45.8043500" lon="6.5502200">
    <ele>1314</ele>
   </trkpt>
   <trkpt lat="45.8043200" lon="6.5503000">
    <ele>1313</ele>
   </trkpt>
   <trkpt lat="45.8042900" lon="6.5503600">
    <ele>1313</ele>
   </trkpt>
   <trkpt lat="45.8042000" lon="6.5504300">
    <ele>1313</ele>
   </trkpt>
   <trkpt lat="45.8041100" lon="6.5504700">
    <ele>1313</ele>
   </trkpt>
   <trkpt lat="45.8040200" lon="6.5504700">
    <ele>1315</ele>
   </trkpt>
   <trkpt lat="45.8039700" lon="6.5504500">
    <ele>1316</ele>
   </trkpt>
   <trkpt lat="45.8038900" lon="6.5504000">
    <ele>1317</ele>
   </trkpt>
   <trkpt lat="45.8038600" lon="6.5503500">
    <ele>1317</ele>
   </trkpt>
   <trkpt lat="45.8038300" lon="6.5503000">
    <ele>1317</ele>
   </trkpt>
   <trkpt lat="45.8038000" lon="6.5501900">
    <ele>1317</ele>
   </trkpt>
   <trkpt lat="45.8037500" lon="6.5498500">
    <ele>1316</ele>
   </trkpt>
   <trkpt lat="45.8037000" lon="6.5496400">
    <ele>1316</ele>
   </trkpt>
   <trkpt lat="45.8036100" lon="6.5494500">
    <ele>1316</ele>
   </trkpt>
   <trkpt lat="45.8035300" lon="6.5493000">
    <ele>1317</ele>
   </trkpt>
   <trkpt lat="45.8035000" lon="6.5492600">
    <ele>1317</ele>
   </trkpt>
   <trkpt lat="45.8032400" lon="6.5489200">
    <ele>1319</ele>
   </trkpt>
   <trkpt lat="45.8030900" lon="6.5487300">
    <ele>1320</ele>
   </trkpt>
   <trkpt lat="45.8029200" lon="6.5485400">
    <ele>1322</ele>
   </trkpt>
   <trkpt lat="45.8023600" lon="6.5480100">
    <ele>1327</ele>
   </trkpt>
   <trkpt lat="45.8021600" lon="6.5477700">
    <ele>1329</ele>
   </trkpt>
   <trkpt lat="45.8019500" lon="6.5474900">
    <ele>1331</ele>
   </trkpt>
   <trkpt lat="45.8017700" lon="6.5472800">
    <ele>1333</ele>
   </trkpt>
   <trkpt lat="45.8012400" lon="6.5467700">
    <ele>1340</ele>
   </trkpt>
   <trkpt lat="45.8011300" lon="6.5466300">
    <ele>1341</ele>
   </trkpt>
   <trkpt lat="45.8010000" lon="6.5464600">
    <ele>1343</ele>
   </trkpt>
   <trkpt lat="45.8008900" lon="6.5462600">
    <ele>1344</ele>
   </trkpt>
   <trkpt lat="45.8007599" lon="6.5459800">
    <ele>1346</ele>
   </trkpt>
   <trkpt lat="45.8006500" lon="6.5457700">
    <ele>1347</ele>
   </trkpt>
   <trkpt lat="45.8000300" lon="6.5448800">
    <ele>1353</ele>
   </trkpt>
   <trkpt lat="45.7996900" lon="6.5444500">
    <ele>1357</ele>
   </trkpt>
   <trkpt lat="45.7989700" lon="6.5436200">
    <ele>1367</ele>
   </trkpt>
   <trkpt lat="45.7987300" lon="6.5433400">
    <ele>1369</ele>
   </trkpt>
   <trkpt lat="45.7984300" lon="6.5430200">
    <ele>1373</ele>
   </trkpt>
   <trkpt lat="45.7977900" lon="6.5423700">
    <ele>1382</ele>
   </trkpt>
   <trkpt lat="45.7977200" lon="6.5422800">
    <ele>1383</ele>
   </trkpt>
   <trkpt lat="45.7976600" lon="6.5421900">
    <ele>1384</ele>
   </trkpt>
   <trkpt lat="45.7976200" lon="6.5420600">
    <ele>1385</ele>
   </trkpt>
   <trkpt lat="45.7975500" lon="6.5417900">
    <ele>1387</ele>
   </trkpt>
   <trkpt lat="45.7974900" lon="6.5416500">
    <ele>1388</ele>
   </trkpt>
   <trkpt lat="45.7974000" lon="6.5415100">
    <ele>1389</ele>
   </trkpt>
   <trkpt lat="45.7972600" lon="6.5413700">
    <ele>1390</ele>
   </trkpt>
   <trkpt lat="45.7967800" lon="6.5410100">
    <ele>1397</ele>
   </trkpt>
   <trkpt lat="45.7966700" lon="6.5409499">
    <ele>1399</ele>
   </trkpt>
   <trkpt lat="45.7964900" lon="6.5408799">
    <ele>1399</ele>
   </trkpt>
   <trkpt lat="45.7962200" lon="6.5408799">
    <ele>1400</ele>
   </trkpt>
   <trkpt lat="45.7960500" lon="6.5408900">
    <ele>1400</ele>
   </trkpt>
   <trkpt lat="45.7959400" lon="6.5409200">
    <ele>1401</ele>
   </trkpt>
   <trkpt lat="45.7958500" lon="6.5409700">
    <ele>1401</ele>
   </trkpt>
   <trkpt lat="45.7957400" lon="6.5410600">
    <ele>1401</ele>
   </trkpt>
   <trkpt lat="45.7955600" lon="6.5412700">
    <ele>1402</ele>
   </trkpt>
   <trkpt lat="45.7954000" lon="6.5415100">
    <ele>1404</ele>
   </trkpt>
   <trkpt lat="45.7953199" lon="6.5415900">
    <ele>1405</ele>
   </trkpt>
   <trkpt lat="45.7951300" lon="6.5417300">
    <ele>1406</ele>
   </trkpt>
   <trkpt lat="45.7946200" lon="6.5420299">
    <ele>1412</ele>
   </trkpt>
   <trkpt lat="45.7945000" lon="6.5421200">
    <ele>1415</ele>
   </trkpt>
   <trkpt lat="45.7942200" lon="6.5424100">
    <ele>1422</ele>
   </trkpt>
   <trkpt lat="45.7941200" lon="6.5424800">
    <ele>1423</ele>
   </trkpt>
   <trkpt lat="45.7939999" lon="6.5425500">
    <ele>1424</ele>
   </trkpt>
   <trkpt lat="45.7938199" lon="6.5426200">
    <ele>1424</ele>
   </trkpt>
   <trkpt lat="45.7937100" lon="6.5426900">
    <ele>1425</ele>
   </trkpt>
   <trkpt lat="45.7934900" lon="6.5429500">
    <ele>1428</ele>
   </trkpt>
   <trkpt lat="45.7933800" lon="6.5430400">
    <ele>1429</ele>
   </trkpt>
   <trkpt lat="45.7933200" lon="6.5430800">
    <ele>1429</ele>
   </trkpt>
   <trkpt lat="45.7930000" lon="6.5431900">
    <ele>1427</ele>
   </trkpt>
   <trkpt lat="45.7929000" lon="6.5432400">
    <ele>1427</ele>
   </trkpt>
   <trkpt lat="45.7927600" lon="6.5433600">
    <ele>1427</ele>
   </trkpt>
   <trkpt lat="45.7924600" lon="6.5437000">
    <ele>1432</ele>
   </trkpt>
   <trkpt lat="45.7922800" lon="6.5439000">
    <ele>1436</ele>
   </trkpt>
   <trkpt lat="45.7921900" lon="6.5439900">
    <ele>1437</ele>
   </trkpt>
   <trkpt lat="45.7917500" lon="6.5443200">
    <ele>1444</ele>
   </trkpt>
   <trkpt lat="45.7916400" lon="6.5444000">
    <ele>1445</ele>
   </trkpt>
   <trkpt lat="45.7915200" lon="6.5444600">
    <ele>1446</ele>
   </trkpt>
   <trkpt lat="45.7913400" lon="6.5445399">
    <ele>1448</ele>
   </trkpt>
   <trkpt lat="45.7908600" lon="6.5447100">
    <ele>1450</ele>
   </trkpt>
   <trkpt lat="45.7905299" lon="6.5448200">
    <ele>1451</ele>
   </trkpt>
   <trkpt lat="45.7903900" lon="6.5449000">
    <ele>1451</ele>
   </trkpt>
   <trkpt lat="45.7902700" lon="6.5450000">
    <ele>1453</ele>
   </trkpt>
   <trkpt lat="45.7900800" lon="6.5451900">
    <ele>1454</ele>
   </trkpt>
   <trkpt lat="45.7898700" lon="6.5454300">
    <ele>1455</ele>
   </trkpt>
   <trkpt lat="45.7897300" lon="6.5456500">
    <ele>1457</ele>
   </trkpt>
   <trkpt lat="45.7893500" lon="6.5464200">
    <ele>1462</ele>
   </trkpt>
   <trkpt lat="45.7892600" lon="6.5465500">
    <ele>1462</ele>
   </trkpt>
   <trkpt lat="45.7891900" lon="6.5466300">
    <ele>1462</ele>
   </trkpt>
   <trkpt lat="45.7890500" lon="6.5467500">
    <ele>1463</ele>
   </trkpt>
   <trkpt lat="45.7888600" lon="6.5468700">
    <ele>1465</ele>
   </trkpt>
   <trkpt lat="45.7887000" lon="6.5469300">
    <ele>1466</ele>
   </trkpt>
   <trkpt lat="45.7884400" lon="6.5469400">
    <ele>1466</ele>
   </trkpt>
   <trkpt lat="45.7878900" lon="6.5469600">
    <ele>1467</ele>
   </trkpt>
   <trkpt lat="45.7874100" lon="6.5469799">
    <ele>1467</ele>
   </trkpt>
   <trkpt lat="45.7872500" lon="6.5470000">
    <ele>1465</ele>
   </trkpt>
   <trkpt lat="45.7871499" lon="6.5470300">
    <ele>1464</ele>
   </trkpt>
   <trkpt lat="45.7870100" lon="6.5470900">
    <ele>1463</ele>
   </trkpt>
   <trkpt lat="45.7868799" lon="6.5471500">
    <ele>1462</ele>
   </trkpt>
   <trkpt lat="45.7867500" lon="6.5472200">
    <ele>1461</ele>
   </trkpt>
   <trkpt lat="45.7866700" lon="6.5472800">
    <ele>1461</ele>
   </trkpt>
   <trkpt lat="45.7866200" lon="6.5473500">
    <ele>1460</ele>
   </trkpt>
   <trkpt lat="45.7865600" lon="6.5474400">
    <ele>1459</ele>
   </trkpt>
   <trkpt lat="45.7863200" lon="6.5478900">
    <ele>1459</ele>
   </trkpt>
   <trkpt lat="45.7860200" lon="6.5484700">
    <ele>1461</ele>
   </trkpt>
   <trkpt lat="45.7858400" lon="6.5487800">
    <ele>1461</ele>
   </trkpt>
   <trkpt lat="45.7857700" lon="6.5489800">
    <ele>1462</ele>
   </trkpt>
   <trkpt lat="45.7856000" lon="6.5495500">
    <ele>1465</ele>
   </trkpt>
   <trkpt lat="45.7854800" lon="6.5498800">
    <ele>1466</ele>
   </trkpt>
   <trkpt lat="45.7852000" lon="6.5505400">
    <ele>1465</ele>
   </trkpt>
   <trkpt lat="45.7851100" lon="6.5506900">
    <ele>1464</ele>
   </trkpt>
   <trkpt lat="45.7849999" lon="6.5508400">
    <ele>1462</ele>
   </trkpt>
   <trkpt lat="45.7846400" lon="6.5512300">
    <ele>1455</ele>
   </trkpt>
   <trkpt lat="45.7845200" lon="6.5514100">
    <ele>1455</ele>
   </trkpt>
   <trkpt lat="45.7843700" lon="6.5516000">
    <ele>1454</ele>
   </trkpt>
   <trkpt lat="45.7841900" lon="6.5517899">
    <ele>1452</ele>
   </trkpt>
   <trkpt lat="45.7840700" lon="6.5519500">
    <ele>1453</ele>
   </trkpt>
   <trkpt lat="45.7837900" lon="6.5523600">
    <ele>1456</ele>
   </trkpt>
   <trkpt lat="45.7835300" lon="6.5527900">
    <ele>1457</ele>
   </trkpt>
   <trkpt lat="45.7832500" lon="6.5533400">
    <ele>1456</ele>
   </trkpt>
   <trkpt lat="45.7831000" lon="6.5535900">
    <ele>1458</ele>
   </trkpt>
   <trkpt lat="45.7828000" lon="6.5540100">
    <ele>1455</ele>
   </trkpt>
   <trkpt lat="45.7826800" lon="6.5542000">
    <ele>1453</ele>
   </trkpt>
   <trkpt lat="45.7825800" lon="6.5543900">
    <ele>1451</ele>
   </trkpt>
   <trkpt lat="45.7823600" lon="6.5549000">
    <ele>1451</ele>
   </trkpt>
   <trkpt lat="45.7819600" lon="6.5560200">
    <ele>1450</ele>
   </trkpt>
   <trkpt lat="45.7816000" lon="6.5566600">
    <ele>1443</ele>
   </trkpt>
   <trkpt lat="45.7815000" lon="6.5569000">
    <ele>1444</ele>
   </trkpt>
   <trkpt lat="45.7812900" lon="6.5574899">
    <ele>1447</ele>
   </trkpt>
   <trkpt lat="45.7811800" lon="6.5576600">
    <ele>1447</ele>
   </trkpt>
   <trkpt lat="45.7811300" lon="6.5577100">
    <ele>1446</ele>
   </trkpt>
   <trkpt lat="45.7810599" lon="6.5577700">
    <ele>1445</ele>
   </trkpt>
   <trkpt lat="45.7808900" lon="6.5578500">
    <ele>1442</ele>
   </trkpt>
   <trkpt lat="45.7807100" lon="6.5579700">
    <ele>1440</ele>
   </trkpt>
   <trkpt lat="45.7805899" lon="6.5580600">
    <ele>1439</ele>
   </trkpt>
   <trkpt lat="45.7804800" lon="6.5581699">
    <ele>1438</ele>
   </trkpt>
   <trkpt lat="45.7804100" lon="6.5582500">
    <ele>1438</ele>
   </trkpt>
   <trkpt lat="45.7803500" lon="6.5583600">
    <ele>1438</ele>
   </trkpt>
   <trkpt lat="45.7801900" lon="6.5586700">
    <ele>1439</ele>
   </trkpt>
   <trkpt lat="45.7800500" lon="6.5589000">
    <ele>1439</ele>
   </trkpt>
   <trkpt lat="45.7799400" lon="6.5590500">
    <ele>1439</ele>
   </trkpt>
   <trkpt lat="45.7796100" lon="6.5594700">
    <ele>1443</ele>
   </trkpt>
   <trkpt lat="45.7794900" lon="6.5595800">
    <ele>1444</ele>
   </trkpt>
   <trkpt lat="45.7793500" lon="6.5596700">
    <ele>1444</ele>
   </trkpt>
   <trkpt lat="45.7789000" lon="6.5599000">
    <ele>1442</ele>
   </trkpt>
   <trkpt lat="45.7787999" lon="6.5599299">
    <ele>1442</ele>
   </trkpt>
   <trkpt lat="45.7787300" lon="6.5599400">
    <ele>1441</ele>
   </trkpt>
   <trkpt lat="45.7786300" lon="6.5599200">
    <ele>1439</ele>
   </trkpt>
   <trkpt lat="45.7785000" lon="6.5598700">
    <ele>1437</ele>
   </trkpt>
   <trkpt lat="45.7784300" lon="6.5598300">
    <ele>1436</ele>
   </trkpt>
   <trkpt lat="45.7784000" lon="6.5598000">
    <ele>1436</ele>
   </trkpt>
   <trkpt lat="45.7783500" lon="6.5597500">
    <ele>1435</ele>
   </trkpt>
   <trkpt lat="45.7782500" lon="6.5596300">
    <ele>1436</ele>
   </trkpt>
   <trkpt lat="45.7782000" lon="6.5595600">
    <ele>1438</ele>
   </trkpt>
   <trkpt lat="45.7781499" lon="6.5594700">
    <ele>1439</ele>
   </trkpt>
   <trkpt lat="45.7781300" lon="6.5593700">
    <ele>1440</ele>
   </trkpt>
   <trkpt lat="45.7781400" lon="6.5592800">
    <ele>1440</ele>
   </trkpt>
   <trkpt lat="45.7781499" lon="6.5592100">
    <ele>1440</ele>
   </trkpt>
   <trkpt lat="45.7782300" lon="6.5590100">
    <ele>1441</ele>
   </trkpt>
   <trkpt lat="45.7783400" lon="6.5587900">
    <ele>1441</ele>
   </trkpt>
   <trkpt lat="45.7783900" lon="6.5586500">
    <ele>1444</ele>
   </trkpt>
   <trkpt lat="45.7785100" lon="6.5580400">
    <ele>1452</ele>
   </trkpt>
   <trkpt lat="45.7786100" lon="6.5576700">
    <ele>1455</ele>
   </trkpt>
   <trkpt lat="45.7787300" lon="6.5573700">
    <ele>1455</ele>
   </trkpt>
   <trkpt lat="45.7791000" lon="6.5566600">
    <ele>1451</ele>
   </trkpt>
   <trkpt lat="45.7795700" lon="6.5557200">
    <ele>1458</ele>
   </trkpt>
   <trkpt lat="45.7796300" lon="6.5555899">
    <ele>1459</ele>
   </trkpt>
   <trkpt lat="45.7796700" lon="6.5554500">
    <ele>1461</ele>
   </trkpt>
   <trkpt lat="45.7797000" lon="6.5553100">
    <ele>1463</ele>
   </trkpt>
   <trkpt lat="45.7797300" lon="6.5551100">
    <ele>1467</ele>
   </trkpt>
   <trkpt lat="45.7798100" lon="6.5544000">
    <ele>1474</ele>
   </trkpt>
   <trkpt lat="45.7798900" lon="6.5539400">
    <ele>1475</ele>
   </trkpt>
   <trkpt lat="45.7799000" lon="6.5538400">
    <ele>1475</ele>
   </trkpt>
   <trkpt lat="45.7799000" lon="6.5537599">
    <ele>1475</ele>
   </trkpt>
   <trkpt lat="45.7798299" lon="6.5530300">
    <ele>1486</ele>
   </trkpt>
   <trkpt lat="45.7798400" lon="6.5528700">
    <ele>1489</ele>
   </trkpt>
   <trkpt lat="45.7801500" lon="6.5516100">
    <ele>1489</ele>
   </trkpt>
   <trkpt lat="45.7802000" lon="6.5513700">
    <ele>1488</ele>
   </trkpt>
   <trkpt lat="45.7802300" lon="6.5512200">
    <ele>1488</ele>
   </trkpt>
   <trkpt lat="45.7802400" lon="6.5511200">
    <ele>1488</ele>
   </trkpt>
   <trkpt lat="45.7802400" lon="6.5510500">
    <ele>1489</ele>
   </trkpt>
   <trkpt lat="45.7802300" lon="6.5509200">
    <ele>1490</ele>
   </trkpt>
   <trkpt lat="45.7802099" lon="6.5508100">
    <ele>1491</ele>
   </trkpt>
   <trkpt lat="45.7800800" lon="6.5504700">
    <ele>1496</ele>
   </trkpt>
   <trkpt lat="45.7800400" lon="6.5502600">
    <ele>1497</ele>
   </trkpt>
   <trkpt lat="45.7800600" lon="6.5501100">
    <ele>1495</ele>
   </trkpt>
   <trkpt lat="45.7801100" lon="6.5499200">
    <ele>1494</ele>
   </trkpt>
   <trkpt lat="45.7801700" lon="6.5497200">
    <ele>1494</ele>
   </trkpt>
   <trkpt lat="45.7802200" lon="6.5496299">
    <ele>1493</ele>
   </trkpt>
   <trkpt lat="45.7802600" lon="6.5495700">
    <ele>1493</ele>
   </trkpt>
   <trkpt lat="45.7804500" lon="6.5493900">
    <ele>1490</ele>
   </trkpt>
   <trkpt lat="45.7805500" lon="6.5492600">
    <ele>1489</ele>
   </trkpt>
   <trkpt lat="45.7810900" lon="6.5484800">
    <ele>1504</ele>
   </trkpt>
   <trkpt lat="45.7812500" lon="6.5482800">
    <ele>1506</ele>
   </trkpt>
   <trkpt lat="45.7813700" lon="6.5480900">
    <ele>1507</ele>
   </trkpt>
   <trkpt lat="45.7815600" lon="6.5476599">
    <ele>1508</ele>
   </trkpt>
   <trkpt lat="45.7816600" lon="6.5473400">
    <ele>1507</ele>
   </trkpt>
   <trkpt lat="45.7817400" lon="6.5470100">
    <ele>1508</ele>
   </trkpt>
   <trkpt lat="45.7817800" lon="6.5467000">
    <ele>1510</ele>
   </trkpt>
   <trkpt lat="45.7817900" lon="6.5464100">
    <ele>1511</ele>
   </trkpt>
   <trkpt lat="45.7817099" lon="6.5447300">
    <ele>1520</ele>
   </trkpt>
   <trkpt lat="45.7816800" lon="6.5445000">
    <ele>1520</ele>
   </trkpt>
   <trkpt lat="45.7816400" lon="6.5443600">
    <ele>1520</ele>
   </trkpt>
   <trkpt lat="45.7815800" lon="6.5442100">
    <ele>1520</ele>
   </trkpt>
   <trkpt lat="45.7815000" lon="6.5440699">
    <ele>1521</ele>
   </trkpt>
   <trkpt lat="45.7814200" lon="6.5439400">
    <ele>1522</ele>
   </trkpt>
   <trkpt lat="45.7813000" lon="6.5438100">
    <ele>1524</ele>
   </trkpt>
   <trkpt lat="45.7812100" lon="6.5437500">
    <ele>1525</ele>
   </trkpt>
   <trkpt lat="45.7810599" lon="6.5436600">
    <ele>1527</ele>
   </trkpt>
   <trkpt lat="45.7808900" lon="6.5435700">
    <ele>1529</ele>
   </trkpt>
   <trkpt lat="45.7807900" lon="6.5435200">
    <ele>1531</ele>
   </trkpt>
   <trkpt lat="45.7806300" lon="6.5434400">
    <ele>1537</ele>
   </trkpt>
   <trkpt lat="45.7805400" lon="6.5433700">
    <ele>1540</ele>
   </trkpt>
   <trkpt lat="45.7805000" lon="6.5433000">
    <ele>1541</ele>
   </trkpt>
   <trkpt lat="45.7804700" lon="6.5431100">
    <ele>1543</ele>
   </trkpt>
   <trkpt lat="45.7804700" lon="6.5429700">
    <ele>1543</ele>
   </trkpt>
   <trkpt lat="45.7804900" lon="6.5428100">
    <ele>1542</ele>
   </trkpt>
   <trkpt lat="45.7806100" lon="6.5424500">
    <ele>1536</ele>
   </trkpt>
   <trkpt lat="45.7806300" lon="6.5423500">
    <ele>1536</ele>
   </trkpt>
   <trkpt lat="45.7806300" lon="6.5422700">
    <ele>1536</ele>
   </trkpt>
   <trkpt lat="45.7806300" lon="6.5420600">
    <ele>1536</ele>
   </trkpt>
   <trkpt lat="45.7805700" lon="6.5416900">
    <ele>1538</ele>
   </trkpt>
   <trkpt lat="45.7804900" lon="6.5413800">
    <ele>1541</ele>
   </trkpt>
   <trkpt lat="45.7802800" lon="6.5406400">
    <ele>1543</ele>
   </trkpt>
   <trkpt lat="45.7802500" lon="6.5405300">
    <ele>1543</ele>
   </trkpt>
   <trkpt lat="45.7798400" lon="6.5393600">
    <ele>1552</ele>
   </trkpt>
   <trkpt lat="45.7796200" lon="6.5388300">
    <ele>1559</ele>
   </trkpt>
   <trkpt lat="45.7794400" lon="6.5384500">
    <ele>1563</ele>
   </trkpt>
   <trkpt lat="45.7792000" lon="6.5380200">
    <ele>1565</ele>
   </trkpt>
   <trkpt lat="45.7791000" lon="6.5378700">
    <ele>1566</ele>
   </trkpt>
   <trkpt lat="45.7789900" lon="6.5377599">
    <ele>1568</ele>
   </trkpt>
   <trkpt lat="45.7782200" lon="6.5371700">
    <ele>1581</ele>
   </trkpt>
   <trkpt lat="45.7779600" lon="6.5369900">
    <ele>1583</ele>
   </trkpt>
   <trkpt lat="45.7772400" lon="6.5367200">
    <ele>1593</ele>
   </trkpt>
   <trkpt lat="45.7766400" lon="6.5365500">
    <ele>1602</ele>
   </trkpt>
   <trkpt lat="45.7764800" lon="6.5364900">
    <ele>1605</ele>
   </trkpt>
   <trkpt lat="45.7763500" lon="6.5364200">
    <ele>1606</ele>
   </trkpt>
   <trkpt lat="45.7762400" lon="6.5363300">
    <ele>1606</ele>
   </trkpt>
   <trkpt lat="45.7759400" lon="6.5360200">
    <ele>1604</ele>
   </trkpt>
   <trkpt lat="45.7757400" lon="6.5358700">
    <ele>1603</ele>
   </trkpt>
   <trkpt lat="45.7754800" lon="6.5357300">
    <ele>1604</ele>
   </trkpt>
   <trkpt lat="45.7752800" lon="6.5356300">
    <ele>1604</ele>
   </trkpt>
   <trkpt lat="45.7751300" lon="6.5355800">
    <ele>1605</ele>
   </trkpt>
   <trkpt lat="45.7749700" lon="6.5355400">
    <ele>1607</ele>
   </trkpt>
   <trkpt lat="45.7742400" lon="6.5355000">
    <ele>1608</ele>
   </trkpt>
   <trkpt lat="45.7741100" lon="6.5355100">
    <ele>1608</ele>
   </trkpt>
   <trkpt lat="45.7740200" lon="6.5355299">
    <ele>1608</ele>
   </trkpt>
   <trkpt lat="45.7739500" lon="6.5355700">
    <ele>1609</ele>
   </trkpt>
   <trkpt lat="45.7738700" lon="6.5356500">
    <ele>1610</ele>
   </trkpt>
   <trkpt lat="45.7736200" lon="6.5359600">
    <ele>1614</ele>
   </trkpt>
   <trkpt lat="45.7735000" lon="6.5360900">
    <ele>1614</ele>
   </trkpt>
   <trkpt lat="45.7733599" lon="6.5362000">
    <ele>1614</ele>
   </trkpt>
   <trkpt lat="45.7732400" lon="6.5362700">
    <ele>1613</ele>
   </trkpt>
   <trkpt lat="45.7731400" lon="6.5363100">
    <ele>1612</ele>
   </trkpt>
   <trkpt lat="45.7730700" lon="6.5363300">
    <ele>1611</ele>
   </trkpt>
   <trkpt lat="45.7728100" lon="6.5363500">
    <ele>1608</ele>
   </trkpt>
   <trkpt lat="45.7726700" lon="6.5363800">
    <ele>1606</ele>
   </trkpt>
   <trkpt lat="45.7724400" lon="6.5364500">
    <ele>1604</ele>
   </trkpt>
   <trkpt lat="45.7723800" lon="6.5364500">
    <ele>1604</ele>
   </trkpt>
   <trkpt lat="45.7723100" lon="6.5364200">
    <ele>1604</ele>
   </trkpt>
   <trkpt lat="45.7722399" lon="6.5363700">
    <ele>1604</ele>
   </trkpt>
   <trkpt lat="45.7721700" lon="6.5363100">
    <ele>1604</ele>
   </trkpt>
   <trkpt lat="45.7721100" lon="6.5362400">
    <ele>1603</ele>
   </trkpt>
   <trkpt lat="45.7720200" lon="6.5361100">
    <ele>1603</ele>
   </trkpt>
   <trkpt lat="45.7718400" lon="6.5357500">
    <ele>1601</ele>
   </trkpt>
   <trkpt lat="45.7715800" lon="6.5352900">
    <ele>1600</ele>
   </trkpt>
   <trkpt lat="45.7714799" lon="6.5351400">
    <ele>1601</ele>
   </trkpt>
   <trkpt lat="45.7710500" lon="6.5346399">
    <ele>1608</ele>
   </trkpt>
   <trkpt lat="45.7709800" lon="6.5345200">
    <ele>1607</ele>
   </trkpt>
   <trkpt lat="45.7708700" lon="6.5343200">
    <ele>1607</ele>
   </trkpt>
   <trkpt lat="45.7704900" lon="6.5334600">
    <ele>1611</ele>
   </trkpt>
   <trkpt lat="45.7703700" lon="6.5332500">
    <ele>1613</ele>
   </trkpt>
   <trkpt lat="45.7702800" lon="6.5331200">
    <ele>1615</ele>
   </trkpt>
   <trkpt lat="45.7700800" lon="6.5329300">
    <ele>1619</ele>
   </trkpt>
   <trkpt lat="45.7698400" lon="6.5327500">
    <ele>1623</ele>
   </trkpt>
   <trkpt lat="45.7697200" lon="6.5326400">
    <ele>1625</ele>
   </trkpt>
   <trkpt lat="45.7693900" lon="6.5322800">
    <ele>1626</ele>
   </trkpt>
   <trkpt lat="45.7692600" lon="6.5321600">
    <ele>1625</ele>
   </trkpt>
   <trkpt lat="45.7687300" lon="6.5318900">
    <ele>1624</ele>
   </trkpt>
   <trkpt lat="45.7685699" lon="6.5318300">
    <ele>1624</ele>
   </trkpt>
   <trkpt lat="45.7684500" lon="6.5318100">
    <ele>1625</ele>
   </trkpt>
   <trkpt lat="45.7682500" lon="6.5318300">
    <ele>1628</ele>
   </trkpt>
   <trkpt lat="45.7669600" lon="6.5322400">
    <ele>1639</ele>
   </trkpt>
   <trkpt lat="45.7661700" lon="6.5325900">
    <ele>1643</ele>
   </trkpt>
   <trkpt lat="45.7660200" lon="6.5326800">
    <ele>1644</ele>
   </trkpt>
   <trkpt lat="45.7655600" lon="6.5330700">
    <ele>1648</ele>
   </trkpt>
   <trkpt lat="45.7651899" lon="6.5333500">
    <ele>1649</ele>
   </trkpt>
   <trkpt lat="45.7650700" lon="6.5334199">
    <ele>1650</ele>
   </trkpt>
   <trkpt lat="45.7638500" lon="6.5338600">
    <ele>1658</ele>
   </trkpt>
   <trkpt lat="45.7637000" lon="6.5339000">
    <ele>1659</ele>
   </trkpt>
   <trkpt lat="45.7636200" lon="6.5339200">
    <ele>1659</ele>
   </trkpt>
   <trkpt lat="45.7635400" lon="6.5339200">
    <ele>1659</ele>
   </trkpt>
   <trkpt lat="45.7633800" lon="6.5338700">
    <ele>1658</ele>
   </trkpt>
   <trkpt lat="45.7633500" lon="6.5338300">
    <ele>1658</ele>
   </trkpt>
   <trkpt lat="45.7633500" lon="6.5337900">
    <ele>1658</ele>
   </trkpt>
   <trkpt lat="45.7633500" lon="6.5337400">
    <ele>1657</ele>
   </trkpt>
   <trkpt lat="45.7633400" lon="6.5336999">
    <ele>1657</ele>
   </trkpt>
   <trkpt lat="45.7633200" lon="6.5336600">
    <ele>1657</ele>
   </trkpt>
   <trkpt lat="45.7632900" lon="6.5336400">
    <ele>1657</ele>
   </trkpt>
   <trkpt lat="45.7632600" lon="6.5336299">
    <ele>1657</ele>
   </trkpt>
   <trkpt lat="45.7632199" lon="6.5336299">
    <ele>1657</ele>
   </trkpt>
   <trkpt lat="45.7631900" lon="6.5336500">
    <ele>1657</ele>
   </trkpt>
   <trkpt lat="45.7631700" lon="6.5336800">
    <ele>1657</ele>
   </trkpt>
   <trkpt lat="45.7631500" lon="6.5337300">
    <ele>1658</ele>
   </trkpt>
   <trkpt lat="45.7628600" lon="6.5335300">
    <ele>1657</ele>
   </trkpt>
   <trkpt lat="45.7627800" lon="6.5334800">
    <ele>1657</ele>
   </trkpt>
   <trkpt lat="45.7626599" lon="6.5334400">
    <ele>1657</ele>
   </trkpt>
   <trkpt lat="45.7624000" lon="6.5333800">
    <ele>1657</ele>
   </trkpt>
   <trkpt lat="45.7621899" lon="6.5333600">
    <ele>1657</ele>
   </trkpt>
   <trkpt lat="45.7618400" lon="6.5333500">
    <ele>1657</ele>
   </trkpt>
   <trkpt lat="45.7617000" lon="6.5333500">
    <ele>1657</ele>
   </trkpt>
   <trkpt lat="45.7613800" lon="6.5333700">
    <ele>1658</ele>
   </trkpt>
   <trkpt lat="45.7611400" lon="6.5333900">
    <ele>1659</ele>
   </trkpt>
   <trkpt lat="45.7608500" lon="6.5334400">
    <ele>1660</ele>
   </trkpt>
   <trkpt lat="45.7604700" lon="6.5335400">
    <ele>1660</ele>
   </trkpt>
   <trkpt lat="45.7603500" lon="6.5335800">
    <ele>1660</ele>
   </trkpt>
   <trkpt lat="45.7603200" lon="6.5335900">
    <ele>1660</ele>
   </trkpt>
   <trkpt lat="45.7602199" lon="6.5336299">
    <ele>1660</ele>
   </trkpt>
   <trkpt lat="45.7599900" lon="6.5337600">
    <ele>1659</ele>
   </trkpt>
   <trkpt lat="45.7598200" lon="6.5339000">
    <ele>1659</ele>
   </trkpt>
   <trkpt lat="45.7595500" lon="6.5341900">
    <ele>1658</ele>
   </trkpt>
   <trkpt lat="45.7595200" lon="6.5341600">
    <ele>1658</ele>
   </trkpt>
   <trkpt lat="45.7595000" lon="6.5341400">
    <ele>1658</ele>
   </trkpt>
   <trkpt lat="45.7594700" lon="6.5341400">
    <ele>1658</ele>
   </trkpt>
   <trkpt lat="45.7594400" lon="6.5341500">
    <ele>1658</ele>
   </trkpt>
   <trkpt lat="45.7594100" lon="6.5341800">
    <ele>1657</ele>
   </trkpt>
   <trkpt lat="45.7593900" lon="6.5342100">
    <ele>1657</ele>
   </trkpt>
   <trkpt lat="45.7593900" lon="6.5342600">
    <ele>1658</ele>
   </trkpt>
   <trkpt lat="45.7593900" lon="6.5342900">
    <ele>1658</ele>
   </trkpt>
   <trkpt lat="45.7594100" lon="6.5343500">
    <ele>1658</ele>
   </trkpt>
   <trkpt lat="45.7592200" lon="6.5347500">
    <ele>1658</ele>
   </trkpt>
   <trkpt lat="45.7591400" lon="6.5349100">
    <ele>1658</ele>
   </trkpt>
   <trkpt lat="45.7590999" lon="6.5350100">
    <ele>1657</ele>
   </trkpt>
   <trkpt lat="45.7589500" lon="6.5353000">
    <ele>1657</ele>
   </trkpt>
   <trkpt lat="45.7588400" lon="6.5354599">
    <ele>1656</ele>
   </trkpt>
   <trkpt lat="45.7587600" lon="6.5355500">
    <ele>1655</ele>
   </trkpt>
   <trkpt lat="45.7584100" lon="6.5360100">
    <ele>1653</ele>
   </trkpt>
   <trkpt lat="45.7581900" lon="6.5365600">
    <ele>1651</ele>
   </trkpt>
   <trkpt lat="45.7581599" lon="6.5366200">
    <ele>1651</ele>
   </trkpt>
   <trkpt lat="45.7580300" lon="6.5369300">
    <ele>1650</ele>
   </trkpt>
   <trkpt lat="45.7579900" lon="6.5370600">
    <ele>1649</ele>
   </trkpt>
   <trkpt lat="45.7579500" lon="6.5373200">
    <ele>1649</ele>
   </trkpt>
   <trkpt lat="45.7579000" lon="6.5374900">
    <ele>1649</ele>
   </trkpt>
   <trkpt lat="45.7577400" lon="6.5378900">
    <ele>1646</ele>
   </trkpt>
   <trkpt lat="45.7575900" lon="6.5382900">
    <ele>1643</ele>
   </trkpt>
   <trkpt lat="45.7575100" lon="6.5384900">
    <ele>1641</ele>
   </trkpt>
   <trkpt lat="45.7574500" lon="6.5387700">
    <ele>1640</ele>
   </trkpt>
   <trkpt lat="45.7573600" lon="6.5390800">
    <ele>1638</ele>
   </trkpt>
   <trkpt lat="45.7573000" lon="6.5391899">
    <ele>1637</ele>
   </trkpt>
   <trkpt lat="45.7572300" lon="6.5392800">
    <ele>1636</ele>
   </trkpt>
   <trkpt lat="45.7572100" lon="6.5392700">
    <ele>1636</ele>
   </trkpt>
   <trkpt lat="45.7571800" lon="6.5392600">
    <ele>1635</ele>
   </trkpt>
   <trkpt lat="45.7571400" lon="6.5392900">
    <ele>1635</ele>
   </trkpt>
   <trkpt lat="45.7571299" lon="6.5393100">
    <ele>1634</ele>
   </trkpt>
   <trkpt lat="45.7571200" lon="6.5393600">
    <ele>1634</ele>
   </trkpt>
   <trkpt lat="45.7571400" lon="6.5394200">
    <ele>1635</ele>
   </trkpt>
   <trkpt lat="45.7571500" lon="6.5394400">
    <ele>1635</ele>
   </trkpt>
   <trkpt lat="45.7570500" lon="6.5396900">
    <ele>1634</ele>
   </trkpt>
   <trkpt lat="45.7565700" lon="6.5406600">
    <ele>1627</ele>
   </trkpt>
   <trkpt lat="45.7565100" lon="6.5407700">
    <ele>1626</ele>
   </trkpt>
   <trkpt lat="45.7564600" lon="6.5407600">
    <ele>1625</ele>
   </trkpt>
   <trkpt lat="45.7564300" lon="6.5407900">
    <ele>1625</ele>
   </trkpt>
   <trkpt lat="45.7564200" lon="6.5408200">
    <ele>1625</ele>
   </trkpt>
   <trkpt lat="45.7564100" lon="6.5408700">
    <ele>1625</ele>
   </trkpt>
   <trkpt lat="45.7564300" lon="6.5409200">
    <ele>1625</ele>
   </trkpt>
   <trkpt lat="45.7564500" lon="6.5409400">
    <ele>1625</ele>
   </trkpt>
   <trkpt lat="45.7563600" lon="6.5411800">
    <ele>1624</ele>
   </trkpt>
   <trkpt lat="45.7562900" lon="6.5414300">
    <ele>1623</ele>
   </trkpt>
   <trkpt lat="45.7562200" lon="6.5418300">
    <ele>1621</ele>
   </trkpt>
   <trkpt lat="45.7562000" lon="6.5419000">
    <ele>1621</ele>
   </trkpt>
   <trkpt lat="45.7561400" lon="6.5422700">
    <ele>1620</ele>
   </trkpt>
   <trkpt lat="45.7560800" lon="6.5424800">
    <ele>1618</ele>
   </trkpt>
   <trkpt lat="45.7559700" lon="6.5428100">
    <ele>1616</ele>
   </trkpt>
   <trkpt lat="45.7557500" lon="6.5433600">
    <ele>1611</ele>
   </trkpt>
   <trkpt lat="45.7555600" lon="6.5439100">
    <ele>1609</ele>
   </trkpt>
   <trkpt lat="45.7555100" lon="6.5440500">
    <ele>1608</ele>
   </trkpt>
   <trkpt lat="45.7554500" lon="6.5442400">
    <ele>1608</ele>
   </trkpt>
   <trkpt lat="45.7552800" lon="6.5447600">
    <ele>1606</ele>
   </trkpt>
   <trkpt lat="45.7552000" lon="6.5449900">
    <ele>1605</ele>
   </trkpt>
   <trkpt lat="45.7551000" lon="6.5451900">
    <ele>1605</ele>
   </trkpt>
   <trkpt lat="45.7549800" lon="6.5453800">
    <ele>1604</ele>
   </trkpt>
   <trkpt lat="45.7548000" lon="6.5455800">
    <ele>1603</ele>
   </trkpt>
   <trkpt lat="45.7547100" lon="6.5456700">
    <ele>1601</ele>
   </trkpt>
   <trkpt lat="45.7545800" lon="6.5457700">
    <ele>1599</ele>
   </trkpt>
   <trkpt lat="45.7544400" lon="6.5458600">
    <ele>1597</ele>
   </trkpt>
   <trkpt lat="45.7542600" lon="6.5459300">
    <ele>1594</ele>
   </trkpt>
   <trkpt lat="45.7541700" lon="6.5459300">
    <ele>1592</ele>
   </trkpt>
   <trkpt lat="45.7539800" lon="6.5458900">
    <ele>1589</ele>
   </trkpt>
   <trkpt lat="45.7538900" lon="6.5458800">
    <ele>1588</ele>
   </trkpt>
   <trkpt lat="45.7537900" lon="6.5459100">
    <ele>1588</ele>
   </trkpt>
   <trkpt lat="45.7536300" lon="6.5460000">
    <ele>1588</ele>
   </trkpt>
   <trkpt lat="45.7531400" lon="6.5463400">
    <ele>1586</ele>
   </trkpt>
   <trkpt lat="45.7529800" lon="6.5463800">
    <ele>1584</ele>
   </trkpt>
   <trkpt lat="45.7528999" lon="6.5463600">
    <ele>1583</ele>
   </trkpt>
   <trkpt lat="45.7528000" lon="6.5464000">
    <ele>1582</ele>
   </trkpt>
   <trkpt lat="45.7526300" lon="6.5464700">
    <ele>1580</ele>
   </trkpt>
   <trkpt lat="45.7524900" lon="6.5465300">
    <ele>1579</ele>
   </trkpt>
   <trkpt lat="45.7520600" lon="6.5466800">
    <ele>1576</ele>
   </trkpt>
   <trkpt lat="45.7516100" lon="6.5468700">
    <ele>1573</ele>
   </trkpt>
   <trkpt lat="45.7510600" lon="6.5470900">
    <ele>1570</ele>
   </trkpt>
   <trkpt lat="45.7505700" lon="6.5472800">
    <ele>1567</ele>
   </trkpt>
   <trkpt lat="45.7502700" lon="6.5473500">
    <ele>1565</ele>
   </trkpt>
   <trkpt lat="45.7496000" lon="6.5474600">
    <ele>1559</ele>
   </trkpt>
   <trkpt lat="45.7488500" lon="6.5476700">
    <ele>1553</ele>
   </trkpt>
   <trkpt lat="45.7486800" lon="6.5477100">
    <ele>1552</ele>
   </trkpt>
   <trkpt lat="45.7486100" lon="6.5477100">
    <ele>1552</ele>
   </trkpt>
   <trkpt lat="45.7485200" lon="6.5476900">
    <ele>1551</ele>
   </trkpt>
   <trkpt lat="45.7484600" lon="6.5476599">
    <ele>1550</ele>
   </trkpt>
   <trkpt lat="45.7483400" lon="6.5475899">
    <ele>1549</ele>
   </trkpt>
   <trkpt lat="45.7482400" lon="6.5475199">
    <ele>1548</ele>
   </trkpt>
   <trkpt lat="45.7481400" lon="6.5474800">
    <ele>1547</ele>
   </trkpt>
   <trkpt lat="45.7479900" lon="6.5474700">
    <ele>1545</ele>
   </trkpt>
   <trkpt lat="45.7478800" lon="6.5474900">
    <ele>1543</ele>
   </trkpt>
   <trkpt lat="45.7477800" lon="6.5475400">
    <ele>1542</ele>
   </trkpt>
   <trkpt lat="45.7476800" lon="6.5476100">
    <ele>1541</ele>
   </trkpt>
   <trkpt lat="45.7475900" lon="6.5477000">
    <ele>1540</ele>
   </trkpt>
   <trkpt lat="45.7475100" lon="6.5477900">
    <ele>1539</ele>
   </trkpt>
   <trkpt lat="45.7474599" lon="6.5479300">
    <ele>1539</ele>
   </trkpt>
   <trkpt lat="45.7474300" lon="6.5480400">
    <ele>1539</ele>
   </trkpt>
   <trkpt lat="45.7474100" lon="6.5482800">
    <ele>1539</ele>
   </trkpt>
   <trkpt lat="45.7473400" lon="6.5485200">
    <ele>1537</ele>
   </trkpt>
   <trkpt lat="45.7473000" lon="6.5486100">
    <ele>1537</ele>
   </trkpt>
   <trkpt lat="45.7472500" lon="6.5487100">
    <ele>1536</ele>
   </trkpt>
   <trkpt lat="45.7471500" lon="6.5488400">
    <ele>1534</ele>
   </trkpt>
   <trkpt lat="45.7470700" lon="6.5489300">
    <ele>1533</ele>
   </trkpt>
   <trkpt lat="45.7470000" lon="6.5489700">
    <ele>1532</ele>
   </trkpt>
   <trkpt lat="45.7468600" lon="6.5490300">
    <ele>1530</ele>
   </trkpt>
   <trkpt lat="45.7465800" lon="6.5490500">
    <ele>1527</ele>
   </trkpt>
   <trkpt lat="45.7463800" lon="6.5490800">
    <ele>1526</ele>
   </trkpt>
   <trkpt lat="45.7461300" lon="6.5491500">
    <ele>1525</ele>
   </trkpt>
   <trkpt lat="45.7458500" lon="6.5492800">
    <ele>1523</ele>
   </trkpt>
   <trkpt lat="45.7454100" lon="6.5495100">
    <ele>1520</ele>
   </trkpt>
   <trkpt lat="45.7452700" lon="6.5495599">
    <ele>1520</ele>
   </trkpt>
   <trkpt lat="45.7452100" lon="6.5495599">
    <ele>1519</ele>
   </trkpt>
   <trkpt lat="45.7451600" lon="6.5495300">
    <ele>1519</ele>
   </trkpt>
   <trkpt lat="45.7449500" lon="6.5493300">
    <ele>1516</ele>
   </trkpt>
   <trkpt lat="45.7448800" lon="6.5492900">
    <ele>1516</ele>
   </trkpt>
   <trkpt lat="45.7447800" lon="6.5492500">
    <ele>1516</ele>
   </trkpt>
   <trkpt lat="45.7446000" lon="6.5492300">
    <ele>1516</ele>
   </trkpt>
   <trkpt lat="45.7445200" lon="6.5492400">
    <ele>1515</ele>
   </trkpt>
   <trkpt lat="45.7444500" lon="6.5492600">
    <ele>1515</ele>
   </trkpt>
   <trkpt lat="45.7443600" lon="6.5493200">
    <ele>1515</ele>
   </trkpt>
   <trkpt lat="45.7442500" lon="6.5494400">
    <ele>1515</ele>
   </trkpt>
   <trkpt lat="45.7432200" lon="6.5507200">
    <ele>1495</ele>
   </trkpt>
   <trkpt lat="45.7431600" lon="6.5508000">
    <ele>1494</ele>
   </trkpt>
   <trkpt lat="45.7431000" lon="6.5509100">
    <ele>1493</ele>
   </trkpt>
   <trkpt lat="45.7430499" lon="6.5510400">
    <ele>1492</ele>
   </trkpt>
   <trkpt lat="45.7430100" lon="6.5512200">
    <ele>1491</ele>
   </trkpt>
   <trkpt lat="45.7429400" lon="6.5516100">
    <ele>1489</ele>
   </trkpt>
   <trkpt lat="45.7429200" lon="6.5518000">
    <ele>1488</ele>
   </trkpt>
   <trkpt lat="45.7429300" lon="6.5519700">
    <ele>1487</ele>
   </trkpt>
   <trkpt lat="45.7430900" lon="6.5527000">
    <ele>1486</ele>
   </trkpt>
   <trkpt lat="45.7431399" lon="6.5529900">
    <ele>1484</ele>
   </trkpt>
   <trkpt lat="45.7431600" lon="6.5531200">
    <ele>1484</ele>
   </trkpt>
   <trkpt lat="45.7431399" lon="6.5533600">
    <ele>1481</ele>
   </trkpt>
   <trkpt lat="45.7430400" lon="6.5539400">
    <ele>1477</ele>
   </trkpt>
   <trkpt lat="45.7429500" lon="6.5544900">
    <ele>1472</ele>
   </trkpt>
   <trkpt lat="45.7429500" lon="6.5546800">
    <ele>1471</ele>
   </trkpt>
   <trkpt lat="45.7429700" lon="6.5548400">
    <ele>1471</ele>
   </trkpt>
   <trkpt lat="45.7431300" lon="6.5554500">
    <ele>1471</ele>
   </trkpt>
   <trkpt lat="45.7431800" lon="6.5557900">
    <ele>1469</ele>
   </trkpt>
   <trkpt lat="45.7431800" lon="6.5560500">
    <ele>1466</ele>
   </trkpt>
   <trkpt lat="45.7431900" lon="6.5562200">
    <ele>1465</ele>
   </trkpt>
   <trkpt lat="45.7432299" lon="6.5563900">
    <ele>1464</ele>
   </trkpt>
   <trkpt lat="45.7432600" lon="6.5565000">
    <ele>1463</ele>
   </trkpt>
   <trkpt lat="45.7433400" lon="6.5566400">
    <ele>1463</ele>
   </trkpt>
   <trkpt lat="45.7435000" lon="6.5568500">
    <ele>1464</ele>
   </trkpt>
   <trkpt lat="45.7435700" lon="6.5569800">
    <ele>1463</ele>
   </trkpt>
   <trkpt lat="45.7436300" lon="6.5571500">
    <ele>1462</ele>
   </trkpt>
   <trkpt lat="45.7436700" lon="6.5573800">
    <ele>1459</ele>
   </trkpt>
   <trkpt lat="45.7436999" lon="6.5574800">
    <ele>1458</ele>
   </trkpt>
   <trkpt lat="45.7437600" lon="6.5576100">
    <ele>1457</ele>
   </trkpt>
   <trkpt lat="45.7439300" lon="6.5578500">
    <ele>1457</ele>
   </trkpt>
   <trkpt lat="45.7439700" lon="6.5579300">
    <ele>1457</ele>
   </trkpt>
   <trkpt lat="45.7440000" lon="6.5580299">
    <ele>1456</ele>
   </trkpt>
   <trkpt lat="45.7440200" lon="6.5582100">
    <ele>1453</ele>
   </trkpt>
   <trkpt lat="45.7439899" lon="6.5586500">
    <ele>1446</ele>
   </trkpt>
   <trkpt lat="45.7440000" lon="6.5587600">
    <ele>1445</ele>
   </trkpt>
   <trkpt lat="45.7440300" lon="6.5589100">
    <ele>1444</ele>
   </trkpt>
   <trkpt lat="45.7440600" lon="6.5589800">
    <ele>1443</ele>
   </trkpt>
   <trkpt lat="45.7442000" lon="6.5591600">
    <ele>1444</ele>
   </trkpt>
   <trkpt lat="45.7442100" lon="6.5591900">
    <ele>1443</ele>
   </trkpt>
   <trkpt lat="45.7442200" lon="6.5592400">
    <ele>1443</ele>
   </trkpt>
   <trkpt lat="45.7442100" lon="6.5592900">
    <ele>1442</ele>
   </trkpt>
   <trkpt lat="45.7442000" lon="6.5593300">
    <ele>1442</ele>
   </trkpt>
   <trkpt lat="45.7441699" lon="6.5593500">
    <ele>1441</ele>
   </trkpt>
   <trkpt lat="45.7441400" lon="6.5593600">
    <ele>1440</ele>
   </trkpt>
   <trkpt lat="45.7441000" lon="6.5593400">
    <ele>1439</ele>
   </trkpt>
   <trkpt lat="45.7440500" lon="6.5592900">
    <ele>1439</ele>
   </trkpt>
   <trkpt lat="45.7440100" lon="6.5592000">
    <ele>1439</ele>
   </trkpt>
   <trkpt lat="45.7438800" lon="6.5588300">
    <ele>1441</ele>
   </trkpt>
   <trkpt lat="45.7437100" lon="6.5582900">
    <ele>1445</ele>
   </trkpt>
   <trkpt lat="45.7436600" lon="6.5582200">
    <ele>1445</ele>
   </trkpt>
   <trkpt lat="45.7436099" lon="6.5581800">
    <ele>1444</ele>
   </trkpt>
   <trkpt lat="45.7435199" lon="6.5581400">
    <ele>1443</ele>
   </trkpt>
   <trkpt lat="45.7429599" lon="6.5580299">
    <ele>1432</ele>
   </trkpt>
   <trkpt lat="45.7428500" lon="6.5580000">
    <ele>1429</ele>
   </trkpt>
   <trkpt lat="45.7427900" lon="6.5579700">
    <ele>1429</ele>
   </trkpt>
   <trkpt lat="45.7427500" lon="6.5579300">
    <ele>1428</ele>
   </trkpt>
   <trkpt lat="45.7425799" lon="6.5577100">
    <ele>1427</ele>
   </trkpt>
   <trkpt lat="45.7425200" lon="6.5576500">
    <ele>1427</ele>
   </trkpt>
   <trkpt lat="45.7422800" lon="6.5575300">
    <ele>1422</ele>
   </trkpt>
   <trkpt lat="45.7422100" lon="6.5574800">
    <ele>1421</ele>
   </trkpt>
   <trkpt lat="45.7421400" lon="6.5574100">
    <ele>1421</ele>
   </trkpt>
   <trkpt lat="45.7420700" lon="6.5573100">
    <ele>1421</ele>
   </trkpt>
   <trkpt lat="45.7419700" lon="6.5571200">
    <ele>1421</ele>
   </trkpt>
   <trkpt lat="45.7418600" lon="6.5568400">
    <ele>1422</ele>
   </trkpt>
   <trkpt lat="45.7417299" lon="6.5564300">
    <ele>1422</ele>
   </trkpt>
   <trkpt lat="45.7417000" lon="6.5563600">
    <ele>1422</ele>
   </trkpt>
   <trkpt lat="45.7416800" lon="6.5563300">
    <ele>1421</ele>
   </trkpt>
   <trkpt lat="45.7416500" lon="6.5563200">
    <ele>1421</ele>
   </trkpt>
   <trkpt lat="45.7416100" lon="6.5563200">
    <ele>1420</ele>
   </trkpt>
   <trkpt lat="45.7415900" lon="6.5563500">
    <ele>1420</ele>
   </trkpt>
   <trkpt lat="45.7415700" lon="6.5563800">
    <ele>1419</ele>
   </trkpt>
   <trkpt lat="45.7415600" lon="6.5564300">
    <ele>1419</ele>
   </trkpt>
   <trkpt lat="45.7415700" lon="6.5564800">
    <ele>1418</ele>
   </trkpt>
   <trkpt lat="45.7416300" lon="6.5566700">
    <ele>1418</ele>
   </trkpt>
   <trkpt lat="45.7416600" lon="6.5568200">
    <ele>1416</ele>
   </trkpt>
   <trkpt lat="45.7416700" lon="6.5569900">
    <ele>1414</ele>
   </trkpt>
   <trkpt lat="45.7417200" lon="6.5576200">
    <ele>1408</ele>
   </trkpt>
   <trkpt lat="45.7417500" lon="6.5577600">
    <ele>1408</ele>
   </trkpt>
   <trkpt lat="45.7417900" lon="6.5578800">
    <ele>1408</ele>
   </trkpt>
   <trkpt lat="45.7419400" lon="6.5581800">
    <ele>1408</ele>
   </trkpt>
   <trkpt lat="45.7420100" lon="6.5583600">
    <ele>1408</ele>
   </trkpt>
   <trkpt lat="45.7420199" lon="6.5584500">
    <ele>1407</ele>
   </trkpt>
   <trkpt lat="45.7420400" lon="6.5587500">
    <ele>1405</ele>
   </trkpt>
   <trkpt lat="45.7420900" lon="6.5589500">
    <ele>1403</ele>
   </trkpt>
   <trkpt lat="45.7420900" lon="6.5590300">
    <ele>1402</ele>
   </trkpt>
   <trkpt lat="45.7420900" lon="6.5592400">
    <ele>1400</ele>
   </trkpt>
   <trkpt lat="45.7420900" lon="6.5593300">
    <ele>1399</ele>
   </trkpt>
   <trkpt lat="45.7421500" lon="6.5595000">
    <ele>1397</ele>
   </trkpt>
   <trkpt lat="45.7422600" lon="6.5597600">
    <ele>1395</ele>
   </trkpt>
   <trkpt lat="45.7423700" lon="6.5599700">
    <ele>1393</ele>
   </trkpt>
   <trkpt lat="45.7425100" lon="6.5601500">
    <ele>1392</ele>
   </trkpt>
   <trkpt lat="45.7427000" lon="6.5603900">
    <ele>1393</ele>
   </trkpt>
   <trkpt lat="45.7428400" lon="6.5605900">
    <ele>1393</ele>
   </trkpt>
   <trkpt lat="45.7429200" lon="6.5607600">
    <ele>1392</ele>
   </trkpt>
   <trkpt lat="45.7429500" lon="6.5609000">
    <ele>1391</ele>
   </trkpt>
   <trkpt lat="45.7429800" lon="6.5610799">
    <ele>1389</ele>
   </trkpt>
   <trkpt lat="45.7429900" lon="6.5613200">
    <ele>1387</ele>
   </trkpt>
   <trkpt lat="45.7430100" lon="6.5615300">
    <ele>1385</ele>
   </trkpt>
   <trkpt lat="45.7430300" lon="6.5616899">
    <ele>1384</ele>
   </trkpt>
   <trkpt lat="45.7433100" lon="6.5626000">
    <ele>1383</ele>
   </trkpt>
   <trkpt lat="45.7433600" lon="6.5628100">
    <ele>1382</ele>
   </trkpt>
   <trkpt lat="45.7433600" lon="6.5629500">
    <ele>1380</ele>
   </trkpt>
   <trkpt lat="45.7433200" lon="6.5630900">
    <ele>1378</ele>
   </trkpt>
   <trkpt lat="45.7432200" lon="6.5632600">
    <ele>1375</ele>
   </trkpt>
   <trkpt lat="45.7431300" lon="6.5633400">
    <ele>1374</ele>
   </trkpt>
   <trkpt lat="45.7427500" lon="6.5636200">
    <ele>1370</ele>
   </trkpt>
   <trkpt lat="45.7426699" lon="6.5637200">
    <ele>1369</ele>
   </trkpt>
   <trkpt lat="45.7426400" lon="6.5638000">
    <ele>1369</ele>
   </trkpt>
   <trkpt lat="45.7426300" lon="6.5639100">
    <ele>1368</ele>
   </trkpt>
   <trkpt lat="45.7426200" lon="6.5640100">
    <ele>1368</ele>
   </trkpt>
   <trkpt lat="45.7426300" lon="6.5641299">
    <ele>1368</ele>
   </trkpt>
   <trkpt lat="45.7427100" lon="6.5643700">
    <ele>1366</ele>
   </trkpt>
   <trkpt lat="45.7430600" lon="6.5651000">
    <ele>1360</ele>
   </trkpt>
   <trkpt lat="45.7434800" lon="6.5659300">
    <ele>1353</ele>
   </trkpt>
   <trkpt lat="45.7435800" lon="6.5662300">
    <ele>1350</ele>
   </trkpt>
   <trkpt lat="45.7436500" lon="6.5664100">
    <ele>1349</ele>
   </trkpt>
   <trkpt lat="45.7437200" lon="6.5665400">
    <ele>1348</ele>
   </trkpt>
   <trkpt lat="45.7438200" lon="6.5667200">
    <ele>1348</ele>
   </trkpt>
   <trkpt lat="45.7440100" lon="6.5669700">
    <ele>1348</ele>
   </trkpt>
   <trkpt lat="45.7441900" lon="6.5671900">
    <ele>1349</ele>
   </trkpt>
   <trkpt lat="45.7443000" lon="6.5673600">
    <ele>1348</ele>
   </trkpt>
   <trkpt lat="45.7444200" lon="6.5675900">
    <ele>1346</ele>
   </trkpt>
   <trkpt lat="45.7444500" lon="6.5676600">
    <ele>1346</ele>
   </trkpt>
   <trkpt lat="45.7445400" lon="6.5678400">
    <ele>1346</ele>
   </trkpt>
   <trkpt lat="45.7446000" lon="6.5679999">
    <ele>1345</ele>
   </trkpt>
   <trkpt lat="45.7446200" lon="6.5681200">
    <ele>1345</ele>
   </trkpt>
   <trkpt lat="45.7446300" lon="6.5682800">
    <ele>1344</ele>
   </trkpt>
   <trkpt lat="45.7446300" lon="6.5684500">
    <ele>1342</ele>
   </trkpt>
   <trkpt lat="45.7445800" lon="6.5687200">
    <ele>1337</ele>
   </trkpt>
   <trkpt lat="45.7445200" lon="6.5690099">
    <ele>1332</ele>
   </trkpt>
   <trkpt lat="45.7445300" lon="6.5691700">
    <ele>1330</ele>
   </trkpt>
   <trkpt lat="45.7445499" lon="6.5693000">
    <ele>1328</ele>
   </trkpt>
   <trkpt lat="45.7446000" lon="6.5694200">
    <ele>1327</ele>
   </trkpt>
   <trkpt lat="45.7449500" lon="6.5699800">
    <ele>1326</ele>
   </trkpt>
   <trkpt lat="45.7451000" lon="6.5701700">
    <ele>1325</ele>
   </trkpt>
   <trkpt lat="45.7452300" lon="6.5702999">
    <ele>1324</ele>
   </trkpt>
   <trkpt lat="45.7454100" lon="6.5704100">
    <ele>1325</ele>
   </trkpt>
   <trkpt lat="45.7456000" lon="6.5705500">
    <ele>1325</ele>
   </trkpt>
   <trkpt lat="45.7458900" lon="6.5707100">
    <ele>1327</ele>
   </trkpt>
   <trkpt lat="45.7462200" lon="6.5710000">
    <ele>1326</ele>
   </trkpt>
   <trkpt lat="45.7465500" lon="6.5712200">
    <ele>1326</ele>
   </trkpt>
   <trkpt lat="45.7469800" lon="6.5715899">
    <ele>1324</ele>
   </trkpt>
   <trkpt lat="45.7474700" lon="6.5719300">
    <ele>1323</ele>
   </trkpt>
   <trkpt lat="45.7475100" lon="6.5719700">
    <ele>1323</ele>
   </trkpt>
   <trkpt lat="45.7475600" lon="6.5720300">
    <ele>1322</ele>
   </trkpt>
   <trkpt lat="45.7476600" lon="6.5723100">
    <ele>1315</ele>
   </trkpt>
   <trkpt lat="45.7477200" lon="6.5724200">
    <ele>1313</ele>
   </trkpt>
   <trkpt lat="45.7478100" lon="6.5725900">
    <ele>1310</ele>
   </trkpt>
   <trkpt lat="45.7479400" lon="6.5727900">
    <ele>1307</ele>
   </trkpt>
   <trkpt lat="45.7481800" lon="6.5731000">
    <ele>1304</ele>
   </trkpt>
   <trkpt lat="45.7484300" lon="6.5733800">
    <ele>1302</ele>
   </trkpt>
   <trkpt lat="45.7486500" lon="6.5736500">
    <ele>1301</ele>
   </trkpt>
   <trkpt lat="45.7488500" lon="6.5738700">
    <ele>1299</ele>
   </trkpt>
   <trkpt lat="45.7493500" lon="6.5743700">
    <ele>1292</ele>
   </trkpt>
   <trkpt lat="45.7494299" lon="6.5744800">
    <ele>1289</ele>
   </trkpt>
   <trkpt lat="45.7495199" lon="6.5746200">
    <ele>1285</ele>
   </trkpt>
   <trkpt lat="45.7496400" lon="6.5748000">
    <ele>1279</ele>
   </trkpt>
   <trkpt lat="45.7497000" lon="6.5748600">
    <ele>1277</ele>
   </trkpt>
   <trkpt lat="45.7497900" lon="6.5749100">
    <ele>1277</ele>
   </trkpt>
   <trkpt lat="45.7499300" lon="6.5749700">
    <ele>1277</ele>
   </trkpt>
   <trkpt lat="45.7500400" lon="6.5750500">
    <ele>1276</ele>
   </trkpt>
   <trkpt lat="45.7501300" lon="6.5751600">
    <ele>1275</ele>
   </trkpt>
   <trkpt lat="45.7502900" lon="6.5755100">
    <ele>1267</ele>
   </trkpt>
   <trkpt lat="45.7505499" lon="6.5758300">
    <ele>1262</ele>
   </trkpt>
   <trkpt lat="45.7506300" lon="6.5759000">
    <ele>1262</ele>
   </trkpt>
   <trkpt lat="45.7507000" lon="6.5759400">
    <ele>1262</ele>
   </trkpt>
   <trkpt lat="45.7509000" lon="6.5759800">
    <ele>1266</ele>
   </trkpt>
   <trkpt lat="45.7509800" lon="6.5760200">
    <ele>1266</ele>
   </trkpt>
   <trkpt lat="45.7510700" lon="6.5761100">
    <ele>1266</ele>
   </trkpt>
   <trkpt lat="45.7513400" lon="6.5765100">
    <ele>1260</ele>
   </trkpt>
   <trkpt lat="45.7514400" lon="6.5766200">
    <ele>1260</ele>
   </trkpt>
   <trkpt lat="45.7515300" lon="6.5767600">
    <ele>1259</ele>
   </trkpt>
   <trkpt lat="45.7515700" lon="6.5768800">
    <ele>1258</ele>
   </trkpt>
   <trkpt lat="45.7515900" lon="6.5769900">
    <ele>1256</ele>
   </trkpt>
   <trkpt lat="45.7515900" lon="6.5773200">
    <ele>1249</ele>
   </trkpt>
   <trkpt lat="45.7516000" lon="6.5774400">
    <ele>1247</ele>
   </trkpt>
   <trkpt lat="45.7516300" lon="6.5775100">
    <ele>1247</ele>
   </trkpt>
   <trkpt lat="45.7516600" lon="6.5775499">
    <ele>1247</ele>
   </trkpt>
   <trkpt lat="45.7517200" lon="6.5775700">
    <ele>1249</ele>
   </trkpt>
   <trkpt lat="45.7518200" lon="6.5775900">
    <ele>1252</ele>
   </trkpt>
   <trkpt lat="45.7518699" lon="6.5776199">
    <ele>1253</ele>
   </trkpt>
   <trkpt lat="45.7519000" lon="6.5776600">
    <ele>1253</ele>
   </trkpt>
   <trkpt lat="45.7519100" lon="6.5777100">
    <ele>1253</ele>
   </trkpt>
   <trkpt lat="45.7519100" lon="6.5777599">
    <ele>1252</ele>
   </trkpt>
   <trkpt lat="45.7518800" lon="6.5778100">
    <ele>1250</ele>
   </trkpt>
   <trkpt lat="45.7518500" lon="6.5778200">
    <ele>1249</ele>
   </trkpt>
   <trkpt lat="45.7517799" lon="6.5778200">
    <ele>1246</ele>
   </trkpt>
   <trkpt lat="45.7516600" lon="6.5777700">
    <ele>1243</ele>
   </trkpt>
   <trkpt lat="45.7515200" lon="6.5777000">
    <ele>1240</ele>
   </trkpt>
   <trkpt lat="45.7514700" lon="6.5776500">
    <ele>1239</ele>
   </trkpt>
   <trkpt lat="45.7514200" lon="6.5775800">
    <ele>1239</ele>
   </trkpt>
   <trkpt lat="45.7513900" lon="6.5774900">
    <ele>1239</ele>
   </trkpt>
   <trkpt lat="45.7513200" lon="6.5772199">
    <ele>1243</ele>
   </trkpt>
   <trkpt lat="45.7512800" lon="6.5771200">
    <ele>1244</ele>
   </trkpt>
   <trkpt lat="45.7512300" lon="6.5770200">
    <ele>1245</ele>
   </trkpt>
   <trkpt lat="45.7509299" lon="6.5767300">
    <ele>1243</ele>
   </trkpt>
   <trkpt lat="45.7508399" lon="6.5766900">
    <ele>1242</ele>
   </trkpt>
   <trkpt lat="45.7507600" lon="6.5766900">
    <ele>1240</ele>
   </trkpt>
   <trkpt lat="45.7505900" lon="6.5767500">
    <ele>1235</ele>
   </trkpt>
   <trkpt lat="45.7505200" lon="6.5767600">
    <ele>1233</ele>
   </trkpt>
   <trkpt lat="45.7503200" lon="6.5767000">
    <ele>1231</ele>
   </trkpt>
   <trkpt lat="45.7501300" lon="6.5766300">
    <ele>1229</ele>
   </trkpt>
   <trkpt lat="45.7496500" lon="6.5763900">
    <ele>1226</ele>
   </trkpt>
   <trkpt lat="45.7493399" lon="6.5763200">
    <ele>1222</ele>
   </trkpt>
   <trkpt lat="45.7492000" lon="6.5762700">
    <ele>1221</ele>
   </trkpt>
   <trkpt lat="45.7489500" lon="6.5761500">
    <ele>1218</ele>
   </trkpt>
   <trkpt lat="45.7487500" lon="6.5760200">
    <ele>1217</ele>
   </trkpt>
   <trkpt lat="45.7486700" lon="6.5759400">
    <ele>1217</ele>
   </trkpt>
   <trkpt lat="45.7485600" lon="6.5758000">
    <ele>1218</ele>
   </trkpt>
   <trkpt lat="45.7484800" lon="6.5757199">
    <ele>1219</ele>
   </trkpt>
   <trkpt lat="45.7483800" lon="6.5756600">
    <ele>1219</ele>
   </trkpt>
   <trkpt lat="45.7482600" lon="6.5756000">
    <ele>1218</ele>
   </trkpt>
   <trkpt lat="45.7476800" lon="6.5754000">
    <ele>1209</ele>
   </trkpt>
   <trkpt lat="45.7474800" lon="6.5753199">
    <ele>1205</ele>
   </trkpt>
   <trkpt lat="45.7473900" lon="6.5752600">
    <ele>1204</ele>
   </trkpt>
   <trkpt lat="45.7468100" lon="6.5749200">
    <ele>1195</ele>
   </trkpt>
   <trkpt lat="45.7466900" lon="6.5748200">
    <ele>1194</ele>
   </trkpt>
   <trkpt lat="45.7466200" lon="6.5747300">
    <ele>1194</ele>
   </trkpt>
   <trkpt lat="45.7465500" lon="6.5746100">
    <ele>1195</ele>
   </trkpt>
   <trkpt lat="45.7464200" lon="6.5743400">
    <ele>1198</ele>
   </trkpt>
   <trkpt lat="45.7463800" lon="6.5742900">
    <ele>1198</ele>
   </trkpt>
   <trkpt lat="45.7463399" lon="6.5742600">
    <ele>1197</ele>
   </trkpt>
   <trkpt lat="45.7462900" lon="6.5742500">
    <ele>1196</ele>
   </trkpt>
   <trkpt lat="45.7462200" lon="6.5742700">
    <ele>1194</ele>
   </trkpt>
   <trkpt lat="45.7461300" lon="6.5742500">
    <ele>1193</ele>
   </trkpt>
   <trkpt lat="45.7460000" lon="6.5741400">
    <ele>1192</ele>
   </trkpt>
   <trkpt lat="45.7455900" lon="6.5736300">
    <ele>1198</ele>
   </trkpt>
   <trkpt lat="45.7452500" lon="6.5731900">
    <ele>1207</ele>
   </trkpt>
   <trkpt lat="45.7450800" lon="6.5730000">
    <ele>1214</ele>
   </trkpt>
   <trkpt lat="45.7448800" lon="6.5728200">
    <ele>1220</ele>
   </trkpt>
   <trkpt lat="45.7445000" lon="6.5724900">
    <ele>1224</ele>
   </trkpt>
   <trkpt lat="45.7441200" lon="6.5721000">
    <ele>1229</ele>
   </trkpt>
   <trkpt lat="45.7434400" lon="6.5715000">
    <ele>1227</ele>
   </trkpt>
   <trkpt lat="45.7433900" lon="6.5714300">
    <ele>1227</ele>
   </trkpt>
   <trkpt lat="45.7433300" lon="6.5713100">
    <ele>1230</ele>
   </trkpt>
   <trkpt lat="45.7431800" lon="6.5709700">
    <ele>1238</ele>
   </trkpt>
   <trkpt lat="45.7431399" lon="6.5709099">
    <ele>1239</ele>
   </trkpt>
   <trkpt lat="45.7431100" lon="6.5708700">
    <ele>1239</ele>
   </trkpt>
   <trkpt lat="45.7430700" lon="6.5708600">
    <ele>1238</ele>
   </trkpt>
   <trkpt lat="45.7428700" lon="6.5708600">
    <ele>1230</ele>
   </trkpt>
   <trkpt lat="45.7427500" lon="6.5708300">
    <ele>1226</ele>
   </trkpt>
   <trkpt lat="45.7426500" lon="6.5707800">
    <ele>1223</ele>
   </trkpt>
   <trkpt lat="45.7423700" lon="6.5705800">
    <ele>1223</ele>
   </trkpt>
   <trkpt lat="45.7421500" lon="6.5704500">
    <ele>1223</ele>
   </trkpt>
   <trkpt lat="45.7416500" lon="6.5702299">
    <ele>1220</ele>
   </trkpt>
   <trkpt lat="45.7410799" lon="6.5699300">
    <ele>1212</ele>
   </trkpt>
   <trkpt lat="45.7409500" lon="6.5698100">
    <ele>1211</ele>
   </trkpt>
   <trkpt lat="45.7407500" lon="6.5695499">
    <ele>1211</ele>
   </trkpt>
   <trkpt lat="45.7403800" lon="6.5690400">
    <ele>1209</ele>
   </trkpt>
   <trkpt lat="45.7402900" lon="6.5689500">
    <ele>1207</ele>
   </trkpt>
   <trkpt lat="45.7402000" lon="6.5688800">
    <ele>1205</ele>
   </trkpt>
   <trkpt lat="45.7397300" lon="6.5686000">
    <ele>1194</ele>
   </trkpt>
   <trkpt lat="45.7395300" lon="6.5684500">
    <ele>1191</ele>
   </trkpt>
   <trkpt lat="45.7393200" lon="6.5682600">
    <ele>1188</ele>
   </trkpt>
   <trkpt lat="45.7392200" lon="6.5681300">
    <ele>1187</ele>
   </trkpt>
   <trkpt lat="45.7388900" lon="6.5674200">
    <ele>1188</ele>
   </trkpt>
   <trkpt lat="45.7385800" lon="6.5667700">
    <ele>1178</ele>
   </trkpt>
   <trkpt lat="45.7383900" lon="6.5663000">
    <ele>1184</ele>
   </trkpt>
   <trkpt lat="45.7383200" lon="6.5661600">
    <ele>1186</ele>
   </trkpt>
   <trkpt lat="45.7382200" lon="6.5660400">
    <ele>1187</ele>
   </trkpt>
   <trkpt lat="45.7381400" lon="6.5659700">
    <ele>1186</ele>
   </trkpt>
   <trkpt lat="45.7377300" lon="6.5657600">
    <ele>1176</ele>
   </trkpt>
   <trkpt lat="45.7375900" lon="6.5656700">
    <ele>1174</ele>
   </trkpt>
   <trkpt lat="45.7374500" lon="6.5655599">
    <ele>1172</ele>
   </trkpt>
   <trkpt lat="45.7369900" lon="6.5650800">
    <ele>1174</ele>
   </trkpt>
   <trkpt lat="45.7368499" lon="6.5649600">
    <ele>1172</ele>
   </trkpt>
   <trkpt lat="45.7367100" lon="6.5648700">
    <ele>1171</ele>
   </trkpt>
   <trkpt lat="45.7365100" lon="6.5647800">
    <ele>1170</ele>
   </trkpt>
   <trkpt lat="45.7351699" lon="6.5642900">
    <ele>1159</ele>
   </trkpt>
   <trkpt lat="45.7348799" lon="6.5641600">
    <ele>1153</ele>
   </trkpt>
   <trkpt lat="45.7347700" lon="6.5641000">
    <ele>1151</ele>
   </trkpt>
   <trkpt lat="45.7346700" lon="6.5640200">
    <ele>1149</ele>
   </trkpt>
   <trkpt lat="45.7345500" lon="6.5638900">
    <ele>1147</ele>
   </trkpt>
   <trkpt lat="45.7344099" lon="6.5636400">
    <ele>1146</ele>
   </trkpt>
   <trkpt lat="45.7342100" lon="6.5631700">
    <ele>1147</ele>
   </trkpt>
   <trkpt lat="45.7340700" lon="6.5628300">
    <ele>1150</ele>
   </trkpt>
   <trkpt lat="45.7339500" lon="6.5626200">
    <ele>1150</ele>
   </trkpt>
   <trkpt lat="45.7338499" lon="6.5624600">
    <ele>1149</ele>
   </trkpt>
   <trkpt lat="45.7337200" lon="6.5622800">
    <ele>1147</ele>
   </trkpt>
   <trkpt lat="45.7331700" lon="6.5616500">
    <ele>1140</ele>
   </trkpt>
   <trkpt lat="45.7329900" lon="6.5614800">
    <ele>1135</ele>
   </trkpt>
   <trkpt lat="45.7328600" lon="6.5613300">
    <ele>1131</ele>
   </trkpt>
   <trkpt lat="45.7327200" lon="6.5611600">
    <ele>1126</ele>
   </trkpt>
   <trkpt lat="45.7326700" lon="6.5610900">
    <ele>1125</ele>
   </trkpt>
   <trkpt lat="45.7326200" lon="6.5609900">
    <ele>1123</ele>
   </trkpt>
   <trkpt lat="45.7325800" lon="6.5608700">
    <ele>1122</ele>
   </trkpt>
   <trkpt lat="45.7325600" lon="6.5607300">
    <ele>1120</ele>
   </trkpt>
   <trkpt lat="45.7325700" lon="6.5606300">
    <ele>1120</ele>
   </trkpt>
   <trkpt lat="45.7325900" lon="6.5605200">
    <ele>1120</ele>
   </trkpt>
   <trkpt lat="45.7326200" lon="6.5604100">
    <ele>1120</ele>
   </trkpt>
   <trkpt lat="45.7326800" lon="6.5602500">
    <ele>1122</ele>
   </trkpt>
   <trkpt lat="45.7328900" lon="6.5598100">
    <ele>1130</ele>
   </trkpt>
   <trkpt lat="45.7329500" lon="6.5596300">
    <ele>1130</ele>
   </trkpt>
   <trkpt lat="45.7329800" lon="6.5594800">
    <ele>1130</ele>
   </trkpt>
   <trkpt lat="45.7329900" lon="6.5593500">
    <ele>1128</ele>
   </trkpt>
   <trkpt lat="45.7329999" lon="6.5581200">
    <ele>1110</ele>
   </trkpt>
   <trkpt lat="45.7330200" lon="6.5579100">
    <ele>1108</ele>
   </trkpt>
   <trkpt lat="45.7330500" lon="6.5577900">
    <ele>1108</ele>
   </trkpt>
   <trkpt lat="45.7330900" lon="6.5576800">
    <ele>1108</ele>
   </trkpt>
   <trkpt lat="45.7331900" lon="6.5575400">
    <ele>1110</ele>
   </trkpt>
   <trkpt lat="45.7333799" lon="6.5572800">
    <ele>1112</ele>
   </trkpt>
   <trkpt lat="45.7335100" lon="6.5570700">
    <ele>1112</ele>
   </trkpt>
   <trkpt lat="45.7335900" lon="6.5569300">
    <ele>1112</ele>
   </trkpt>
   <trkpt lat="45.7336699" lon="6.5567200">
    <ele>1110</ele>
   </trkpt>
   <trkpt lat="45.7337400" lon="6.5565300">
    <ele>1108</ele>
   </trkpt>
   <trkpt lat="45.7338000" lon="6.5563399">
    <ele>1107</ele>
   </trkpt>
   <trkpt lat="45.7338300" lon="6.5560400">
    <ele>1102</ele>
   </trkpt>
   <trkpt lat="45.7338400" lon="6.5558000">
    <ele>1098</ele>
   </trkpt>
   <trkpt lat="45.7337900" lon="6.5550100">
    <ele>1089</ele>
   </trkpt>
   <trkpt lat="45.7338000" lon="6.5545500">
    <ele>1085</ele>
   </trkpt>
   <trkpt lat="45.7338100" lon="6.5542800">
    <ele>1083</ele>
   </trkpt>
   <trkpt lat="45.7338400" lon="6.5540500">
    <ele>1083</ele>
   </trkpt>
   <trkpt lat="45.7339000" lon="6.5537400">
    <ele>1084</ele>
   </trkpt>
   <trkpt lat="45.7339300" lon="6.5535500">
    <ele>1084</ele>
   </trkpt>
   <trkpt lat="45.7339399" lon="6.5533700">
    <ele>1083</ele>
   </trkpt>
   <trkpt lat="45.7339399" lon="6.5528500">
    <ele>1076</ele>
   </trkpt>
   <trkpt lat="45.7339600" lon="6.5525800">
    <ele>1073</ele>
   </trkpt>
   <trkpt lat="45.7339900" lon="6.5522700">
    <ele>1071</ele>
   </trkpt>
   <trkpt lat="45.7340100" lon="6.5521400">
    <ele>1071</ele>
   </trkpt>
   <trkpt lat="45.7340700" lon="6.5519700">
    <ele>1072</ele>
   </trkpt>
   <trkpt lat="45.7342100" lon="6.5516400">
    <ele>1078</ele>
   </trkpt>
   <trkpt lat="45.7342500" lon="6.5515400">
    <ele>1083</ele>
   </trkpt>
   <trkpt lat="45.7342800" lon="6.5514500">
    <ele>1087</ele>
   </trkpt>
   <trkpt lat="45.7342900" lon="6.5513800">
    <ele>1089</ele>
   </trkpt>
   <trkpt lat="45.7342800" lon="6.5512700">
    <ele>1091</ele>
   </trkpt>
   <trkpt lat="45.7342400" lon="6.5511200">
    <ele>1092</ele>
   </trkpt>
   <trkpt lat="45.7342100" lon="6.5510500">
    <ele>1092</ele>
   </trkpt>
   <trkpt lat="45.7341300" lon="6.5509600">
    <ele>1090</ele>
   </trkpt>
   <trkpt lat="45.7338200" lon="6.5506800">
    <ele>1078</ele>
   </trkpt>
   <trkpt lat="45.7336800" lon="6.5505100">
    <ele>1075</ele>
   </trkpt>
   <trkpt lat="45.7335700" lon="6.5502900">
    <ele>1075</ele>
   </trkpt>
   <trkpt lat="45.7334300" lon="6.5499900">
    <ele>1076</ele>
   </trkpt>
   <trkpt lat="45.7333900" lon="6.5498400">
    <ele>1073</ele>
   </trkpt>
   <trkpt lat="45.7333600" lon="6.5496900">
    <ele>1071</ele>
   </trkpt>
   <trkpt lat="45.7333700" lon="6.5495100">
    <ele>1070</ele>
   </trkpt>
   <trkpt lat="45.7334100" lon="6.5492900">
    <ele>1070</ele>
   </trkpt>
   <trkpt lat="45.7335000" lon="6.5489200">
    <ele>1073</ele>
   </trkpt>
   <trkpt lat="45.7336100" lon="6.5484900">
    <ele>1076</ele>
   </trkpt>
   <trkpt lat="45.7336300" lon="6.5483200">
    <ele>1076</ele>
   </trkpt>
   <trkpt lat="45.7336400" lon="6.5482200">
    <ele>1077</ele>
   </trkpt>
   <trkpt lat="45.7336400" lon="6.5481000">
    <ele>1078</ele>
   </trkpt>
   <trkpt lat="45.7336100" lon="6.5479500">
    <ele>1077</ele>
   </trkpt>
   <trkpt lat="45.7335600" lon="6.5477400">
    <ele>1074</ele>
   </trkpt>
   <trkpt lat="45.7333700" lon="6.5471600">
    <ele>1066</ele>
   </trkpt>
   <trkpt lat="45.7332200" lon="6.5466200">
    <ele>1066</ele>
   </trkpt>
   <trkpt lat="45.7331300" lon="6.5463500">
    <ele>1064</ele>
   </trkpt>
   <trkpt lat="45.7329999" lon="6.5458900">
    <ele>1064</ele>
   </trkpt>
   <trkpt lat="45.7329400" lon="6.5457400">
    <ele>1063</ele>
   </trkpt>
   <trkpt lat="45.7329200" lon="6.5456899">
    <ele>1063</ele>
   </trkpt>
   <trkpt lat="45.7327200" lon="6.5453400">
    <ele>1057</ele>
   </trkpt>
   <trkpt lat="45.7326400" lon="6.5451700">
    <ele>1055</ele>
   </trkpt>
   <trkpt lat="45.7325800" lon="6.5450100">
    <ele>1054</ele>
   </trkpt>
   <trkpt lat="45.7323900" lon="6.5443300">
    <ele>1052</ele>
   </trkpt>
   <trkpt lat="45.7322700" lon="6.5440100">
    <ele>1051</ele>
   </trkpt>
   <trkpt lat="45.7321500" lon="6.5437100">
    <ele>1051</ele>
   </trkpt>
   <trkpt lat="45.7320500" lon="6.5435000">
    <ele>1050</ele>
   </trkpt>
   <trkpt lat="45.7318200" lon="6.5430700">
    <ele>1039</ele>
   </trkpt>
   <trkpt lat="45.7317800" lon="6.5429700">
    <ele>1037</ele>
   </trkpt>
   <trkpt lat="45.7317500" lon="6.5428600">
    <ele>1036</ele>
   </trkpt>
   <trkpt lat="45.7317400" lon="6.5427200">
    <ele>1036</ele>
   </trkpt>
   <trkpt lat="45.7317500" lon="6.5425800">
    <ele>1037</ele>
   </trkpt>
   <trkpt lat="45.7318400" lon="6.5420400">
    <ele>1037</ele>
   </trkpt>
   <trkpt lat="45.7319200" lon="6.5415599">
    <ele>1034</ele>
   </trkpt>
   <trkpt lat="45.7319699" lon="6.5413900">
    <ele>1033</ele>
   </trkpt>
   <trkpt lat="45.7320300" lon="6.5412400">
    <ele>1033</ele>
   </trkpt>
   <trkpt lat="45.7320900" lon="6.5411000">
    <ele>1033</ele>
   </trkpt>
   <trkpt lat="45.7322700" lon="6.5407900">
    <ele>1036</ele>
   </trkpt>
   <trkpt lat="45.7322900" lon="6.5407500">
    <ele>1036</ele>
   </trkpt>
   <trkpt lat="45.7323000" lon="6.5406900">
    <ele>1035</ele>
   </trkpt>
   <trkpt lat="45.7322900" lon="6.5406300">
    <ele>1033</ele>
   </trkpt>
   <trkpt lat="45.7322800" lon="6.5405900">
    <ele>1031</ele>
   </trkpt>
   <trkpt lat="45.7322500" lon="6.5405600">
    <ele>1028</ele>
   </trkpt>
   <trkpt lat="45.7322100" lon="6.5405400">
    <ele>1025</ele>
   </trkpt>
   <trkpt lat="45.7321500" lon="6.5405500">
    <ele>1022</ele>
   </trkpt>
   <trkpt lat="45.7320900" lon="6.5406000">
    <ele>1020</ele>
   </trkpt>
   <trkpt lat="45.7320100" lon="6.5407800">
    <ele>1020</ele>
   </trkpt>
   <trkpt lat="45.7316999" lon="6.5416200">
    <ele>1021</ele>
   </trkpt>
   <trkpt lat="45.7313800" lon="6.5428900">
    <ele>1010</ele>
   </trkpt>
   <trkpt lat="45.7313600" lon="6.5430100">
    <ele>1009</ele>
   </trkpt>
   <trkpt lat="45.7313600" lon="6.5431600">
    <ele>1008</ele>
   </trkpt>
   <trkpt lat="45.7313800" lon="6.5433100">
    <ele>1009</ele>
   </trkpt>
   <trkpt lat="45.7314099" lon="6.5434100">
    <ele>1009</ele>
   </trkpt>
   <trkpt lat="45.7314900" lon="6.5436300">
    <ele>1010</ele>
   </trkpt>
   <trkpt lat="45.7316600" lon="6.5440699">
    <ele>1011</ele>
   </trkpt>
   <trkpt lat="45.7317200" lon="6.5442800">
    <ele>1011</ele>
   </trkpt>
   <trkpt lat="45.7317700" lon="6.5445500">
    <ele>1011</ele>
   </trkpt>
   <trkpt lat="45.7317600" lon="6.5447900">
    <ele>1008</ele>
   </trkpt>
   <trkpt lat="45.7316500" lon="6.5458700">
    <ele>996</ele>
   </trkpt>
   <trkpt lat="45.7316500" lon="6.5460700">
    <ele>995</ele>
   </trkpt>
   <trkpt lat="45.7316900" lon="6.5464100">
    <ele>995</ele>
   </trkpt>
   <trkpt lat="45.7320900" lon="6.5487900">
    <ele>989</ele>
   </trkpt>
   <trkpt lat="45.7320900" lon="6.5489100">
    <ele>989</ele>
   </trkpt>
   <trkpt lat="45.7320800" lon="6.5490100">
    <ele>988</ele>
   </trkpt>
   <trkpt lat="45.7320300" lon="6.5492500">
    <ele>985</ele>
   </trkpt>
   <trkpt lat="45.7319900" lon="6.5494500">
    <ele>982</ele>
   </trkpt>
   <trkpt lat="45.7319699" lon="6.5497600">
    <ele>979</ele>
   </trkpt>
   <trkpt lat="45.7319699" lon="6.5500400">
    <ele>978</ele>
   </trkpt>
   <trkpt lat="45.7319800" lon="6.5502600">
    <ele>975</ele>
   </trkpt>
   <trkpt lat="45.7320800" lon="6.5509700">
    <ele>971</ele>
   </trkpt>
   <trkpt lat="45.7321800" lon="6.5513500">
    <ele>972</ele>
   </trkpt>
   <trkpt lat="45.7321900" lon="6.5514300">
    <ele>971</ele>
   </trkpt>
   <trkpt lat="45.7321800" lon="6.5515500">
    <ele>969</ele>
   </trkpt>
   <trkpt lat="45.7321300" lon="6.5517100">
    <ele>966</ele>
   </trkpt>
   <trkpt lat="45.7320400" lon="6.5518900">
    <ele>964</ele>
   </trkpt>
   <trkpt lat="45.7319500" lon="6.5520200">
    <ele>961</ele>
   </trkpt>
   <trkpt lat="45.7316000" lon="6.5523800">
    <ele>951</ele>
   </trkpt>
   <trkpt lat="45.7314800" lon="6.5525200">
    <ele>949</ele>
   </trkpt>
   <trkpt lat="45.7313500" lon="6.5526900">
    <ele>947</ele>
   </trkpt>
   <trkpt lat="45.7311700" lon="6.5530300">
    <ele>947</ele>
   </trkpt>
   <trkpt lat="45.7304100" lon="6.5546900">
    <ele>943</ele>
   </trkpt>
   <trkpt lat="45.7303600" lon="6.5548200">
    <ele>940</ele>
   </trkpt>
   <trkpt lat="45.7303100" lon="6.5549900">
    <ele>937</ele>
   </trkpt>
   <trkpt lat="45.7303000" lon="6.5551300">
    <ele>937</ele>
   </trkpt>
   <trkpt lat="45.7302800" lon="6.5554700">
    <ele>936</ele>
   </trkpt>
   <trkpt lat="45.7302700" lon="6.5562200">
    <ele>938</ele>
   </trkpt>
   <trkpt lat="45.7302500" lon="6.5569000">
    <ele>939</ele>
   </trkpt>
   <trkpt lat="45.7302400" lon="6.5570500">
    <ele>938</ele>
   </trkpt>
   <trkpt lat="45.7300400" lon="6.5582700">
    <ele>928</ele>
   </trkpt>
   <trkpt lat="45.7297800" lon="6.5600100">
    <ele>925</ele>
   </trkpt>
   <trkpt lat="45.7297200" lon="6.5605500">
    <ele>923</ele>
   </trkpt>
   <trkpt lat="45.7296800" lon="6.5610900">
    <ele>923</ele>
   </trkpt>
   <trkpt lat="45.7297000" lon="6.5620800">
    <ele>928</ele>
   </trkpt>
   <trkpt lat="45.7297000" lon="6.5621500">
    <ele>928</ele>
   </trkpt>
   <trkpt lat="45.7296800" lon="6.5622000">
    <ele>927</ele>
   </trkpt>
   <trkpt lat="45.7296500" lon="6.5622400">
    <ele>925</ele>
   </trkpt>
   <trkpt lat="45.7296100" lon="6.5622600">
    <ele>923</ele>
   </trkpt>
   <trkpt lat="45.7295700" lon="6.5622700">
    <ele>921</ele>
   </trkpt>
   <trkpt lat="45.7295100" lon="6.5622400">
    <ele>918</ele>
   </trkpt>
   <trkpt lat="45.7294600" lon="6.5621400">
    <ele>915</ele>
   </trkpt>
   <trkpt lat="45.7294500" lon="6.5620300">
    <ele>914</ele>
   </trkpt>
   <trkpt lat="45.7294600" lon="6.5618800">
    <ele>914</ele>
   </trkpt>
   <trkpt lat="45.7295200" lon="6.5613100">
    <ele>915</ele>
   </trkpt>
   <trkpt lat="45.7295100" lon="6.5610700">
    <ele>914</ele>
   </trkpt>
   <trkpt lat="45.7294900" lon="6.5605900">
    <ele>912</ele>
   </trkpt>
   <trkpt lat="45.7294100" lon="6.5592400">
    <ele>907</ele>
   </trkpt>
   <trkpt lat="45.7293400" lon="6.5586399">
    <ele>903</ele>
   </trkpt>
   <trkpt lat="45.7293200" lon="6.5583700">
    <ele>901</ele>
   </trkpt>
   <trkpt lat="45.7292900" lon="6.5570700">
    <ele>885</ele>
   </trkpt>
   <trkpt lat="45.7292800" lon="6.5569499">
    <ele>883</ele>
   </trkpt>
   <trkpt lat="45.7292000" lon="6.5565200">
    <ele>874</ele>
   </trkpt>
   <trkpt lat="45.7291900" lon="6.5563900">
    <ele>872</ele>
   </trkpt>
   <trkpt lat="45.7291900" lon="6.5562500">
    <ele>871</ele>
   </trkpt>
   <trkpt lat="45.7292000" lon="6.5561000">
    <ele>870</ele>
   </trkpt>
   <trkpt lat="45.7292599" lon="6.5556599">
    <ele>870</ele>
   </trkpt>
   <trkpt lat="45.7292700" lon="6.5554700">
    <ele>869</ele>
   </trkpt>
   <trkpt lat="45.7292800" lon="6.5552800">
    <ele>868</ele>
   </trkpt>
   <trkpt lat="45.7292700" lon="6.5550000">
    <ele>865</ele>
   </trkpt>
   <trkpt lat="45.7292500" lon="6.5547900">
    <ele>865</ele>
   </trkpt>
   <trkpt lat="45.7289900" lon="6.5535500">
    <ele>856</ele>
   </trkpt>
   <trkpt lat="45.7289600" lon="6.5533600">
    <ele>855</ele>
   </trkpt>
   <trkpt lat="45.7289500" lon="6.5531700">
    <ele>852</ele>
   </trkpt>
   <trkpt lat="45.7289500" lon="6.5529200">
    <ele>849</ele>
   </trkpt>
   <trkpt lat="45.7289100" lon="6.5524200">
    <ele>840</ele>
   </trkpt>
   <trkpt lat="45.7289100" lon="6.5522200">
    <ele>837</ele>
   </trkpt>
   <trkpt lat="45.7289500" lon="6.5518500">
    <ele>835</ele>
   </trkpt>
   <trkpt lat="45.7289600" lon="6.5516400">
    <ele>834</ele>
   </trkpt>
   <trkpt lat="45.7289500" lon="6.5514599">
    <ele>831</ele>
   </trkpt>
   <trkpt lat="45.7289200" lon="6.5512300">
    <ele>827</ele>
   </trkpt>
   <trkpt lat="45.7288600" lon="6.5508300">
    <ele>820</ele>
   </trkpt>
   <trkpt lat="45.7288500" lon="6.5507099">
    <ele>819</ele>
   </trkpt>
   <trkpt lat="45.7288600" lon="6.5506200">
    <ele>820</ele>
   </trkpt>
   <trkpt lat="45.7288799" lon="6.5505300">
    <ele>820</ele>
   </trkpt>
   <trkpt lat="45.7289300" lon="6.5504200">
    <ele>822</ele>
   </trkpt>
   <trkpt lat="45.7289800" lon="6.5503700">
    <ele>824</ele>
   </trkpt>
   <trkpt lat="45.7291600" lon="6.5502700">
    <ele>831</ele>
   </trkpt>
   <trkpt lat="45.7291900" lon="6.5502300">
    <ele>833</ele>
   </trkpt>
   <trkpt lat="45.7292100" lon="6.5501800">
    <ele>833</ele>
   </trkpt>
   <trkpt lat="45.7292200" lon="6.5501200">
    <ele>833</ele>
   </trkpt>
   <trkpt lat="45.7292100" lon="6.5500700">
    <ele>833</ele>
   </trkpt>
   <trkpt lat="45.7291800" lon="6.5500100">
    <ele>831</ele>
   </trkpt>
   <trkpt lat="45.7291300" lon="6.5499700">
    <ele>829</ele>
   </trkpt>
   <trkpt lat="45.7290900" lon="6.5499599">
    <ele>827</ele>
   </trkpt>
   <trkpt lat="45.7290599" lon="6.5499700">
    <ele>826</ele>
   </trkpt>
   <trkpt lat="45.7290200" lon="6.5500000">
    <ele>824</ele>
   </trkpt>
   <trkpt lat="45.7288400" lon="6.5501600">
    <ele>817</ele>
   </trkpt>
   <trkpt lat="45.7287700" lon="6.5502399">
    <ele>814</ele>
   </trkpt>
   <trkpt lat="45.7287000" lon="6.5503300">
    <ele>812</ele>
   </trkpt>
   <trkpt lat="45.7286600" lon="6.5504300">
    <ele>810</ele>
   </trkpt>
   <trkpt lat="45.7286300" lon="6.5505300">
    <ele>809</ele>
   </trkpt>
   <trkpt lat="45.7286300" lon="6.5506500">
    <ele>809</ele>
   </trkpt>
   <trkpt lat="45.7286500" lon="6.5510800">
    <ele>812</ele>
   </trkpt>
   <trkpt lat="45.7286600" lon="6.5514900">
    <ele>815</ele>
   </trkpt>
   <trkpt lat="45.7283500" lon="6.5536100">
    <ele>810</ele>
   </trkpt>
   <trkpt lat="45.7283000" lon="6.5538800">
    <ele>806</ele>
   </trkpt>
   <trkpt lat="45.7282700" lon="6.5540200">
    <ele>804</ele>
   </trkpt>
   <trkpt lat="45.7282300" lon="6.5541600">
    <ele>802</ele>
   </trkpt>
   <trkpt lat="45.7282000" lon="6.5542500">
    <ele>802</ele>
   </trkpt>
   <trkpt lat="45.7281400" lon="6.5543699">
    <ele>801</ele>
   </trkpt>
   <trkpt lat="45.7278800" lon="6.5548200">
    <ele>795</ele>
   </trkpt>
   <trkpt lat="45.7276400" lon="6.5552900">
    <ele>794</ele>
   </trkpt>
   <trkpt lat="45.7275300" lon="6.5555600">
    <ele>797</ele>
   </trkpt>
   <trkpt lat="45.7274000" lon="6.5559700">
    <ele>802</ele>
   </trkpt>
   <trkpt lat="45.7273400" lon="6.5560200">
    <ele>801</ele>
   </trkpt>
   <trkpt lat="45.7273000" lon="6.5560200">
    <ele>799</ele>
   </trkpt>
   <trkpt lat="45.7272700" lon="6.5560100">
    <ele>797</ele>
   </trkpt>
   <trkpt lat="45.7272400" lon="6.5559700">
    <ele>795</ele>
   </trkpt>
   <trkpt lat="45.7272200" lon="6.5559100">
    <ele>792</ele>
   </trkpt>
   <trkpt lat="45.7272200" lon="6.5558400">
    <ele>790</ele>
   </trkpt>
   <trkpt lat="45.7272400" lon="6.5557600">
    <ele>789</ele>
   </trkpt>
   <trkpt lat="45.7274000" lon="6.5554600">
    <ele>788</ele>
   </trkpt>
   <trkpt lat="45.7274699" lon="6.5553100">
    <ele>787</ele>
   </trkpt>
   <trkpt lat="45.7275300" lon="6.5551600">
    <ele>786</ele>
   </trkpt>
   <trkpt lat="45.7275800" lon="6.5549300">
    <ele>783</ele>
   </trkpt>
   <trkpt lat="45.7276100" lon="6.5547300">
    <ele>782</ele>
   </trkpt>
   <trkpt lat="45.7276200" lon="6.5545400">
    <ele>779</ele>
   </trkpt>
   <trkpt lat="45.7276100" lon="6.5541600">
    <ele>774</ele>
   </trkpt>
   <trkpt lat="45.7276100" lon="6.5539900">
    <ele>773</ele>
   </trkpt>
   <trkpt lat="45.7277000" lon="6.5534400">
    <ele>775</ele>
   </trkpt>
   <trkpt lat="45.7277100" lon="6.5532700">
    <ele>775</ele>
   </trkpt>
   <trkpt lat="45.7277200" lon="6.5529500">
    <ele>774</ele>
   </trkpt>
   <trkpt lat="45.7277200" lon="6.5528300">
    <ele>773</ele>
   </trkpt>
   <trkpt lat="45.7277300" lon="6.5528100">
    <ele>773</ele>
   </trkpt>
   <trkpt lat="45.7277900" lon="6.5524699">
    <ele>774</ele>
   </trkpt>
   <trkpt lat="45.7278200" lon="6.5522700">
    <ele>774</ele>
   </trkpt>
   <trkpt lat="45.7278400" lon="6.5517100">
    <ele>771</ele>
   </trkpt>
   <trkpt lat="45.7278600" lon="6.5515400">
    <ele>771</ele>
   </trkpt>
   <trkpt lat="45.7279000" lon="6.5513500">
    <ele>772</ele>
   </trkpt>
   <trkpt lat="45.7279100" lon="6.5512499">
    <ele>772</ele>
   </trkpt>
   <trkpt lat="45.7278900" lon="6.5511799">
    <ele>770</ele>
   </trkpt>
   <trkpt lat="45.7278499" lon="6.5511300">
    <ele>768</ele>
   </trkpt>
   <trkpt lat="45.7277800" lon="6.5511200">
    <ele>764</ele>
   </trkpt>
   <trkpt lat="45.7277300" lon="6.5511700">
    <ele>761</ele>
   </trkpt>
   <trkpt lat="45.7277100" lon="6.5512000">
    <ele>760</ele>
   </trkpt>
   <trkpt lat="45.7277000" lon="6.5513400">
    <ele>761</ele>
   </trkpt>
   <trkpt lat="45.7276800" lon="6.5516400">
    <ele>762</ele>
   </trkpt>
   <trkpt lat="45.7276500" lon="6.5519500">
    <ele>762</ele>
   </trkpt>
   <trkpt lat="45.7275900" lon="6.5522800">
    <ele>762</ele>
   </trkpt>
   <trkpt lat="45.7275800" lon="6.5523100">
    <ele>762</ele>
   </trkpt>
   <trkpt lat="45.7275100" lon="6.5525300">
    <ele>760</ele>
   </trkpt>
   <trkpt lat="45.7272300" lon="6.5533000">
    <ele>752</ele>
   </trkpt>
   <trkpt lat="45.7272100" lon="6.5534200">
    <ele>752</ele>
   </trkpt>
   <trkpt lat="45.7271700" lon="6.5538000">
    <ele>753</ele>
   </trkpt>
   <trkpt lat="45.7271500" lon="6.5538500">
    <ele>752</ele>
   </trkpt>
   <trkpt lat="45.7271300" lon="6.5538900">
    <ele>752</ele>
   </trkpt>
   <trkpt lat="45.7270800" lon="6.5539100">
    <ele>749</ele>
   </trkpt>
   <trkpt lat="45.7270200" lon="6.5538999">
    <ele>747</ele>
   </trkpt>
   <trkpt lat="45.7269999" lon="6.5538800">
    <ele>746</ele>
   </trkpt>
   <trkpt lat="45.7269800" lon="6.5538500">
    <ele>745</ele>
   </trkpt>
   <trkpt lat="45.7269600" lon="6.5537599">
    <ele>744</ele>
   </trkpt>
   <trkpt lat="45.7269999" lon="6.5533500">
    <ele>743</ele>
   </trkpt>
   <trkpt lat="45.7269999" lon="6.5530799">
    <ele>742</ele>
   </trkpt>
   <trkpt lat="45.7269000" lon="6.5520800">
    <ele>734</ele>
   </trkpt>
   <trkpt lat="45.7268900" lon="6.5519299">
    <ele>733</ele>
   </trkpt>
   <trkpt lat="45.7269000" lon="6.5517500">
    <ele>732</ele>
   </trkpt>
   <trkpt lat="45.7269400" lon="6.5514900">
    <ele>732</ele>
   </trkpt>
   <trkpt lat="45.7269400" lon="6.5513500">
    <ele>732</ele>
   </trkpt>
   <trkpt lat="45.7269200" lon="6.5512100">
    <ele>731</ele>
   </trkpt>
   <trkpt lat="45.7268800" lon="6.5509900">
    <ele>729</ele>
   </trkpt>
   <trkpt lat="45.7268500" lon="6.5508300">
    <ele>727</ele>
   </trkpt>
   <trkpt lat="45.7268500" lon="6.5506600">
    <ele>727</ele>
   </trkpt>
   <trkpt lat="45.7268700" lon="6.5505400">
    <ele>727</ele>
   </trkpt>
   <trkpt lat="45.7269000" lon="6.5503900">
    <ele>727</ele>
   </trkpt>
   <trkpt lat="45.7269400" lon="6.5503000">
    <ele>728</ele>
   </trkpt>
   <trkpt lat="45.7269900" lon="6.5502000">
    <ele>730</ele>
   </trkpt>
   <trkpt lat="45.7272300" lon="6.5498700">
    <ele>736</ele>
   </trkpt>
   <trkpt lat="45.7272800" lon="6.5497600">
    <ele>737</ele>
   </trkpt>
   <trkpt lat="45.7273300" lon="6.5496299">
    <ele>737</ele>
   </trkpt>
   <trkpt lat="45.7273400" lon="6.5495200">
    <ele>737</ele>
   </trkpt>
   <trkpt lat="45.7273500" lon="6.5494100">
    <ele>736</ele>
   </trkpt>
   <trkpt lat="45.7273400" lon="6.5492400">
    <ele>734</ele>
   </trkpt>
   <trkpt lat="45.7273100" lon="6.5490300">
    <ele>733</ele>
   </trkpt>
   <trkpt lat="45.7272000" lon="6.5485100">
    <ele>730</ele>
   </trkpt>
   <trkpt lat="45.7271400" lon="6.5482200">
    <ele>728</ele>
   </trkpt>
   <trkpt lat="45.7271200" lon="6.5481000">
    <ele>727</ele>
   </trkpt>
   <trkpt lat="45.7270300" lon="6.5476900">
    <ele>724</ele>
   </trkpt>
   <trkpt lat="45.7269999" lon="6.5474200">
    <ele>722</ele>
   </trkpt>
   <trkpt lat="45.7269800" lon="6.5470900">
    <ele>721</ele>
   </trkpt>
   <trkpt lat="45.7269400" lon="6.5461900">
    <ele>719</ele>
   </trkpt>
   <trkpt lat="45.7269400" lon="6.5460500">
    <ele>720</ele>
   </trkpt>
   <trkpt lat="45.7269400" lon="6.5459100">
    <ele>720</ele>
   </trkpt>
   <trkpt lat="45.7269000" lon="6.5458600">
    <ele>718</ele>
   </trkpt>
   <trkpt lat="45.7268400" lon="6.5458100">
    <ele>715</ele>
   </trkpt>
   <trkpt lat="45.7267900" lon="6.5457900">
    <ele>712</ele>
   </trkpt>
   <trkpt lat="45.7268300" lon="6.5455600">
    <ele>715</ele>
   </trkpt>
   <trkpt lat="45.7268500" lon="6.5453700">
    <ele>717</ele>
   </trkpt>
   <trkpt lat="45.7268500" lon="6.5450700">
    <ele>718</ele>
   </trkpt>
   <trkpt lat="45.7268199" lon="6.5447400">
    <ele>718</ele>
   </trkpt>
   <trkpt lat="45.7267500" lon="6.5442100">
    <ele>715</ele>
   </trkpt>
   <trkpt lat="45.7266900" lon="6.5438000">
    <ele>713</ele>
   </trkpt>
   <trkpt lat="45.7266300" lon="6.5435500">
    <ele>711</ele>
   </trkpt>
   <trkpt lat="45.7265700" lon="6.5432900">
    <ele>711</ele>
   </trkpt>
   <trkpt lat="45.7265100" lon="6.5430800">
    <ele>712</ele>
   </trkpt>
   <trkpt lat="45.7263600" lon="6.5427300">
    <ele>711</ele>
   </trkpt>
   <trkpt lat="45.7261600" lon="6.5423600">
    <ele>708</ele>
   </trkpt>
   <trkpt lat="45.7258300" lon="6.5418500">
    <ele>701</ele>
   </trkpt>
   <trkpt lat="45.7257800" lon="6.5417800">
    <ele>701</ele>
   </trkpt>
   <trkpt lat="45.7255800" lon="6.5414600">
    <ele>702</ele>
   </trkpt>
   <trkpt lat="45.7254900" lon="6.5413100">
    <ele>703</ele>
   </trkpt>
   <trkpt lat="45.7254000" lon="6.5411200">
    <ele>703</ele>
   </trkpt>
   <trkpt lat="45.7253200" lon="6.5408700">
    <ele>704</ele>
   </trkpt>
   <trkpt lat="45.7252800" lon="6.5407400">
    <ele>705</ele>
   </trkpt>
   <trkpt lat="45.7252500" lon="6.5405700">
    <ele>705</ele>
   </trkpt>
   <trkpt lat="45.7252200" lon="6.5403399">
    <ele>706</ele>
   </trkpt>
   <trkpt lat="45.7252000" lon="6.5401800">
    <ele>706</ele>
   </trkpt>
   <trkpt lat="45.7251500" lon="6.5390499">
    <ele>708</ele>
   </trkpt>
   <trkpt lat="45.7251500" lon="6.5386500">
    <ele>709</ele>
   </trkpt>
   <trkpt lat="45.7251700" lon="6.5382999">
    <ele>711</ele>
   </trkpt>
   <trkpt lat="45.7252000" lon="6.5381100">
    <ele>711</ele>
   </trkpt>
   <trkpt lat="45.7252400" lon="6.5379400">
    <ele>712</ele>
   </trkpt>
   <trkpt lat="45.7253300" lon="6.5376899">
    <ele>713</ele>
   </trkpt>
   <trkpt lat="45.7255899" lon="6.5369200">
    <ele>714</ele>
   </trkpt>
   <trkpt lat="45.7257500" lon="6.5364400">
    <ele>713</ele>
   </trkpt>
   <trkpt lat="45.7258400" lon="6.5362400">
    <ele>713</ele>
   </trkpt>
   <trkpt lat="45.7259000" lon="6.5360900">
    <ele>713</ele>
   </trkpt>
   <trkpt lat="45.7259500" lon="6.5360100">
    <ele>714</ele>
   </trkpt>
   <trkpt lat="45.7260000" lon="6.5359200">
    <ele>714</ele>
   </trkpt>
   <trkpt lat="45.7261200" lon="6.5357600">
    <ele>714</ele>
   </trkpt>
   <trkpt lat="45.7263200" lon="6.5355400">
    <ele>715</ele>
   </trkpt>
   <trkpt lat="45.7264800" lon="6.5353300">
    <ele>716</ele>
   </trkpt>
   <trkpt lat="45.7265400" lon="6.5352200">
    <ele>716</ele>
   </trkpt>
   <trkpt lat="45.7266199" lon="6.5350400">
    <ele>716</ele>
   </trkpt>
   <trkpt lat="45.7266900" lon="6.5348200">
    <ele>716</ele>
   </trkpt>
   <trkpt lat="45.7267200" lon="6.5346500">
    <ele>716</ele>
   </trkpt>
   <trkpt lat="45.7267400" lon="6.5345200">
    <ele>715</ele>
   </trkpt>
   <trkpt lat="45.7267600" lon="6.5344600">
    <ele>715</ele>
   </trkpt>
   <trkpt lat="45.7267700" lon="6.5343700">
    <ele>715</ele>
   </trkpt>
   <trkpt lat="45.7268800" lon="6.5336700">
    <ele>712</ele>
   </trkpt>
   <trkpt lat="45.7269300" lon="6.5332700">
    <ele>710</ele>
   </trkpt>
   <trkpt lat="45.7269300" lon="6.5330300">
    <ele>710</ele>
   </trkpt>
   <trkpt lat="45.7269300" lon="6.5328300">
    <ele>710</ele>
   </trkpt>
   <trkpt lat="45.7269099" lon="6.5326900">
    <ele>710</ele>
   </trkpt>
   <trkpt lat="45.7268700" lon="6.5325100">
    <ele>709</ele>
   </trkpt>
   <trkpt lat="45.7268300" lon="6.5323700">
    <ele>709</ele>
   </trkpt>
   <trkpt lat="45.7267400" lon="6.5321300">
    <ele>708</ele>
   </trkpt>
   <trkpt lat="45.7266000" lon="6.5318200">
    <ele>707</ele>
   </trkpt>
   <trkpt lat="45.7263900" lon="6.5314900">
    <ele>706</ele>
   </trkpt>
   <trkpt lat="45.7262600" lon="6.5312599">
    <ele>705</ele>
   </trkpt>
   <trkpt lat="45.7261300" lon="6.5309600">
    <ele>705</ele>
   </trkpt>
   <trkpt lat="45.7259400" lon="6.5303900">
    <ele>703</ele>
   </trkpt>
   <trkpt lat="45.7258700" lon="6.5302500">
    <ele>702</ele>
   </trkpt>
   <trkpt lat="45.7254800" lon="6.5295200">
    <ele>698</ele>
   </trkpt>
   <trkpt lat="45.7252500" lon="6.5290300">
    <ele>696</ele>
   </trkpt>
   <trkpt lat="45.7250000" lon="6.5284200">
    <ele>694</ele>
   </trkpt>
   <trkpt lat="45.7247100" lon="6.5277200">
    <ele>694</ele>
   </trkpt>
   <trkpt lat="45.7245599" lon="6.5272700">
    <ele>693</ele>
   </trkpt>
   <trkpt lat="45.7244699" lon="6.5268900">
    <ele>692</ele>
   </trkpt>
   <trkpt lat="45.7242500" lon="6.5256200">
    <ele>687</ele>
   </trkpt>
   <trkpt lat="45.7241700" lon="6.5253200">
    <ele>686</ele>
   </trkpt>
   <trkpt lat="45.7240200" lon="6.5249499">
    <ele>683</ele>
   </trkpt>
   <trkpt lat="45.7233500" lon="6.5234100">
    <ele>674</ele>
   </trkpt>
   <trkpt lat="45.7230900" lon="6.5228500">
    <ele>673</ele>
   </trkpt>
   <trkpt lat="45.7230200" lon="6.5227200">
    <ele>672</ele>
   </trkpt>
   <trkpt lat="45.7228100" lon="6.5224100">
    <ele>671</ele>
   </trkpt>
   <trkpt lat="45.7225899" lon="6.5221100">
    <ele>671</ele>
   </trkpt>
   <trkpt lat="45.7224000" lon="6.5218999">
    <ele>670</ele>
   </trkpt>
   <trkpt lat="45.7223300" lon="6.5218299">
    <ele>670</ele>
   </trkpt>
   <trkpt lat="45.7222400" lon="6.5217599">
    <ele>670</ele>
   </trkpt>
   <trkpt lat="45.7221100" lon="6.5217000">
    <ele>669</ele>
   </trkpt>
   <trkpt lat="45.7220200" lon="6.5216800">
    <ele>669</ele>
   </trkpt>
   <trkpt lat="45.7218900" lon="6.5216800">
    <ele>668</ele>
   </trkpt>
   <trkpt lat="45.7217399" lon="6.5217000">
    <ele>667</ele>
   </trkpt>
   <trkpt lat="45.7214800" lon="6.5217800">
    <ele>668</ele>
   </trkpt>
   <trkpt lat="45.7213800" lon="6.5218000">
    <ele>669</ele>
   </trkpt>
   <trkpt lat="45.7212900" lon="6.5217900">
    <ele>669</ele>
   </trkpt>
   <trkpt lat="45.7212200" lon="6.5217700">
    <ele>669</ele>
   </trkpt>
   <trkpt lat="45.7210500" lon="6.5216800">
    <ele>669</ele>
   </trkpt>
   <trkpt lat="45.7209500" lon="6.5215900">
    <ele>668</ele>
   </trkpt>
   <trkpt lat="45.7208500" lon="6.5214700">
    <ele>667</ele>
   </trkpt>
   <trkpt lat="45.7206000" lon="6.5211200">
    <ele>663</ele>
   </trkpt>
   <trkpt lat="45.7204000" lon="6.5208300">
    <ele>660</ele>
   </trkpt>
   <trkpt lat="45.7203300" lon="6.5206799">
    <ele>660</ele>
   </trkpt>
   <trkpt lat="45.7202700" lon="6.5205500">
    <ele>660</ele>
   </trkpt>
   <trkpt lat="45.7201700" lon="6.5202600">
    <ele>660</ele>
   </trkpt>
   <trkpt lat="45.7201200" lon="6.5200100">
    <ele>659</ele>
   </trkpt>
   <trkpt lat="45.7200900" lon="6.5197900">
    <ele>659</ele>
   </trkpt>
   <trkpt lat="45.7200700" lon="6.5196300">
    <ele>660</ele>
   </trkpt>
   <trkpt lat="45.7200700" lon="6.5194500">
    <ele>660</ele>
   </trkpt>
   <trkpt lat="45.7201600" lon="6.5170000">
    <ele>659</ele>
   </trkpt>
   <trkpt lat="45.7201499" lon="6.5166700">
    <ele>658</ele>
   </trkpt>
   <trkpt lat="45.7201200" lon="6.5163600">
    <ele>657</ele>
   </trkpt>
   <trkpt lat="45.7201000" lon="6.5162300">
    <ele>656</ele>
   </trkpt>
   <trkpt lat="45.7200700" lon="6.5160500">
    <ele>655</ele>
   </trkpt>
   <trkpt lat="45.7200300" lon="6.5158699">
    <ele>654</ele>
   </trkpt>
   <trkpt lat="45.7199100" lon="6.5154400">
    <ele>653</ele>
   </trkpt>
   <trkpt lat="45.7188500" lon="6.5121000">
    <ele>648</ele>
   </trkpt>
   <trkpt lat="45.7185800" lon="6.5112600">
    <ele>648</ele>
   </trkpt>
   <trkpt lat="45.7181000" lon="6.5097500">
    <ele>648</ele>
   </trkpt>
   <trkpt lat="45.7180200" lon="6.5094800">
    <ele>648</ele>
   </trkpt>
   <trkpt lat="45.7179500" lon="6.5091300">
    <ele>647</ele>
   </trkpt>
   <trkpt lat="45.7179200" lon="6.5088300">
    <ele>648</ele>
   </trkpt>
   <trkpt lat="45.7179100" lon="6.5086800">
    <ele>649</ele>
   </trkpt>
   <trkpt lat="45.7178900" lon="6.5080100">
    <ele>651</ele>
   </trkpt>
   <trkpt lat="45.7178800" lon="6.5078100">
    <ele>652</ele>
   </trkpt>
   <trkpt lat="45.7178400" lon="6.5075400">
    <ele>653</ele>
   </trkpt>
   <trkpt lat="45.7177700" lon="6.5072800">
    <ele>652</ele>
   </trkpt>
   <trkpt lat="45.7176800" lon="6.5070400">
    <ele>651</ele>
   </trkpt>
   <trkpt lat="45.7172399" lon="6.5060100">
    <ele>648</ele>
   </trkpt>
   <trkpt lat="45.7171400" lon="6.5057300">
    <ele>647</ele>
   </trkpt>
   <trkpt lat="45.7170900" lon="6.5055100">
    <ele>646</ele>
   </trkpt>
   <trkpt lat="45.7170300" lon="6.5051600">
    <ele>644</ele>
   </trkpt>
   <trkpt lat="45.7170200" lon="6.5048500">
    <ele>642</ele>
   </trkpt>
   <trkpt lat="45.7170300" lon="6.5047100">
    <ele>642</ele>
   </trkpt>
   <trkpt lat="45.7170599" lon="6.5045100">
    <ele>642</ele>
   </trkpt>
   <trkpt lat="45.7171200" lon="6.5041900">
    <ele>642</ele>
   </trkpt>
   <trkpt lat="45.7178900" lon="6.5011000">
    <ele>650</ele>
   </trkpt>
   <trkpt lat="45.7180300" lon="6.5005600">
    <ele>651</ele>
   </trkpt>
   <trkpt lat="45.7181200" lon="6.5002800">
    <ele>650</ele>
   </trkpt>
   <trkpt lat="45.7184000" lon="6.4995700">
    <ele>650</ele>
   </trkpt>
   <trkpt lat="45.7185000" lon="6.4992300">
    <ele>651</ele>
   </trkpt>
   <trkpt lat="45.7185599" lon="6.4990200">
    <ele>651</ele>
   </trkpt>
   <trkpt lat="45.7186000" lon="6.4987700">
    <ele>650</ele>
   </trkpt>
   <trkpt lat="45.7186200" lon="6.4986000">
    <ele>649</ele>
   </trkpt>
   <trkpt lat="45.7186700" lon="6.4981700">
    <ele>648</ele>
   </trkpt>
   <trkpt lat="45.7186700" lon="6.4980300">
    <ele>649</ele>
   </trkpt>
   <trkpt lat="45.7186600" lon="6.4977100">
    <ele>650</ele>
   </trkpt>
   <trkpt lat="45.7186100" lon="6.4971600">
    <ele>652</ele>
   </trkpt>
   <trkpt lat="45.7185700" lon="6.4966799">
    <ele>653</ele>
   </trkpt>
   <trkpt lat="45.7185700" lon="6.4965300">
    <ele>653</ele>
   </trkpt>
   <trkpt lat="45.7185700" lon="6.4963900">
    <ele>654</ele>
   </trkpt>
   <trkpt lat="45.7185800" lon="6.4962600">
    <ele>654</ele>
   </trkpt>
   <trkpt lat="45.7186000" lon="6.4961500">
    <ele>656</ele>
   </trkpt>
   <trkpt lat="45.7186300" lon="6.4960400">
    <ele>658</ele>
   </trkpt>
   <trkpt lat="45.7186600" lon="6.4959600">
    <ele>660</ele>
   </trkpt>
   <trkpt lat="45.7187900" lon="6.4956600">
    <ele>673</ele>
   </trkpt>
   <trkpt lat="45.7188000" lon="6.4956200">
    <ele>675</ele>
   </trkpt>
   <trkpt lat="45.7188000" lon="6.4955200">
    <ele>677</ele>
   </trkpt>
   <trkpt lat="45.7187700" lon="6.4954200">
    <ele>677</ele>
   </trkpt>
   <trkpt lat="45.7187500" lon="6.4953800">
    <ele>677</ele>
   </trkpt>
   <trkpt lat="45.7184000" lon="6.4949899">
    <ele>657</ele>
   </trkpt>
   <trkpt lat="45.7183000" lon="6.4948400">
    <ele>655</ele>
   </trkpt>
   <trkpt lat="45.7182200" lon="6.4946500">
    <ele>657</ele>
   </trkpt>
   <trkpt lat="45.7181799" lon="6.4945300">
    <ele>659</ele>
   </trkpt>
   <trkpt lat="45.7178500" lon="6.4934200">
    <ele>662</ele>
   </trkpt>
   <trkpt lat="45.7177900" lon="6.4931700">
    <ele>661</ele>
   </trkpt>
   <trkpt lat="45.7177700" lon="6.4930100">
    <ele>662</ele>
   </trkpt>
   <trkpt lat="45.7177800" lon="6.4928000">
    <ele>665</ele>
   </trkpt>
   <trkpt lat="45.7177900" lon="6.4925900">
    <ele>669</ele>
   </trkpt>
   <trkpt lat="45.7177800" lon="6.4925100">
    <ele>669</ele>
   </trkpt>
   <trkpt lat="45.7177400" lon="6.4923500">
    <ele>668</ele>
   </trkpt>
   <trkpt lat="45.7176600" lon="6.4921700">
    <ele>663</ele>
   </trkpt>
   <trkpt lat="45.7175400" lon="6.4919500">
    <ele>655</ele>
   </trkpt>
   <trkpt lat="45.7172700" lon="6.4914300">
    <ele>650</ele>
   </trkpt>
   <trkpt lat="45.7172100" lon="6.4912599">
    <ele>648</ele>
   </trkpt>
   <trkpt lat="45.7170700" lon="6.4908300">
    <ele>644</ele>
   </trkpt>
   <trkpt lat="45.7170300" lon="6.4906700">
    <ele>641</ele>
   </trkpt>
   <trkpt lat="45.7170100" lon="6.4904500">
    <ele>638</ele>
   </trkpt>
   <trkpt lat="45.7170200" lon="6.4902200">
    <ele>636</ele>
   </trkpt>
   <trkpt lat="45.7170400" lon="6.4901099">
    <ele>636</ele>
   </trkpt>
   <trkpt lat="45.7170800" lon="6.4899400">
    <ele>635</ele>
   </trkpt>
   <trkpt lat="45.7172600" lon="6.4893800">
    <ele>632</ele>
   </trkpt>
   <trkpt lat="45.7173000" lon="6.4891900">
    <ele>629</ele>
   </trkpt>
   <trkpt lat="45.7173400" lon="6.4889700">
    <ele>629</ele>
   </trkpt>
   <trkpt lat="45.7173900" lon="6.4881100">
    <ele>628</ele>
   </trkpt>
   <trkpt lat="45.7173800" lon="6.4878500">
    <ele>630</ele>
   </trkpt>
   <trkpt lat="45.7173400" lon="6.4876500">
    <ele>629</ele>
   </trkpt>
   <trkpt lat="45.7172900" lon="6.4875000">
    <ele>628</ele>
   </trkpt>
   <trkpt lat="45.7170500" lon="6.4870400">
    <ele>623</ele>
   </trkpt>
   <trkpt lat="45.7170100" lon="6.4869199">
    <ele>622</ele>
   </trkpt>
   <trkpt lat="45.7169900" lon="6.4867600">
    <ele>622</ele>
   </trkpt>
   <trkpt lat="45.7169700" lon="6.4862800">
    <ele>623</ele>
   </trkpt>
   <trkpt lat="45.7169500" lon="6.4861200">
    <ele>623</ele>
   </trkpt>
   <trkpt lat="45.7166900" lon="6.4847900">
    <ele>617</ele>
   </trkpt>
   <trkpt lat="45.7166500" lon="6.4845800">
    <ele>619</ele>
   </trkpt>
   <trkpt lat="45.7165800" lon="6.4843200">
    <ele>622</ele>
   </trkpt>
   <trkpt lat="45.7165500" lon="6.4842200">
    <ele>623</ele>
   </trkpt>
   <trkpt lat="45.7164400" lon="6.4840000">
    <ele>618</ele>
   </trkpt>
   <trkpt lat="45.7163700" lon="6.4839000">
    <ele>615</ele>
   </trkpt>
   <trkpt lat="45.7162900" lon="6.4837999">
    <ele>612</ele>
   </trkpt>
   <trkpt lat="45.7161600" lon="6.4836700">
    <ele>608</ele>
   </trkpt>
   <trkpt lat="45.7160200" lon="6.4835700">
    <ele>604</ele>
   </trkpt>
   <trkpt lat="45.7159400" lon="6.4835300">
    <ele>601</ele>
   </trkpt>
   <trkpt lat="45.7158400" lon="6.4834900">
    <ele>599</ele>
   </trkpt>
   <trkpt lat="45.7155200" lon="6.4833800">
    <ele>596</ele>
   </trkpt>
   <trkpt lat="45.7154000" lon="6.4833200">
    <ele>595</ele>
   </trkpt>
   <trkpt lat="45.7153100" lon="6.4832400">
    <ele>595</ele>
   </trkpt>
   <trkpt lat="45.7148700" lon="6.4825799">
    <ele>598</ele>
   </trkpt>
   <trkpt lat="45.7146300" lon="6.4822200">
    <ele>592</ele>
   </trkpt>
   <trkpt lat="45.7145000" lon="6.4820300">
    <ele>589</ele>
   </trkpt>
   <trkpt lat="45.7144300" lon="6.4818800">
    <ele>587</ele>
   </trkpt>
   <trkpt lat="45.7143900" lon="6.4817200">
    <ele>585</ele>
   </trkpt>
   <trkpt lat="45.7143700" lon="6.4816100">
    <ele>585</ele>
   </trkpt>
   <trkpt lat="45.7143700" lon="6.4815300">
    <ele>584</ele>
   </trkpt>
   <trkpt lat="45.7143800" lon="6.4814299">
    <ele>584</ele>
   </trkpt>
   <trkpt lat="45.7144400" lon="6.4812500">
    <ele>583</ele>
   </trkpt>
   <trkpt lat="45.7145500" lon="6.4810500">
    <ele>583</ele>
   </trkpt>
   <trkpt lat="45.7147000" lon="6.4808300">
    <ele>582</ele>
   </trkpt>
   <trkpt lat="45.7149000" lon="6.4805700">
    <ele>582</ele>
   </trkpt>
   <trkpt lat="45.7159000" lon="6.4790800">
    <ele>600</ele>
   </trkpt>
   <trkpt lat="45.7159900" lon="6.4789400">
    <ele>603</ele>
   </trkpt>
   <trkpt lat="45.7160500" lon="6.4788100">
    <ele>605</ele>
   </trkpt>
   <trkpt lat="45.7161400" lon="6.4785199">
    <ele>607</ele>
   </trkpt>
   <trkpt lat="45.7161700" lon="6.4783700">
    <ele>607</ele>
   </trkpt>
   <trkpt lat="45.7161800" lon="6.4782400">
    <ele>607</ele>
   </trkpt>
   <trkpt lat="45.7161800" lon="6.4781100">
    <ele>606</ele>
   </trkpt>
   <trkpt lat="45.7161800" lon="6.4779300">
    <ele>606</ele>
   </trkpt>
   <trkpt lat="45.7161600" lon="6.4777600">
    <ele>604</ele>
   </trkpt>
   <trkpt lat="45.7160400" lon="6.4771000">
    <ele>595</ele>
   </trkpt>
   <trkpt lat="45.7159199" lon="6.4763300">
    <ele>592</ele>
   </trkpt>
   <trkpt lat="45.7158900" lon="6.4761700">
    <ele>593</ele>
   </trkpt>
   <trkpt lat="45.7158000" lon="6.4759700">
    <ele>592</ele>
   </trkpt>
   <trkpt lat="45.7157300" lon="6.4758300">
    <ele>593</ele>
   </trkpt>
   <trkpt lat="45.7155300" lon="6.4756100">
    <ele>590</ele>
   </trkpt>
   <trkpt lat="45.7153900" lon="6.4754400">
    <ele>586</ele>
   </trkpt>
   <trkpt lat="45.7153300" lon="6.4753200">
    <ele>585</ele>
   </trkpt>
   <trkpt lat="45.7152800" lon="6.4751100">
    <ele>584</ele>
   </trkpt>
   <trkpt lat="45.7152600" lon="6.4749300">
    <ele>584</ele>
   </trkpt>
   <trkpt lat="45.7153100" lon="6.4742400">
    <ele>593</ele>
   </trkpt>
   <trkpt lat="45.7153100" lon="6.4740600">
    <ele>596</ele>
   </trkpt>
   <trkpt lat="45.7153000" lon="6.4738200">
    <ele>598</ele>
   </trkpt>
   <trkpt lat="45.7152800" lon="6.4737200">
    <ele>598</ele>
   </trkpt>
   <trkpt lat="45.7152400" lon="6.4735800">
    <ele>597</ele>
   </trkpt>
   <trkpt lat="45.7149600" lon="6.4728000">
    <ele>582</ele>
   </trkpt>
   <trkpt lat="45.7149000" lon="6.4725900">
    <ele>581</ele>
   </trkpt>
   <trkpt lat="45.7148700" lon="6.4723700">
    <ele>581</ele>
   </trkpt>
   <trkpt lat="45.7148400" lon="6.4718000">
    <ele>582</ele>
   </trkpt>
   <trkpt lat="45.7148300" lon="6.4715900">
    <ele>582</ele>
   </trkpt>
   <trkpt lat="45.7148400" lon="6.4714200">
    <ele>581</ele>
   </trkpt>
   <trkpt lat="45.7148700" lon="6.4712300">
    <ele>580</ele>
   </trkpt>
   <trkpt lat="45.7149000" lon="6.4710599">
    <ele>579</ele>
   </trkpt>
   <trkpt lat="45.7149600" lon="6.4708800">
    <ele>578</ele>
   </trkpt>
   <trkpt lat="45.7151500" lon="6.4704499">
    <ele>584</ele>
   </trkpt>
   <trkpt lat="45.7152699" lon="6.4701400">
    <ele>586</ele>
   </trkpt>
   <trkpt lat="45.7159199" lon="6.4681499">
    <ele>576</ele>
   </trkpt>
   <trkpt lat="45.7160100" lon="6.4679200">
    <ele>576</ele>
   </trkpt>
   <trkpt lat="45.7162099" lon="6.4675399">
    <ele>577</ele>
   </trkpt>
   <trkpt lat="45.7164300" lon="6.4671600">
    <ele>580</ele>
   </trkpt>
   <trkpt lat="45.7165200" lon="6.4670300">
    <ele>580</ele>
   </trkpt>
   <trkpt lat="45.7168500" lon="6.4666400">
    <ele>584</ele>
   </trkpt>
   <trkpt lat="45.7170000" lon="6.4664300">
    <ele>588</ele>
   </trkpt>
   <trkpt lat="45.7170900" lon="6.4662700">
    <ele>589</ele>
   </trkpt>
   <trkpt lat="45.7171800" lon="6.4660700">
    <ele>588</ele>
   </trkpt>
   <trkpt lat="45.7173299" lon="6.4656600">
    <ele>583</ele>
   </trkpt>
   <trkpt lat="45.7173900" lon="6.4654400">
    <ele>582</ele>
   </trkpt>
   <trkpt lat="45.7174100" lon="6.4653500">
    <ele>582</ele>
   </trkpt>
   <trkpt lat="45.7174200" lon="6.4651200">
    <ele>580</ele>
   </trkpt>
   <trkpt lat="45.7174100" lon="6.4650100">
    <ele>579</ele>
   </trkpt>
   <trkpt lat="45.7174000" lon="6.4648600">
    <ele>576</ele>
   </trkpt>
   <trkpt lat="45.7173299" lon="6.4645200">
    <ele>571</ele>
   </trkpt>
   <trkpt lat="45.7172000" lon="6.4640200">
    <ele>564</ele>
   </trkpt>
   <trkpt lat="45.7170599" lon="6.4635800">
    <ele>561</ele>
   </trkpt>
   <trkpt lat="45.7170000" lon="6.4633800">
    <ele>559</ele>
   </trkpt>
   <trkpt lat="45.7169100" lon="6.4629000">
    <ele>556</ele>
   </trkpt>
   <trkpt lat="45.7168000" lon="6.4619400">
    <ele>550</ele>
   </trkpt>
   <trkpt lat="45.7167500" lon="6.4614300">
    <ele>547</ele>
   </trkpt>
   <trkpt lat="45.7167400" lon="6.4611700">
    <ele>545</ele>
   </trkpt>
   <trkpt lat="45.7167200" lon="6.4604200">
    <ele>542</ele>
   </trkpt>
   <trkpt lat="45.7167300" lon="6.4602000">
    <ele>541</ele>
   </trkpt>
   <trkpt lat="45.7167600" lon="6.4600200">
    <ele>540</ele>
   </trkpt>
   <trkpt lat="45.7168200" lon="6.4598100">
    <ele>540</ele>
   </trkpt>
   <trkpt lat="45.7168599" lon="6.4597100">
    <ele>540</ele>
   </trkpt>
   <trkpt lat="45.7169400" lon="6.4595500">
    <ele>540</ele>
   </trkpt>
   <trkpt lat="45.7170100" lon="6.4594600">
    <ele>540</ele>
   </trkpt>
   <trkpt lat="45.7173500" lon="6.4590400">
    <ele>540</ele>
   </trkpt>
   <trkpt lat="45.7174000" lon="6.4590000">
    <ele>540</ele>
   </trkpt>
   <trkpt lat="45.7174400" lon="6.4589400">
    <ele>540</ele>
   </trkpt>
   <trkpt lat="45.7176500" lon="6.4585700">
    <ele>541</ele>
   </trkpt>
   <trkpt lat="45.7177099" lon="6.4585600">
    <ele>542</ele>
   </trkpt>
   <trkpt lat="45.7177500" lon="6.4585300">
    <ele>543</ele>
   </trkpt>
   <trkpt lat="45.7177700" lon="6.4584800">
    <ele>543</ele>
   </trkpt>
   <trkpt lat="45.7177800" lon="6.4584300">
    <ele>543</ele>
   </trkpt>
   <trkpt lat="45.7177800" lon="6.4583900">
    <ele>543</ele>
   </trkpt>
   <trkpt lat="45.7178400" lon="6.4582600">
    <ele>543</ele>
   </trkpt>
   <trkpt lat="45.7178900" lon="6.4581300">
    <ele>543</ele>
   </trkpt>
   <trkpt lat="45.7179400" lon="6.4579600">
    <ele>544</ele>
   </trkpt>
   <trkpt lat="45.7179800" lon="6.4577500">
    <ele>544</ele>
   </trkpt>
   <trkpt lat="45.7179800" lon="6.4576399">
    <ele>543</ele>
   </trkpt>
   <trkpt lat="45.7179800" lon="6.4576100">
    <ele>543</ele>
   </trkpt>
   <trkpt lat="45.7180000" lon="6.4574200">
    <ele>543</ele>
   </trkpt>
   <trkpt lat="45.7180000" lon="6.4573600">
    <ele>542</ele>
   </trkpt>
   <trkpt lat="45.7179800" lon="6.4570299">
    <ele>540</ele>
   </trkpt>
   <trkpt lat="45.7179700" lon="6.4568800">
    <ele>539</ele>
   </trkpt>
   <trkpt lat="45.7179600" lon="6.4568400">
    <ele>539</ele>
   </trkpt>
   <trkpt lat="45.7179400" lon="6.4567000">
    <ele>538</ele>
   </trkpt>
   <trkpt lat="45.7178700" lon="6.4561700">
    <ele>535</ele>
   </trkpt>
   <trkpt lat="45.7177700" lon="6.4554300">
    <ele>531</ele>
   </trkpt>
   <trkpt lat="45.7177500" lon="6.4551900">
    <ele>530</ele>
   </trkpt>
   <trkpt lat="45.7177500" lon="6.4550500">
    <ele>530</ele>
   </trkpt>
   <trkpt lat="45.7177500" lon="6.4549300">
    <ele>530</ele>
   </trkpt>
   <trkpt lat="45.7177800" lon="6.4545899">
    <ele>530</ele>
   </trkpt>
   <trkpt lat="45.7178400" lon="6.4542100">
    <ele>531</ele>
   </trkpt>
   <trkpt lat="45.7179400" lon="6.4536600">
    <ele>531</ele>
   </trkpt>
   <trkpt lat="45.7180300" lon="6.4531100">
    <ele>532</ele>
   </trkpt>
   <trkpt lat="45.7180400" lon="6.4530200">
    <ele>533</ele>
   </trkpt>
   <trkpt lat="45.7180600" lon="6.4526400">
    <ele>535</ele>
   </trkpt>
   <trkpt lat="45.7180400" lon="6.4523400">
    <ele>537</ele>
   </trkpt>
   <trkpt lat="45.7179600" lon="6.4517900">
    <ele>539</ele>
   </trkpt>
   <trkpt lat="45.7179300" lon="6.4515700">
    <ele>540</ele>
   </trkpt>
   <trkpt lat="45.7179100" lon="6.4513400">
    <ele>541</ele>
   </trkpt>
   <trkpt lat="45.7179100" lon="6.4511700">
    <ele>543</ele>
   </trkpt>
   <trkpt lat="45.7179200" lon="6.4510200">
    <ele>544</ele>
   </trkpt>
   <trkpt lat="45.7179400" lon="6.4508700">
    <ele>545</ele>
   </trkpt>
   <trkpt lat="45.7179900" lon="6.4506300">
    <ele>546</ele>
   </trkpt>
   <trkpt lat="45.7180700" lon="6.4503400">
    <ele>546</ele>
   </trkpt>
   <trkpt lat="45.7181100" lon="6.4501400">
    <ele>546</ele>
   </trkpt>
   <trkpt lat="45.7182000" lon="6.4494200">
    <ele>539</ele>
   </trkpt>
   <trkpt lat="45.7182600" lon="6.4490900">
    <ele>536</ele>
   </trkpt>
   <trkpt lat="45.7183800" lon="6.4485900">
    <ele>538</ele>
   </trkpt>
   <trkpt lat="45.7184000" lon="6.4484700">
    <ele>539</ele>
   </trkpt>
   <trkpt lat="45.7184100" lon="6.4482600">
    <ele>542</ele>
   </trkpt>
   <trkpt lat="45.7184000" lon="6.4481100">
    <ele>545</ele>
   </trkpt>
   <trkpt lat="45.7183400" lon="6.4479400">
    <ele>544</ele>
   </trkpt>
   <trkpt lat="45.7182699" lon="6.4478000">
    <ele>546</ele>
   </trkpt>
   <trkpt lat="45.7182200" lon="6.4477399">
    <ele>546</ele>
   </trkpt>
   <trkpt lat="45.7181600" lon="6.4476900">
    <ele>545</ele>
   </trkpt>
   <trkpt lat="45.7179500" lon="6.4475800">
    <ele>541</ele>
   </trkpt>
   <trkpt lat="45.7176600" lon="6.4473100">
    <ele>539</ele>
   </trkpt>
   <trkpt lat="45.7173200" lon="6.4471200">
    <ele>535</ele>
   </trkpt>
   <trkpt lat="45.7171700" lon="6.4470100">
    <ele>534</ele>
   </trkpt>
   <trkpt lat="45.7170599" lon="6.4469100">
    <ele>533</ele>
   </trkpt>
   <trkpt lat="45.7169700" lon="6.4468000">
    <ele>532</ele>
   </trkpt>
   <trkpt lat="45.7168400" lon="6.4466100">
    <ele>531</ele>
   </trkpt>
   <trkpt lat="45.7159100" lon="6.4450500">
    <ele>532</ele>
   </trkpt>
   <trkpt lat="45.7157200" lon="6.4447400">
    <ele>534</ele>
   </trkpt>
   <trkpt lat="45.7156000" lon="6.4445800">
    <ele>535</ele>
   </trkpt>
   <trkpt lat="45.7154500" lon="6.4444000">
    <ele>536</ele>
   </trkpt>
   <trkpt lat="45.7153700" lon="6.4443300">
    <ele>535</ele>
   </trkpt>
   <trkpt lat="45.7152500" lon="6.4442300">
    <ele>534</ele>
   </trkpt>
   <trkpt lat="45.7151300" lon="6.4441499">
    <ele>532</ele>
   </trkpt>
   <trkpt lat="45.7148300" lon="6.4439800">
    <ele>529</ele>
   </trkpt>
   <trkpt lat="45.7144199" lon="6.4438200">
    <ele>527</ele>
   </trkpt>
   <trkpt lat="45.7143299" lon="6.4437800">
    <ele>526</ele>
   </trkpt>
   <trkpt lat="45.7142200" lon="6.4436800">
    <ele>525</ele>
   </trkpt>
   <trkpt lat="45.7141600" lon="6.4436099">
    <ele>526</ele>
   </trkpt>
   <trkpt lat="45.7139499" lon="6.4432900">
    <ele>531</ele>
   </trkpt>
   <trkpt lat="45.7138700" lon="6.4431500">
    <ele>532</ele>
   </trkpt>
   <trkpt lat="45.7138400" lon="6.4430600">
    <ele>532</ele>
   </trkpt>
   <trkpt lat="45.7138100" lon="6.4429100">
    <ele>531</ele>
   </trkpt>
   <trkpt lat="45.7138000" lon="6.4428200">
    <ele>531</ele>
   </trkpt>
   <trkpt lat="45.7138100" lon="6.4424700">
    <ele>530</ele>
   </trkpt>
   <trkpt lat="45.7138000" lon="6.4422200">
    <ele>532</ele>
   </trkpt>
   <trkpt lat="45.7137300" lon="6.4417099">
    <ele>536</ele>
   </trkpt>
   <trkpt lat="45.7136500" lon="6.4414500">
    <ele>543</ele>
   </trkpt>
   <trkpt lat="45.7135100" lon="6.4411900">
    <ele>547</ele>
   </trkpt>
   <trkpt lat="45.7130200" lon="6.4405400">
    <ele>550</ele>
   </trkpt>
   <trkpt lat="45.7126700" lon="6.4401000">
    <ele>544</ele>
   </trkpt>
   <trkpt lat="45.7124200" lon="6.4397200">
    <ele>545</ele>
   </trkpt>
   <trkpt lat="45.7120300" lon="6.4393000">
    <ele>542</ele>
   </trkpt>
   <trkpt lat="45.7115900" lon="6.4390500">
    <ele>529</ele>
   </trkpt>
   <trkpt lat="45.7112300" lon="6.4386599">
    <ele>535</ele>
   </trkpt>
   <trkpt lat="45.7110399" lon="6.4382400">
    <ele>534</ele>
   </trkpt>
   <trkpt lat="45.7108500" lon="6.4379099">
    <ele>540</ele>
   </trkpt>
   <trkpt lat="45.7105500" lon="6.4376600">
    <ele>538</ele>
   </trkpt>
   <trkpt lat="45.7102200" lon="6.4371800">
    <ele>538</ele>
   </trkpt>
   <trkpt lat="45.7098299" lon="6.4366100">
    <ele>544</ele>
   </trkpt>
   <trkpt lat="45.7095500" lon="6.4363700">
    <ele>541</ele>
   </trkpt>
   <trkpt lat="45.7092400" lon="6.4360300">
    <ele>536</ele>
   </trkpt>
   <trkpt lat="45.7088200" lon="6.4357500">
    <ele>533</ele>
   </trkpt>
   <trkpt lat="45.7083800" lon="6.4352200">
    <ele>533</ele>
   </trkpt>
   <trkpt lat="45.7082000" lon="6.4348500">
    <ele>540</ele>
   </trkpt>
   <trkpt lat="45.7080300" lon="6.4346600">
    <ele>544</ele>
   </trkpt>
   <trkpt lat="45.7077699" lon="6.4345600">
    <ele>538</ele>
   </trkpt>
   <trkpt lat="45.7075900" lon="6.4344000">
    <ele>537</ele>
   </trkpt>
   <trkpt lat="45.7075500" lon="6.4343800">
    <ele>536</ele>
   </trkpt>
   <trkpt lat="45.7074900" lon="6.4343500">
    <ele>534</ele>
   </trkpt>
   <trkpt lat="45.7073200" lon="6.4342600">
    <ele>534</ele>
   </trkpt>
   <trkpt lat="45.7071200" lon="6.4341799">
    <ele>530</ele>
   </trkpt>
   <trkpt lat="45.7065700" lon="6.4336200">
    <ele>523</ele>
   </trkpt>
   <trkpt lat="45.7063599" lon="6.4333700">
    <ele>522</ele>
   </trkpt>
   <trkpt lat="45.7062700" lon="6.4332100">
    <ele>523</ele>
   </trkpt>
   <trkpt lat="45.7061900" lon="6.4330400">
    <ele>523</ele>
   </trkpt>
   <trkpt lat="45.7060500" lon="6.4326600">
    <ele>521</ele>
   </trkpt>
   <trkpt lat="45.7059900" lon="6.4325500">
    <ele>519</ele>
   </trkpt>
   <trkpt lat="45.7054300" lon="6.4318799">
    <ele>515</ele>
   </trkpt>
   <trkpt lat="45.7051700" lon="6.4313100">
    <ele>513</ele>
   </trkpt>
   <trkpt lat="45.7050900" lon="6.4311700">
    <ele>513</ele>
   </trkpt>
   <trkpt lat="45.7050200" lon="6.4310700">
    <ele>512</ele>
   </trkpt>
   <trkpt lat="45.7049600" lon="6.4310200">
    <ele>512</ele>
   </trkpt>
   <trkpt lat="45.7044799" lon="6.4307200">
    <ele>512</ele>
   </trkpt>
   <trkpt lat="45.7040300" lon="6.4305300">
    <ele>509</ele>
   </trkpt>
   <trkpt lat="45.7039600" lon="6.4305300">
    <ele>509</ele>
   </trkpt>
   <trkpt lat="45.7038800" lon="6.4305400">
    <ele>508</ele>
   </trkpt>
   <trkpt lat="45.7037700" lon="6.4306300">
    <ele>507</ele>
   </trkpt>
   <trkpt lat="45.7035700" lon="6.4309700">
    <ele>509</ele>
   </trkpt>
   <trkpt lat="45.7035500" lon="6.4309900">
    <ele>510</ele>
   </trkpt>
   <trkpt lat="45.7035200" lon="6.4310000">
    <ele>510</ele>
   </trkpt>
   <trkpt lat="45.7034499" lon="6.4310100">
    <ele>511</ele>
   </trkpt>
   <trkpt lat="45.7033200" lon="6.4309600">
    <ele>509</ele>
   </trkpt>
   <trkpt lat="45.7031300" lon="6.4308500">
    <ele>508</ele>
   </trkpt>
   <trkpt lat="45.7027200" lon="6.4305500">
    <ele>510</ele>
   </trkpt>
   <trkpt lat="45.7022000" lon="6.4300700">
    <ele>512</ele>
   </trkpt>
   <trkpt lat="45.7017800" lon="6.4294000">
    <ele>508</ele>
   </trkpt>
   <trkpt lat="45.7015400" lon="6.4291900">
    <ele>506</ele>
   </trkpt>
   <trkpt lat="45.7012100" lon="6.4290900">
    <ele>510</ele>
   </trkpt>
   <trkpt lat="45.7010000" lon="6.4289800">
    <ele>510</ele>
   </trkpt>
   <trkpt lat="45.7008200" lon="6.4286600">
    <ele>503</ele>
   </trkpt>
   <trkpt lat="45.7006900" lon="6.4285500">
    <ele>502</ele>
   </trkpt>
   <trkpt lat="45.7004800" lon="6.4285200">
    <ele>504</ele>
   </trkpt>
   <trkpt lat="45.7002300" lon="6.4286300">
    <ele>511</ele>
   </trkpt>
   <trkpt lat="45.7001000" lon="6.4286199">
    <ele>513</ele>
   </trkpt>
   <trkpt lat="45.6997100" lon="6.4283500">
    <ele>512</ele>
   </trkpt>
   <trkpt lat="45.6993099" lon="6.4280400">
    <ele>509</ele>
   </trkpt>
   <trkpt lat="45.6986599" lon="6.4275600">
    <ele>507</ele>
   </trkpt>
   <trkpt lat="45.6985800" lon="6.4274900">
    <ele>507</ele>
   </trkpt>
   <trkpt lat="45.6983400" lon="6.4273100">
    <ele>507</ele>
   </trkpt>
   <trkpt lat="45.6982700" lon="6.4272600">
    <ele>508</ele>
   </trkpt>
   <trkpt lat="45.6980600" lon="6.4271800">
    <ele>511</ele>
   </trkpt>
   <trkpt lat="45.6979700" lon="6.4271300">
    <ele>512</ele>
   </trkpt>
   <trkpt lat="45.6978900" lon="6.4270500">
    <ele>511</ele>
   </trkpt>
   <trkpt lat="45.6978700" lon="6.4270100">
    <ele>510</ele>
   </trkpt>
   <trkpt lat="45.6977800" lon="6.4268700">
    <ele>508</ele>
   </trkpt>
   <trkpt lat="45.6977199" lon="6.4267700">
    <ele>505</ele>
   </trkpt>
   <trkpt lat="45.6976700" lon="6.4267400">
    <ele>506</ele>
   </trkpt>
   <trkpt lat="45.6975900" lon="6.4267200">
    <ele>507</ele>
   </trkpt>
   <trkpt lat="45.6975200" lon="6.4267100">
    <ele>508</ele>
   </trkpt>
   <trkpt lat="45.6974400" lon="6.4267400">
    <ele>511</ele>
   </trkpt>
   <trkpt lat="45.6973300" lon="6.4268000">
    <ele>517</ele>
   </trkpt>
   <trkpt lat="45.6972400" lon="6.4268200">
    <ele>520</ele>
   </trkpt>
   <trkpt lat="45.6971800" lon="6.4268200">
    <ele>521</ele>
   </trkpt>
   <trkpt lat="45.6970600" lon="6.4267300">
    <ele>521</ele>
   </trkpt>
   <trkpt lat="45.6969700" lon="6.4266400">
    <ele>519</ele>
   </trkpt>
   <trkpt lat="45.6969000" lon="6.4266100">
    <ele>520</ele>
   </trkpt>
   <trkpt lat="45.6967000" lon="6.4266100">
    <ele>525</ele>
   </trkpt>
   <trkpt lat="45.6965900" lon="6.4265900">
    <ele>529</ele>
   </trkpt>
   <trkpt lat="45.6964600" lon="6.4265100">
    <ele>532</ele>
   </trkpt>
   <trkpt lat="45.6963099" lon="6.4263800">
    <ele>534</ele>
   </trkpt>
   <trkpt lat="45.6961900" lon="6.4262200">
    <ele>534</ele>
   </trkpt>
   <trkpt lat="45.6960900" lon="6.4260100">
    <ele>531</ele>
   </trkpt>
   <trkpt lat="45.6960800" lon="6.4258200">
    <ele>524</ele>
   </trkpt>
   <trkpt lat="45.6960700" lon="6.4257300">
    <ele>521</ele>
   </trkpt>
   <trkpt lat="45.6960100" lon="6.4256600">
    <ele>521</ele>
   </trkpt>
   <trkpt lat="45.6959300" lon="6.4256000">
    <ele>522</ele>
   </trkpt>
   <trkpt lat="45.6957900" lon="6.4255300">
    <ele>526</ele>
   </trkpt>
   <trkpt lat="45.6957000" lon="6.4254300">
    <ele>526</ele>
   </trkpt>
   <trkpt lat="45.6956599" lon="6.4253500">
    <ele>525</ele>
   </trkpt>
   <trkpt lat="45.6955600" lon="6.4250700">
    <ele>518</ele>
   </trkpt>
   <trkpt lat="45.6954900" lon="6.4249800">
    <ele>517</ele>
   </trkpt>
   <trkpt lat="45.6953500" lon="6.4248400">
    <ele>518</ele>
   </trkpt>
   <trkpt lat="45.6952000" lon="6.4247400">
    <ele>520</ele>
   </trkpt>
   <trkpt lat="45.6951100" lon="6.4247300">
    <ele>524</ele>
   </trkpt>
   <trkpt lat="45.6949100" lon="6.4246500">
    <ele>529</ele>
   </trkpt>
   <trkpt lat="45.6946200" lon="6.4245700">
    <ele>539</ele>
   </trkpt>
   <trkpt lat="45.6945600" lon="6.4245400">
    <ele>540</ele>
   </trkpt>
   <trkpt lat="45.6945200" lon="6.4244899">
    <ele>540</ele>
   </trkpt>
   <trkpt lat="45.6944500" lon="6.4244000">
    <ele>539</ele>
   </trkpt>
   <trkpt lat="45.6936500" lon="6.4231999">
    <ele>536</ele>
   </trkpt>
   <trkpt lat="45.6935400" lon="6.4229600">
    <ele>533</ele>
   </trkpt>
   <trkpt lat="45.6934500" lon="6.4227000">
    <ele>529</ele>
   </trkpt>
   <trkpt lat="45.6933700" lon="6.4225100">
    <ele>525</ele>
   </trkpt>
   <trkpt lat="45.6932900" lon="6.4223700">
    <ele>525</ele>
   </trkpt>
   <trkpt lat="45.6931600" lon="6.4221400">
    <ele>524</ele>
   </trkpt>
   <trkpt lat="45.6927700" lon="6.4216100">
    <ele>525</ele>
   </trkpt>
   <trkpt lat="45.6926500" lon="6.4214200">
    <ele>521</ele>
   </trkpt>
   <trkpt lat="45.6925600" lon="6.4213600">
    <ele>522</ele>
   </trkpt>
   <trkpt lat="45.6923200" lon="6.4213300">
    <ele>526</ele>
   </trkpt>
   <trkpt lat="45.6921600" lon="6.4212500">
    <ele>526</ele>
   </trkpt>
   <trkpt lat="45.6920300" lon="6.4211600">
    <ele>526</ele>
   </trkpt>
   <trkpt lat="45.6919400" lon="6.4211300">
    <ele>527</ele>
   </trkpt>
   <trkpt lat="45.6917900" lon="6.4211400">
    <ele>531</ele>
   </trkpt>
   <trkpt lat="45.6916600" lon="6.4211700">
    <ele>536</ele>
   </trkpt>
   <trkpt lat="45.6916100" lon="6.4211700">
    <ele>537</ele>
   </trkpt>
   <trkpt lat="45.6915400" lon="6.4211400">
    <ele>539</ele>
   </trkpt>
   <trkpt lat="45.6915000" lon="6.4211100">
    <ele>540</ele>
   </trkpt>
   <trkpt lat="45.6914500" lon="6.4210200">
    <ele>539</ele>
   </trkpt>
   <trkpt lat="45.6914100" lon="6.4208500">
    <ele>535</ele>
   </trkpt>
   <trkpt lat="45.6913800" lon="6.4206800">
    <ele>528</ele>
   </trkpt>
   <trkpt lat="45.6913300" lon="6.4205900">
    <ele>525</ele>
   </trkpt>
   <trkpt lat="45.6912300" lon="6.4204800">
    <ele>524</ele>
   </trkpt>
   <trkpt lat="45.6910200" lon="6.4203200">
    <ele>525</ele>
   </trkpt>
   <trkpt lat="45.6909800" lon="6.4202800">
    <ele>525</ele>
   </trkpt>
   <trkpt lat="45.6908500" lon="6.4200900">
    <ele>522</ele>
   </trkpt>
   <trkpt lat="45.6907700" lon="6.4200200">
    <ele>523</ele>
   </trkpt>
   <trkpt lat="45.6904899" lon="6.4199100">
    <ele>530</ele>
   </trkpt>
   <trkpt lat="45.6903700" lon="6.4198300">
    <ele>532</ele>
   </trkpt>
   <trkpt lat="45.6899500" lon="6.4196500">
    <ele>543</ele>
   </trkpt>
   <trkpt lat="45.6897800" lon="6.4195300">
    <ele>546</ele>
   </trkpt>
   <trkpt lat="45.6896300" lon="6.4192900">
    <ele>545</ele>
   </trkpt>
   <trkpt lat="45.6894599" lon="6.4186100">
    <ele>538</ele>
   </trkpt>
   <trkpt lat="45.6894000" lon="6.4182200">
    <ele>534</ele>
   </trkpt>
   <trkpt lat="45.6894200" lon="6.4179300">
    <ele>529</ele>
   </trkpt>
   <trkpt lat="45.6894400" lon="6.4177000">
    <ele>526</ele>
   </trkpt>
   <trkpt lat="45.6894000" lon="6.4173600">
    <ele>523</ele>
   </trkpt>
   <trkpt lat="45.6892600" lon="6.4167500">
    <ele>518</ele>
   </trkpt>
   <trkpt lat="45.6891500" lon="6.4163900">
    <ele>517</ele>
   </trkpt>
   <trkpt lat="45.6891100" lon="6.4162200">
    <ele>516</ele>
   </trkpt>
   <trkpt lat="45.6891100" lon="6.4160400">
    <ele>513</ele>
   </trkpt>
   <trkpt lat="45.6891500" lon="6.4159000">
    <ele>510</ele>
   </trkpt>
   <trkpt lat="45.6892000" lon="6.4158000">
    <ele>508</ele>
   </trkpt>
   <trkpt lat="45.6893800" lon="6.4155800">
    <ele>502</ele>
   </trkpt>
   <trkpt lat="45.6894400" lon="6.4154600">
    <ele>501</ele>
   </trkpt>
   <trkpt lat="45.6894599" lon="6.4153399">
    <ele>500</ele>
   </trkpt>
   <trkpt lat="45.6895000" lon="6.4146900">
    <ele>499</ele>
   </trkpt>
   <trkpt lat="45.6896200" lon="6.4142300">
    <ele>497</ele>
   </trkpt>
   <trkpt lat="45.6897100" lon="6.4140300">
    <ele>496</ele>
   </trkpt>
   <trkpt lat="45.6898700" lon="6.4137400">
    <ele>494</ele>
   </trkpt>
   <trkpt lat="45.6898800" lon="6.4137200">
    <ele>494</ele>
   </trkpt>
   <trkpt lat="45.6899700" lon="6.4135700">
    <ele>493</ele>
   </trkpt>
   <trkpt lat="45.6900500" lon="6.4133699">
    <ele>492</ele>
   </trkpt>
   <trkpt lat="45.6900700" lon="6.4131600">
    <ele>490</ele>
   </trkpt>
   <trkpt lat="45.6902199" lon="6.4125300">
    <ele>484</ele>
   </trkpt>
   <trkpt lat="45.6902400" lon="6.4123700">
    <ele>482</ele>
   </trkpt>
   <trkpt lat="45.6902300" lon="6.4122500">
    <ele>482</ele>
   </trkpt>
   <trkpt lat="45.6902100" lon="6.4121400">
    <ele>482</ele>
   </trkpt>
   <trkpt lat="45.6901400" lon="6.4119600">
    <ele>483</ele>
   </trkpt>
   <trkpt lat="45.6900500" lon="6.4118200">
    <ele>485</ele>
   </trkpt>
   <trkpt lat="45.6898300" lon="6.4115700">
    <ele>486</ele>
   </trkpt>
   <trkpt lat="45.6898000" lon="6.4115000">
    <ele>485</ele>
   </trkpt>
   <trkpt lat="45.6897800" lon="6.4113700">
    <ele>484</ele>
   </trkpt>
   <trkpt lat="45.6897800" lon="6.4112900">
    <ele>484</ele>
   </trkpt>
   <trkpt lat="45.6898200" lon="6.4111200">
    <ele>482</ele>
   </trkpt>
   <trkpt lat="45.6899600" lon="6.4107800">
    <ele>479</ele>
   </trkpt>
   <trkpt lat="45.6900000" lon="6.4106700">
    <ele>478</ele>
   </trkpt>
   <trkpt lat="45.6900300" lon="6.4105299">
    <ele>477</ele>
   </trkpt>
   <trkpt lat="45.6900400" lon="6.4103700">
    <ele>476</ele>
   </trkpt>
   <trkpt lat="45.6900600" lon="6.4099400">
    <ele>475</ele>
   </trkpt>
   <trkpt lat="45.6900800" lon="6.4098400">
    <ele>474</ele>
   </trkpt>
   <trkpt lat="45.6901300" lon="6.4097099">
    <ele>473</ele>
   </trkpt>
   <trkpt lat="45.6902000" lon="6.4096399">
    <ele>472</ele>
   </trkpt>
   <trkpt lat="45.6902900" lon="6.4095600">
    <ele>471</ele>
   </trkpt>
   <trkpt lat="45.6903999" lon="6.4095100">
    <ele>469</ele>
   </trkpt>
   <trkpt lat="45.6907000" lon="6.4093900">
    <ele>466</ele>
   </trkpt>
   <trkpt lat="45.6907600" lon="6.4093500">
    <ele>465</ele>
   </trkpt>
   <trkpt lat="45.6908100" lon="6.4093000">
    <ele>464</ele>
   </trkpt>
   <trkpt lat="45.6908500" lon="6.4092300">
    <ele>463</ele>
   </trkpt>
   <trkpt lat="45.6908900" lon="6.4091300">
    <ele>462</ele>
   </trkpt>
   <trkpt lat="45.6909100" lon="6.4090100">
    <ele>460</ele>
   </trkpt>
   <trkpt lat="45.6909000" lon="6.4089300">
    <ele>459</ele>
   </trkpt>
   <trkpt lat="45.6908900" lon="6.4088500">
    <ele>458</ele>
   </trkpt>
   <trkpt lat="45.6908600" lon="6.4087900">
    <ele>458</ele>
   </trkpt>
   <trkpt lat="45.6908100" lon="6.4087200">
    <ele>458</ele>
   </trkpt>
   <trkpt lat="45.6907400" lon="6.4086400">
    <ele>458</ele>
   </trkpt>
   <trkpt lat="45.6902600" lon="6.4082100">
    <ele>459</ele>
   </trkpt>
   <trkpt lat="45.6901400" lon="6.4079700">
    <ele>459</ele>
   </trkpt>
   <trkpt lat="45.6901100" lon="6.4078700">
    <ele>459</ele>
   </trkpt>
   <trkpt lat="45.6900700" lon="6.4076400">
    <ele>457</ele>
   </trkpt>
   <trkpt lat="45.6900800" lon="6.4073800">
    <ele>455</ele>
   </trkpt>
   <trkpt lat="45.6901000" lon="6.4072600">
    <ele>455</ele>
   </trkpt>
   <trkpt lat="45.6901500" lon="6.4071100">
    <ele>453</ele>
   </trkpt>
   <trkpt lat="45.6902300" lon="6.4069400">
    <ele>452</ele>
   </trkpt>
   <trkpt lat="45.6903099" lon="6.4067800">
    <ele>450</ele>
   </trkpt>
   <trkpt lat="45.6903300" lon="6.4066400">
    <ele>449</ele>
   </trkpt>
   <trkpt lat="45.6903200" lon="6.4065500">
    <ele>448</ele>
   </trkpt>
   <trkpt lat="45.6903000" lon="6.4064500">
    <ele>447</ele>
   </trkpt>
   <trkpt lat="45.6902700" lon="6.4063600">
    <ele>446</ele>
   </trkpt>
   <trkpt lat="45.6902400" lon="6.4063100">
    <ele>446</ele>
   </trkpt>
   <trkpt lat="45.6901400" lon="6.4062100">
    <ele>446</ele>
   </trkpt>
   <trkpt lat="45.6898900" lon="6.4060200">
    <ele>445</ele>
   </trkpt>
   <trkpt lat="45.6896600" lon="6.4058800">
    <ele>442</ele>
   </trkpt>
   <trkpt lat="45.6895400" lon="6.4058600">
    <ele>442</ele>
   </trkpt>
   <trkpt lat="45.6894400" lon="6.4058900">
    <ele>442</ele>
   </trkpt>
   <trkpt lat="45.6891400" lon="6.4060700">
    <ele>445</ele>
   </trkpt>
   <trkpt lat="45.6890700" lon="6.4060600">
    <ele>446</ele>
   </trkpt>
   <trkpt lat="45.6889700" lon="6.4060300">
    <ele>447</ele>
   </trkpt>
   <trkpt lat="45.6888900" lon="6.4059600">
    <ele>447</ele>
   </trkpt>
   <trkpt lat="45.6888300" lon="6.4058500">
    <ele>446</ele>
   </trkpt>
   <trkpt lat="45.6887300" lon="6.4055200">
    <ele>441</ele>
   </trkpt>
   <trkpt lat="45.6886900" lon="6.4053500">
    <ele>438</ele>
   </trkpt>
   <trkpt lat="45.6886400" lon="6.4052300">
    <ele>436</ele>
   </trkpt>
   <trkpt lat="45.6885900" lon="6.4051600">
    <ele>435</ele>
   </trkpt>
   <trkpt lat="45.6885400" lon="6.4051100">
    <ele>435</ele>
   </trkpt>
   <trkpt lat="45.6884600" lon="6.4050600">
    <ele>435</ele>
   </trkpt>
   <trkpt lat="45.6883300" lon="6.4050600">
    <ele>436</ele>
   </trkpt>
   <trkpt lat="45.6881300" lon="6.4050900">
    <ele>439</ele>
   </trkpt>
   <trkpt lat="45.6880200" lon="6.4050500">
    <ele>439</ele>
   </trkpt>
   <trkpt lat="45.6879599" lon="6.4050000">
    <ele>439</ele>
   </trkpt>
   <trkpt lat="45.6878699" lon="6.4048600">
    <ele>437</ele>
   </trkpt>
   <trkpt lat="45.6877799" lon="6.4045600">
    <ele>433</ele>
   </trkpt>
   <trkpt lat="45.6877300" lon="6.4044600">
    <ele>432</ele>
   </trkpt>
   <trkpt lat="45.6876200" lon="6.4043200">
    <ele>430</ele>
   </trkpt>
   <trkpt lat="45.6875000" lon="6.4042300">
    <ele>430</ele>
   </trkpt>
   <trkpt lat="45.6872300" lon="6.4041100">
    <ele>431</ele>
   </trkpt>
   <trkpt lat="45.6871400" lon="6.4040500">
    <ele>431</ele>
   </trkpt>
   <trkpt lat="45.6870500" lon="6.4039700">
    <ele>431</ele>
   </trkpt>
   <trkpt lat="45.6867900" lon="6.4036799">
    <ele>430</ele>
   </trkpt>
   <trkpt lat="45.6867600" lon="6.4036500">
    <ele>430</ele>
   </trkpt>
   <trkpt lat="45.6867400" lon="6.4036099">
    <ele>430</ele>
   </trkpt>
   <trkpt lat="45.6867100" lon="6.4035300">
    <ele>429</ele>
   </trkpt>
   <trkpt lat="45.6866700" lon="6.4033700">
    <ele>428</ele>
   </trkpt>
   <trkpt lat="45.6866100" lon="6.4027800">
    <ele>421</ele>
   </trkpt>
   <trkpt lat="45.6865900" lon="6.4026900">
    <ele>421</ele>
   </trkpt>
   <trkpt lat="45.6865700" lon="6.4026300">
    <ele>420</ele>
   </trkpt>
   <trkpt lat="45.6863100" lon="6.4021500">
    <ele>416</ele>
   </trkpt>
   <trkpt lat="45.6862600" lon="6.4020200">
    <ele>414</ele>
   </trkpt>
   <trkpt lat="45.6861500" lon="6.4016000">
    <ele>407</ele>
   </trkpt>
   <trkpt lat="45.6861100" lon="6.4015100">
    <ele>405</ele>
   </trkpt>
   <trkpt lat="45.6860500" lon="6.4014200">
    <ele>404</ele>
   </trkpt>
   <trkpt lat="45.6860000" lon="6.4013600">
    <ele>403</ele>
   </trkpt>
   <trkpt lat="45.6859300" lon="6.4012900">
    <ele>403</ele>
   </trkpt>
   <trkpt lat="45.6858099" lon="6.4012000">
    <ele>403</ele>
   </trkpt>
   <trkpt lat="45.6856800" lon="6.4011300">
    <ele>405</ele>
   </trkpt>
   <trkpt lat="45.6855300" lon="6.4010700">
    <ele>407</ele>
   </trkpt>
   <trkpt lat="45.6852900" lon="6.4009500">
    <ele>409</ele>
   </trkpt>
   <trkpt lat="45.6850000" lon="6.4006999">
    <ele>407</ele>
   </trkpt>
   <trkpt lat="45.6849100" lon="6.4006400">
    <ele>407</ele>
   </trkpt>
   <trkpt lat="45.6847400" lon="6.4005700">
    <ele>408</ele>
   </trkpt>
   <trkpt lat="45.6846400" lon="6.4005000">
    <ele>408</ele>
   </trkpt>
   <trkpt lat="45.6845100" lon="6.4003700">
    <ele>407</ele>
   </trkpt>
   <trkpt lat="45.6843800" lon="6.4002200">
    <ele>405</ele>
   </trkpt>
   <trkpt lat="45.6842700" lon="6.4001100">
    <ele>404</ele>
   </trkpt>
   <trkpt lat="45.6838100" lon="6.3997700">
    <ele>408</ele>
   </trkpt>
   <trkpt lat="45.6836800" lon="6.3996400">
    <ele>407</ele>
   </trkpt>
   <trkpt lat="45.6835200" lon="6.3994300">
    <ele>405</ele>
   </trkpt>
   <trkpt lat="45.6834500" lon="6.3993200">
    <ele>404</ele>
   </trkpt>
   <trkpt lat="45.6833000" lon="6.3990100">
    <ele>398</ele>
   </trkpt>
   <trkpt lat="45.6831699" lon="6.3988100">
    <ele>393</ele>
   </trkpt>
   <trkpt lat="45.6831000" lon="6.3987100">
    <ele>391</ele>
   </trkpt>
   <trkpt lat="45.6830100" lon="6.3986300">
    <ele>390</ele>
   </trkpt>
   <trkpt lat="45.6828800" lon="6.3985500">
    <ele>390</ele>
   </trkpt>
   <trkpt lat="45.6827500" lon="6.3984800">
    <ele>390</ele>
   </trkpt>
   <trkpt lat="45.6823000" lon="6.3983300">
    <ele>395</ele>
   </trkpt>
   <trkpt lat="45.6820400" lon="6.3982200">
    <ele>397</ele>
   </trkpt>
   <trkpt lat="45.6818500" lon="6.3980900">
    <ele>396</ele>
   </trkpt>
   <trkpt lat="45.6816900" lon="6.3979500">
    <ele>392</ele>
   </trkpt>
   <trkpt lat="45.6814899" lon="6.3978300">
    <ele>389</ele>
   </trkpt>
   <trkpt lat="45.6813900" lon="6.3977900">
    <ele>389</ele>
   </trkpt>
   <trkpt lat="45.6804200" lon="6.3974399">
    <ele>386</ele>
   </trkpt>
   <trkpt lat="45.6800400" lon="6.3973699">
    <ele>386</ele>
   </trkpt>
   <trkpt lat="45.6799800" lon="6.3973500">
    <ele>386</ele>
   </trkpt>
   <trkpt lat="45.6798100" lon="6.3972300">
    <ele>382</ele>
   </trkpt>
   <trkpt lat="45.6793600" lon="6.3970200">
    <ele>377</ele>
   </trkpt>
   <trkpt lat="45.6791000" lon="6.3968000">
    <ele>370</ele>
   </trkpt>
   <trkpt lat="45.6788500" lon="6.3965500">
    <ele>364</ele>
   </trkpt>
   <trkpt lat="45.6787599" lon="6.3964700">
    <ele>363</ele>
   </trkpt>
   <trkpt lat="45.6786200" lon="6.3963900">
    <ele>362</ele>
   </trkpt>
   <trkpt lat="45.6783900" lon="6.3962899">
    <ele>361</ele>
   </trkpt>
   <trkpt lat="45.6783300" lon="6.3962800">
    <ele>361</ele>
   </trkpt>
   <trkpt lat="45.6782800" lon="6.3962800">
    <ele>361</ele>
   </trkpt>
   <trkpt lat="45.6779900" lon="6.3964100">
    <ele>364</ele>
   </trkpt>
   <trkpt lat="45.6779200" lon="6.3964100">
    <ele>364</ele>
   </trkpt>
   <trkpt lat="45.6778000" lon="6.3963700">
    <ele>363</ele>
   </trkpt>
   <trkpt lat="45.6776800" lon="6.3963000">
    <ele>361</ele>
   </trkpt>
   <trkpt lat="45.6774900" lon="6.3960800">
    <ele>357</ele>
   </trkpt>
   <trkpt lat="45.6773100" lon="6.3959000">
    <ele>355</ele>
   </trkpt>
   <trkpt lat="45.6770900" lon="6.3958199">
    <ele>355</ele>
   </trkpt>
   <trkpt lat="45.6769900" lon="6.3957900">
    <ele>356</ele>
   </trkpt>
   <trkpt lat="45.6760900" lon="6.3954500">
    <ele>352</ele>
   </trkpt>
   <trkpt lat="45.6760600" lon="6.3954400">
    <ele>352</ele>
   </trkpt>
   <trkpt lat="45.6759200" lon="6.3954000">
    <ele>351</ele>
   </trkpt>
   <trkpt lat="45.6756699" lon="6.3953100">
    <ele>350</ele>
   </trkpt>
   <trkpt lat="45.6754800" lon="6.3952600">
    <ele>349</ele>
   </trkpt>
   <trkpt lat="45.6750500" lon="6.3951800">
    <ele>347</ele>
   </trkpt>
   <trkpt lat="45.6742000" lon="6.3949600">
    <ele>346</ele>
   </trkpt>
   <trkpt lat="45.6732900" lon="6.3947500">
    <ele>346</ele>
   </trkpt>
   <trkpt lat="45.6726600" lon="6.3945999">
    <ele>353</ele>
   </trkpt>
   <trkpt lat="45.6716500" lon="6.3943800">
    <ele>351</ele>
   </trkpt>
   <trkpt lat="45.6713200" lon="6.3943000">
    <ele>349</ele>
   </trkpt>
   <trkpt lat="45.6709100" lon="6.3942900">
    <ele>348</ele>
   </trkpt>
   <trkpt lat="45.6704099" lon="6.3943500">
    <ele>350</ele>
   </trkpt>
   <trkpt lat="45.6703700" lon="6.3943500">
    <ele>350</ele>
   </trkpt>
   <trkpt lat="45.6702700" lon="6.3943600">
    <ele>350</ele>
   </trkpt>
   <trkpt lat="45.6702299" lon="6.3943600">
    <ele>350</ele>
   </trkpt>
   <trkpt lat="45.6698400" lon="6.3944000">
    <ele>350</ele>
   </trkpt>
   <trkpt lat="45.6695000" lon="6.3944500">
    <ele>348</ele>
   </trkpt>
   <trkpt lat="45.6689099" lon="6.3945600">
    <ele>345</ele>
   </trkpt>
   <trkpt lat="45.6687400" lon="6.3945999">
    <ele>343</ele>
   </trkpt>
   <trkpt lat="45.6685299" lon="6.3946400">
    <ele>342</ele>
   </trkpt>
   <trkpt lat="45.6682800" lon="6.3946600">
    <ele>340</ele>
   </trkpt>
   <trkpt lat="45.6682700" lon="6.3947700">
    <ele>340</ele>
   </trkpt>
   <trkpt lat="45.6682500" lon="6.3949299">
    <ele>340</ele>
   </trkpt>
   <trkpt lat="45.6681400" lon="6.3952000">
    <ele>340</ele>
   </trkpt>
   <trkpt lat="45.6680700" lon="6.3953600">
    <ele>339</ele>
   </trkpt>
   <trkpt lat="45.6679200" lon="6.3958199">
    <ele>339</ele>
   </trkpt>
   <trkpt lat="45.6677000" lon="6.3966600">
    <ele>339</ele>
   </trkpt>
   <trkpt lat="45.6676700" lon="6.3968600">
    <ele>339</ele>
   </trkpt>
   <trkpt lat="45.6676500" lon="6.3972200">
    <ele>338</ele>
   </trkpt>
   <trkpt lat="45.6676500" lon="6.3973600">
    <ele>337</ele>
   </trkpt>
   <trkpt lat="45.6676500" lon="6.3975799">
    <ele>337</ele>
   </trkpt>
   <trkpt lat="45.6676600" lon="6.3982500">
    <ele>337</ele>
   </trkpt>
   <trkpt lat="45.6676800" lon="6.3985500">
    <ele>338</ele>
   </trkpt>
   <trkpt lat="45.6677300" lon="6.3988900">
    <ele>338</ele>
   </trkpt>
   <trkpt lat="45.6678500" lon="6.3996400">
    <ele>338</ele>
   </trkpt>
   <trkpt lat="45.6679100" lon="6.3998799">
    <ele>338</ele>
   </trkpt>
   <trkpt lat="45.6679500" lon="6.4000100">
    <ele>338</ele>
   </trkpt>
   <trkpt lat="45.6684300" lon="6.4008400">
    <ele>340</ele>
   </trkpt>
   <trkpt lat="45.6686000" lon="6.4010999">
    <ele>344</ele>
   </trkpt>
   <trkpt lat="45.6686800" lon="6.4012399">
    <ele>346</ele>
   </trkpt>
   <trkpt lat="45.6687400" lon="6.4014200">
    <ele>349</ele>
   </trkpt>
   <trkpt lat="45.6687900" lon="6.4016200">
    <ele>351</ele>
   </trkpt>
   <trkpt lat="45.6689400" lon="6.4023800">
    <ele>356</ele>
   </trkpt>
   <trkpt lat="45.6689800" lon="6.4026300">
    <ele>356</ele>
   </trkpt>
   <trkpt lat="45.6689999" lon="6.4030200">
    <ele>352</ele>
   </trkpt>
   <trkpt lat="45.6689800" lon="6.4033200">
    <ele>348</ele>
   </trkpt>
   <trkpt lat="45.6689500" lon="6.4034900">
    <ele>347</ele>
   </trkpt>
   <trkpt lat="45.6686600" lon="6.4046300">
    <ele>342</ele>
   </trkpt>
   <trkpt lat="45.6686200" lon="6.4048500">
    <ele>342</ele>
   </trkpt>
   <trkpt lat="45.6686100" lon="6.4051000">
    <ele>343</ele>
   </trkpt>
   <trkpt lat="45.6686200" lon="6.4057100">
    <ele>345</ele>
   </trkpt>
   <trkpt lat="45.6686100" lon="6.4064200">
    <ele>348</ele>
   </trkpt>
   <trkpt lat="45.6685500" lon="6.4067200">
    <ele>348</ele>
   </trkpt>
   <trkpt lat="45.6685299" lon="6.4067200">
    <ele>348</ele>
   </trkpt>
   <trkpt lat="45.6685000" lon="6.4067600">
    <ele>347</ele>
   </trkpt>
   <trkpt lat="45.6684900" lon="6.4067900">
    <ele>347</ele>
   </trkpt>
   <trkpt lat="45.6684900" lon="6.4068500">
    <ele>347</ele>
   </trkpt>
   <trkpt lat="45.6685200" lon="6.4069100">
    <ele>348</ele>
   </trkpt>
   <trkpt lat="45.6685700" lon="6.4069400">
    <ele>350</ele>
   </trkpt>
   <trkpt lat="45.6684900" lon="6.4078400">
    <ele>354</ele>
   </trkpt>
   <trkpt lat="45.6683400" lon="6.4091400">
    <ele>359</ele>
   </trkpt>
   <trkpt lat="45.6682900" lon="6.4094900">
    <ele>358</ele>
   </trkpt>
   <trkpt lat="45.6682599" lon="6.4096399">
    <ele>357</ele>
   </trkpt>
   <trkpt lat="45.6682100" lon="6.4097600">
    <ele>355</ele>
   </trkpt>
   <trkpt lat="45.6681300" lon="6.4099300">
    <ele>353</ele>
   </trkpt>
   <trkpt lat="45.6680400" lon="6.4100900">
    <ele>352</ele>
   </trkpt>
   <trkpt lat="45.6679500" lon="6.4102300">
    <ele>350</ele>
   </trkpt>
   <trkpt lat="45.6676900" lon="6.4105500">
    <ele>344</ele>
   </trkpt>
   <trkpt lat="45.6676200" lon="6.4106500">
    <ele>342</ele>
   </trkpt>
   <trkpt lat="45.6675600" lon="6.4107600">
    <ele>341</ele>
   </trkpt>
   <trkpt lat="45.6674600" lon="6.4110699">
    <ele>340</ele>
   </trkpt>
   <trkpt lat="45.6673900" lon="6.4114100">
    <ele>341</ele>
   </trkpt>
   <trkpt lat="45.6673300" lon="6.4116500">
    <ele>342</ele>
   </trkpt>
   <trkpt lat="45.6672500" lon="6.4118500">
    <ele>342</ele>
   </trkpt>
   <trkpt lat="45.6671100" lon="6.4121100">
    <ele>343</ele>
   </trkpt>
   <trkpt lat="45.6669100" lon="6.4124400">
    <ele>342</ele>
   </trkpt>
   <trkpt lat="45.6666600" lon="6.4128600">
    <ele>342</ele>
   </trkpt>
   <trkpt lat="45.6665100" lon="6.4131500">
    <ele>343</ele>
   </trkpt>
   <trkpt lat="45.6663700" lon="6.4135000">
    <ele>345</ele>
   </trkpt>
   <trkpt lat="45.6662899" lon="6.4137400">
    <ele>346</ele>
   </trkpt>
   <trkpt lat="45.6661900" lon="6.4140900">
    <ele>347</ele>
   </trkpt>
   <trkpt lat="45.6660600" lon="6.4146900">
    <ele>352</ele>
   </trkpt>
   <trkpt lat="45.6659200" lon="6.4154000">
    <ele>356</ele>
   </trkpt>
   <trkpt lat="45.6658500" lon="6.4160600">
    <ele>359</ele>
   </trkpt>
   <trkpt lat="45.6657800" lon="6.4164100">
    <ele>359</ele>
   </trkpt>
   <trkpt lat="45.6656700" lon="6.4167300">
    <ele>359</ele>
   </trkpt>
   <trkpt lat="45.6655200" lon="6.4171600">
    <ele>359</ele>
   </trkpt>
   <trkpt lat="45.6654200" lon="6.4175900">
    <ele>359</ele>
   </trkpt>
   <trkpt lat="45.6653900" lon="6.4184200">
    <ele>361</ele>
   </trkpt>
   <trkpt lat="45.6653200" lon="6.4189000">
    <ele>358</ele>
   </trkpt>
   <trkpt lat="45.6650100" lon="6.4206800">
    <ele>352</ele>
   </trkpt>
   <trkpt lat="45.6649699" lon="6.4211000">
    <ele>351</ele>
   </trkpt>
   <trkpt lat="45.6649699" lon="6.4213500">
    <ele>351</ele>
   </trkpt>
   <trkpt lat="45.6650000" lon="6.4217600">
    <ele>350</ele>
   </trkpt>
   <trkpt lat="45.6651400" lon="6.4235100">
    <ele>349</ele>
   </trkpt>
   <trkpt lat="45.6652400" lon="6.4248700">
    <ele>352</ele>
   </trkpt>
   <trkpt lat="45.6652600" lon="6.4252900">
    <ele>354</ele>
   </trkpt>
   <trkpt lat="45.6652500" lon="6.4254200">
    <ele>354</ele>
   </trkpt>
   <trkpt lat="45.6652200" lon="6.4256500">
    <ele>354</ele>
   </trkpt>
   <trkpt lat="45.6651800" lon="6.4257500">
    <ele>353</ele>
   </trkpt>
   <trkpt lat="45.6650700" lon="6.4259800">
    <ele>352</ele>
   </trkpt>
   <trkpt lat="45.6645500" lon="6.4267000">
    <ele>353</ele>
   </trkpt>
   <trkpt lat="45.6644500" lon="6.4268700">
    <ele>353</ele>
   </trkpt>
   <trkpt lat="45.6643400" lon="6.4271500">
    <ele>354</ele>
   </trkpt>
   <trkpt lat="45.6642600" lon="6.4273800">
    <ele>355</ele>
   </trkpt>
   <trkpt lat="45.6642000" lon="6.4275800">
    <ele>355</ele>
   </trkpt>
   <trkpt lat="45.6641900" lon="6.4276700">
    <ele>354</ele>
   </trkpt>
   <trkpt lat="45.6641900" lon="6.4277800">
    <ele>354</ele>
   </trkpt>
   <trkpt lat="45.6642100" lon="6.4278800">
    <ele>354</ele>
   </trkpt>
   <trkpt lat="45.6643700" lon="6.4284500">
    <ele>357</ele>
   </trkpt>
   <trkpt lat="45.6644000" lon="6.4286600">
    <ele>358</ele>
   </trkpt>
   <trkpt lat="45.6644099" lon="6.4287400">
    <ele>358</ele>
   </trkpt>
   <trkpt lat="45.6644000" lon="6.4288200">
    <ele>358</ele>
   </trkpt>
   <trkpt lat="45.6643800" lon="6.4289300">
    <ele>358</ele>
   </trkpt>
   <trkpt lat="45.6643600" lon="6.4290500">
    <ele>357</ele>
   </trkpt>
   <trkpt lat="45.6642500" lon="6.4292900">
    <ele>354</ele>
   </trkpt>
   <trkpt lat="45.6641300" lon="6.4295200">
    <ele>352</ele>
   </trkpt>
   <trkpt lat="45.6639600" lon="6.4297100">
    <ele>352</ele>
   </trkpt>
   <trkpt lat="45.6638300" lon="6.4298200">
    <ele>352</ele>
   </trkpt>
   <trkpt lat="45.6634100" lon="6.4301400">
    <ele>351</ele>
   </trkpt>
   <trkpt lat="45.6630700" lon="6.4304600">
    <ele>353</ele>
   </trkpt>
   <trkpt lat="45.6628900" lon="6.4306800">
    <ele>353</ele>
   </trkpt>
   <trkpt lat="45.6627900" lon="6.4308800">
    <ele>354</ele>
   </trkpt>
   <trkpt lat="45.6626100" lon="6.4314700">
    <ele>354</ele>
   </trkpt>
   <trkpt lat="45.6625299" lon="6.4317500">
    <ele>354</ele>
   </trkpt>
   <trkpt lat="45.6624000" lon="6.4321400">
    <ele>355</ele>
   </trkpt>
   <trkpt lat="45.6622900" lon="6.4324199">
    <ele>356</ele>
   </trkpt>
   <trkpt lat="45.6622100" lon="6.4326100">
    <ele>357</ele>
   </trkpt>
   <trkpt lat="45.6621200" lon="6.4327500">
    <ele>357</ele>
   </trkpt>
   <trkpt lat="45.6620000" lon="6.4329000">
    <ele>357</ele>
   </trkpt>
   <trkpt lat="45.6618900" lon="6.4329800">
    <ele>356</ele>
   </trkpt>
   <trkpt lat="45.6618100" lon="6.4330299">
    <ele>355</ele>
   </trkpt>
   <trkpt lat="45.6617100" lon="6.4330800">
    <ele>354</ele>
   </trkpt>
   <trkpt lat="45.6614700" lon="6.4331800">
    <ele>353</ele>
   </trkpt>
   <trkpt lat="45.6612700" lon="6.4332200">
    <ele>354</ele>
   </trkpt>
   <trkpt lat="45.6610800" lon="6.4332399">
    <ele>354</ele>
   </trkpt>
   <trkpt lat="45.6606300" lon="6.4331400">
    <ele>352</ele>
   </trkpt>
   <trkpt lat="45.6602600" lon="6.4331400">
    <ele>350</ele>
   </trkpt>
   <trkpt lat="45.6600100" lon="6.4332200">
    <ele>349</ele>
   </trkpt>
   <trkpt lat="45.6597700" lon="6.4333800">
    <ele>349</ele>
   </trkpt>
   <trkpt lat="45.6593900" lon="6.4336900">
    <ele>351</ele>
   </trkpt>
   <trkpt lat="45.6589500" lon="6.4339600">
    <ele>353</ele>
   </trkpt>
   <trkpt lat="45.6584900" lon="6.4341000">
    <ele>354</ele>
   </trkpt>
   <trkpt lat="45.6582800" lon="6.4341200">
    <ele>354</ele>
   </trkpt>
   <trkpt lat="45.6581100" lon="6.4341600">
    <ele>354</ele>
   </trkpt>
   <trkpt lat="45.6579200" lon="6.4342100">
    <ele>354</ele>
   </trkpt>
   <trkpt lat="45.6576700" lon="6.4343300">
    <ele>355</ele>
   </trkpt>
   <trkpt lat="45.6568300" lon="6.4348000">
    <ele>354</ele>
   </trkpt>
   <trkpt lat="45.6567600" lon="6.4348400">
    <ele>354</ele>
   </trkpt>
   <trkpt lat="45.6565299" lon="6.4350600">
    <ele>355</ele>
   </trkpt>
   <trkpt lat="45.6562000" lon="6.4354699">
    <ele>359</ele>
   </trkpt>
   <trkpt lat="45.6557699" lon="6.4356000">
    <ele>361</ele>
   </trkpt>
   <trkpt lat="45.6556200" lon="6.4356400">
    <ele>362</ele>
   </trkpt>
   <trkpt lat="45.6553600" lon="6.4357300">
    <ele>362</ele>
   </trkpt>
   <trkpt lat="45.6551000" lon="6.4358400">
    <ele>363</ele>
   </trkpt>
   <trkpt lat="45.6551000" lon="6.4358400">
    <ele>363</ele>
   </trkpt>
   <trkpt lat="45.6550299" lon="6.4358600">
    <ele>363</ele>
   </trkpt>
   <trkpt lat="45.6546200" lon="6.4359600">
    <ele>362</ele>
   </trkpt>
   <trkpt lat="45.6544600" lon="6.4360500">
    <ele>362</ele>
   </trkpt>
   <trkpt lat="45.6541799" lon="6.4362700">
    <ele>363</ele>
   </trkpt>
   <trkpt lat="45.6539400" lon="6.4364900">
    <ele>363</ele>
   </trkpt>
   <trkpt lat="45.6538700" lon="6.4365900">
    <ele>363</ele>
   </trkpt>
   <trkpt lat="45.6536500" lon="6.4370000">
    <ele>363</ele>
   </trkpt>
   <trkpt lat="45.6535500" lon="6.4371400">
    <ele>363</ele>
   </trkpt>
   <trkpt lat="45.6534700" lon="6.4372400">
    <ele>363</ele>
   </trkpt>
   <trkpt lat="45.6533900" lon="6.4372900">
    <ele>363</ele>
   </trkpt>
   <trkpt lat="45.6530000" lon="6.4374600">
    <ele>362</ele>
   </trkpt>
   <trkpt lat="45.6529600" lon="6.4373699">
    <ele>361</ele>
   </trkpt>
   <trkpt lat="45.6529200" lon="6.4373300">
    <ele>361</ele>
   </trkpt>
   <trkpt lat="45.6528700" lon="6.4373200">
    <ele>361</ele>
   </trkpt>
   <trkpt lat="45.6528400" lon="6.4373300">
    <ele>361</ele>
   </trkpt>
   <trkpt lat="45.6527699" lon="6.4373800">
    <ele>361</ele>
   </trkpt>
   <trkpt lat="45.6527500" lon="6.4374399">
    <ele>361</ele>
   </trkpt>
   <trkpt lat="45.6527500" lon="6.4375099">
    <ele>361</ele>
   </trkpt>
   <trkpt lat="45.6527500" lon="6.4375800">
    <ele>361</ele>
   </trkpt>
   <trkpt lat="45.6522400" lon="6.4379400">
    <ele>362</ele>
   </trkpt>
   <trkpt lat="45.6519800" lon="6.4381300">
    <ele>362</ele>
   </trkpt>
   <trkpt lat="45.6513400" lon="6.4387600">
    <ele>363</ele>
   </trkpt>
   <trkpt lat="45.6509300" lon="6.4390900">
    <ele>364</ele>
   </trkpt>
   <trkpt lat="45.6506500" lon="6.4392800">
    <ele>364</ele>
   </trkpt>
   <trkpt lat="45.6495600" lon="6.4399100">
    <ele>361</ele>
   </trkpt>
   <trkpt lat="45.6488000" lon="6.4402700">
    <ele>361</ele>
   </trkpt>
   <trkpt lat="45.6481600" lon="6.4405200">
    <ele>360</ele>
   </trkpt>
   <trkpt lat="45.6479000" lon="6.4405900">
    <ele>360</ele>
   </trkpt>
   <trkpt lat="45.6477099" lon="6.4406400">
    <ele>360</ele>
   </trkpt>
   <trkpt lat="45.6472900" lon="6.4407400">
    <ele>359</ele>
   </trkpt>
   <trkpt lat="45.6465100" lon="6.4409200">
    <ele>357</ele>
   </trkpt>
   <trkpt lat="45.6461900" lon="6.4409900">
    <ele>356</ele>
   </trkpt>
   <trkpt lat="45.6456900" lon="6.4411100">
    <ele>355</ele>
   </trkpt>
   <trkpt lat="45.6443700" lon="6.4414000">
    <ele>356</ele>
   </trkpt>
   <trkpt lat="45.6435800" lon="6.4416200">
    <ele>356</ele>
   </trkpt>
   <trkpt lat="45.6423900" lon="6.4419400">
    <ele>356</ele>
   </trkpt>
   <trkpt lat="45.6409200" lon="6.4423400">
    <ele>361</ele>
   </trkpt>
   <trkpt lat="45.6401899" lon="6.4425200">
    <ele>361</ele>
   </trkpt>
   <trkpt lat="45.6390400" lon="6.4428800">
    <ele>362</ele>
   </trkpt>
   <trkpt lat="45.6388000" lon="6.4430300">
    <ele>362</ele>
   </trkpt>
   <trkpt lat="45.6379800" lon="6.4435600">
    <ele>361</ele>
   </trkpt>
   <trkpt lat="45.6357300" lon="6.4450400">
    <ele>360</ele>
   </trkpt>
   <trkpt lat="45.6344500" lon="6.4458600">
    <ele>361</ele>
   </trkpt>
   <trkpt lat="45.6340200" lon="6.4461400">
    <ele>362</ele>
   </trkpt>
   <trkpt lat="45.6339700" lon="6.4461800">
    <ele>362</ele>
   </trkpt>
   <trkpt lat="45.6333500" lon="6.4465600">
    <ele>361</ele>
   </trkpt>
   <trkpt lat="45.6330900" lon="6.4467000">
    <ele>361</ele>
   </trkpt>
   <trkpt lat="45.6327600" lon="6.4467900">
    <ele>361</ele>
   </trkpt>
   <trkpt lat="45.6324400" lon="6.4468400">
    <ele>360</ele>
   </trkpt>
   <trkpt lat="45.6321400" lon="6.4469000">
    <ele>361</ele>
   </trkpt>
   <trkpt lat="45.6318100" lon="6.4468700">
    <ele>362</ele>
   </trkpt>
   <trkpt lat="45.6315000" lon="6.4468900">
    <ele>362</ele>
   </trkpt>
   <trkpt lat="45.6313699" lon="6.4469200">
    <ele>362</ele>
   </trkpt>
   <trkpt lat="45.6312200" lon="6.4469700">
    <ele>362</ele>
   </trkpt>
   <trkpt lat="45.6308200" lon="6.4471600">
    <ele>361</ele>
   </trkpt>
   <trkpt lat="45.6306900" lon="6.4471999">
    <ele>361</ele>
   </trkpt>
   <trkpt lat="45.6304900" lon="6.4472400">
    <ele>362</ele>
   </trkpt>
   <trkpt lat="45.6300700" lon="6.4472900">
    <ele>362</ele>
   </trkpt>
   <trkpt lat="45.6296300" lon="6.4473600">
    <ele>363</ele>
   </trkpt>
   <trkpt lat="45.6292100" lon="6.4474600">
    <ele>363</ele>
   </trkpt>
   <trkpt lat="45.6289000" lon="6.4475400">
    <ele>363</ele>
   </trkpt>
   <trkpt lat="45.6286400" lon="6.4476699">
    <ele>363</ele>
   </trkpt>
   <trkpt lat="45.6284000" lon="6.4477700">
    <ele>363</ele>
   </trkpt>
   <trkpt lat="45.6282500" lon="6.4478600">
    <ele>363</ele>
   </trkpt>
   <trkpt lat="45.6279300" lon="6.4480100">
    <ele>364</ele>
   </trkpt>
   <trkpt lat="45.6277700" lon="6.4480700">
    <ele>364</ele>
   </trkpt>
   <trkpt lat="45.6274600" lon="6.4481600">
    <ele>364</ele>
   </trkpt>
   <trkpt lat="45.6272100" lon="6.4482500">
    <ele>364</ele>
   </trkpt>
   <trkpt lat="45.6267799" lon="6.4483900">
    <ele>363</ele>
   </trkpt>
   <trkpt lat="45.6259700" lon="6.4486400">
    <ele>364</ele>
   </trkpt>
   <trkpt lat="45.6258800" lon="6.4486600">
    <ele>364</ele>
   </trkpt>
   <trkpt lat="45.6255300" lon="6.4487700">
    <ele>364</ele>
   </trkpt>
   <trkpt lat="45.6247800" lon="6.4489100">
    <ele>365</ele>
   </trkpt>
   <trkpt lat="45.6246500" lon="6.4489300">
    <ele>365</ele>
   </trkpt>
   <trkpt lat="45.6243300" lon="6.4489700">
    <ele>365</ele>
   </trkpt>
   <trkpt lat="45.6241600" lon="6.4490000">
    <ele>365</ele>
   </trkpt>
   <trkpt lat="45.6240200" lon="6.4490200">
    <ele>365</ele>
   </trkpt>
   <trkpt lat="45.6238100" lon="6.4490700">
    <ele>365</ele>
   </trkpt>
   <trkpt lat="45.6235200" lon="6.4491300">
    <ele>364</ele>
   </trkpt>
   <trkpt lat="45.6234899" lon="6.4490600">
    <ele>364</ele>
   </trkpt>
   <trkpt lat="45.6234600" lon="6.4490299">
    <ele>364</ele>
   </trkpt>
   <trkpt lat="45.6234200" lon="6.4490200">
    <ele>364</ele>
   </trkpt>
   <trkpt lat="45.6233600" lon="6.4490400">
    <ele>364</ele>
   </trkpt>
   <trkpt lat="45.6233300" lon="6.4490900">
    <ele>364</ele>
   </trkpt>
   <trkpt lat="45.6233099" lon="6.4491400">
    <ele>364</ele>
   </trkpt>
   <trkpt lat="45.6233099" lon="6.4492000">
    <ele>364</ele>
   </trkpt>
   <trkpt lat="45.6231099" lon="6.4492500">
    <ele>365</ele>
   </trkpt>
   <trkpt lat="45.6229200" lon="6.4493000">
    <ele>366</ele>
   </trkpt>
   <trkpt lat="45.6226700" lon="6.4493600">
    <ele>367</ele>
   </trkpt>
   <trkpt lat="45.6221400" lon="6.4494800">
    <ele>369</ele>
   </trkpt>
   <trkpt lat="45.6221100" lon="6.4494900">
    <ele>369</ele>
   </trkpt>
   <trkpt lat="45.6220700" lon="6.4494999">
    <ele>369</ele>
   </trkpt>
   <trkpt lat="45.6217800" lon="6.4495600">
    <ele>370</ele>
   </trkpt>
   <trkpt lat="45.6216700" lon="6.4495900">
    <ele>371</ele>
   </trkpt>
   <trkpt lat="45.6214900" lon="6.4496500">
    <ele>371</ele>
   </trkpt>
   <trkpt lat="45.6213100" lon="6.4497000">
    <ele>372</ele>
   </trkpt>
   <trkpt lat="45.6212300" lon="6.4497300">
    <ele>372</ele>
   </trkpt>
   <trkpt lat="45.6211200" lon="6.4498000">
    <ele>373</ele>
   </trkpt>
   <trkpt lat="45.6210100" lon="6.4498600">
    <ele>373</ele>
   </trkpt>
   <trkpt lat="45.6206400" lon="6.4500000">
    <ele>374</ele>
   </trkpt>
   <trkpt lat="45.6205799" lon="6.4500200">
    <ele>375</ele>
   </trkpt>
   <trkpt lat="45.6204600" lon="6.4500700">
    <ele>375</ele>
   </trkpt>
   <trkpt lat="45.6201400" lon="6.4502100">
    <ele>376</ele>
   </trkpt>
   <trkpt lat="45.6191699" lon="6.4506300">
    <ele>382</ele>
   </trkpt>
   <trkpt lat="45.6186900" lon="6.4508300">
    <ele>384</ele>
   </trkpt>
   <trkpt lat="45.6186200" lon="6.4508599">
    <ele>384</ele>
   </trkpt>
   <trkpt lat="45.6178500" lon="6.4511900">
    <ele>386</ele>
   </trkpt>
   <trkpt lat="45.6177500" lon="6.4512200">
    <ele>386</ele>
   </trkpt>
   <trkpt lat="45.6176800" lon="6.4512400">
    <ele>386</ele>
   </trkpt>
   <trkpt lat="45.6175200" lon="6.4513299">
    <ele>387</ele>
   </trkpt>
   <trkpt lat="45.6174700" lon="6.4513600">
    <ele>387</ele>
   </trkpt>
   <trkpt lat="45.6169700" lon="6.4515900">
    <ele>387</ele>
   </trkpt>
   <trkpt lat="45.6164100" lon="6.4518900">
    <ele>386</ele>
   </trkpt>
   <trkpt lat="45.6162800" lon="6.4519300">
    <ele>386</ele>
   </trkpt>
   <trkpt lat="45.6161500" lon="6.4519700">
    <ele>385</ele>
   </trkpt>
   <trkpt lat="45.6159100" lon="6.4521000">
    <ele>385</ele>
   </trkpt>
   <trkpt lat="45.6158000" lon="6.4521800">
    <ele>384</ele>
   </trkpt>
   <trkpt lat="45.6157300" lon="6.4522300">
    <ele>384</ele>
   </trkpt>
   <trkpt lat="45.6153700" lon="6.4526600">
    <ele>383</ele>
   </trkpt>
   <trkpt lat="45.6152800" lon="6.4527300">
    <ele>383</ele>
   </trkpt>
   <trkpt lat="45.6152000" lon="6.4527800">
    <ele>383</ele>
   </trkpt>
   <trkpt lat="45.6151600" lon="6.4527900">
    <ele>382</ele>
   </trkpt>
   <trkpt lat="45.6151000" lon="6.4528000">
    <ele>382</ele>
   </trkpt>
   <trkpt lat="45.6148900" lon="6.4528600">
    <ele>381</ele>
   </trkpt>
   <trkpt lat="45.6147400" lon="6.4529100">
    <ele>380</ele>
   </trkpt>
   <trkpt lat="45.6143100" lon="6.4530000">
    <ele>377</ele>
   </trkpt>
   <trkpt lat="45.6140600" lon="6.4530300">
    <ele>376</ele>
   </trkpt>
   <trkpt lat="45.6137299" lon="6.4530400">
    <ele>374</ele>
   </trkpt>
   <trkpt lat="45.6135700" lon="6.4530200">
    <ele>374</ele>
   </trkpt>
   <trkpt lat="45.6134800" lon="6.4529900">
    <ele>374</ele>
   </trkpt>
   <trkpt lat="45.6133600" lon="6.4529200">
    <ele>373</ele>
   </trkpt>
   <trkpt lat="45.6130300" lon="6.4527000">
    <ele>373</ele>
   </trkpt>
   <trkpt lat="45.6129500" lon="6.4526700">
    <ele>373</ele>
   </trkpt>
   <trkpt lat="45.6125400" lon="6.4525400">
    <ele>373</ele>
   </trkpt>
   <trkpt lat="45.6124500" lon="6.4525100">
    <ele>373</ele>
   </trkpt>
   <trkpt lat="45.6109000" lon="6.4520300">
    <ele>372</ele>
   </trkpt>
   <trkpt lat="45.6106100" lon="6.4519399">
    <ele>372</ele>
   </trkpt>
   <trkpt lat="45.6100400" lon="6.4517600">
    <ele>373</ele>
   </trkpt>
   <trkpt lat="45.6098200" lon="6.4517000">
    <ele>373</ele>
   </trkpt>
   <trkpt lat="45.6097500" lon="6.4516900">
    <ele>373</ele>
   </trkpt>
   <trkpt lat="45.6096300" lon="6.4516800">
    <ele>373</ele>
   </trkpt>
   <trkpt lat="45.6094099" lon="6.4517100">
    <ele>374</ele>
   </trkpt>
   <trkpt lat="45.6091900" lon="6.4517500">
    <ele>374</ele>
   </trkpt>
   <trkpt lat="45.6090000" lon="6.4517600">
    <ele>374</ele>
   </trkpt>
   <trkpt lat="45.6088300" lon="6.4517500">
    <ele>374</ele>
   </trkpt>
   <trkpt lat="45.6087000" lon="6.4517200">
    <ele>374</ele>
   </trkpt>
   <trkpt lat="45.6074800" lon="6.4512100">
    <ele>372</ele>
   </trkpt>
   <trkpt lat="45.6065100" lon="6.4509200">
    <ele>373</ele>
   </trkpt>
   <trkpt lat="45.6036400" lon="6.4500300">
    <ele>374</ele>
   </trkpt>
   <trkpt lat="45.6035700" lon="6.4500000">
    <ele>374</ele>
   </trkpt>
   <trkpt lat="45.6031100" lon="6.4498600">
    <ele>373</ele>
   </trkpt>
   <trkpt lat="45.6017400" lon="6.4494500">
    <ele>375</ele>
   </trkpt>
   <trkpt lat="45.6013100" lon="6.4493100">
    <ele>376</ele>
   </trkpt>
   <trkpt lat="45.6012000" lon="6.4492900">
    <ele>377</ele>
   </trkpt>
   <trkpt lat="45.6011200" lon="6.4492800">
    <ele>377</ele>
   </trkpt>
   <trkpt lat="45.6010400" lon="6.4493000">
    <ele>377</ele>
   </trkpt>
   <trkpt lat="45.6008700" lon="6.4493900">
    <ele>378</ele>
   </trkpt>
   <trkpt lat="45.6007800" lon="6.4494000">
    <ele>378</ele>
   </trkpt>
   <trkpt lat="45.6005800" lon="6.4493700">
    <ele>378</ele>
   </trkpt>
   <trkpt lat="45.6002600" lon="6.4492600">
    <ele>378</ele>
   </trkpt>
   <trkpt lat="45.6001600" lon="6.4492100">
    <ele>379</ele>
   </trkpt>
   <trkpt lat="45.6001000" lon="6.4491600">
    <ele>379</ele>
   </trkpt>
   <trkpt lat="45.5998900" lon="6.4489500">
    <ele>379</ele>
   </trkpt>
   <trkpt lat="45.5998200" lon="6.4488899">
    <ele>379</ele>
   </trkpt>
   <trkpt lat="45.5997300" lon="6.4488400">
    <ele>379</ele>
   </trkpt>
   <trkpt lat="45.5996000" lon="6.4487900">
    <ele>379</ele>
   </trkpt>
   <trkpt lat="45.5989999" lon="6.4486000">
    <ele>378</ele>
   </trkpt>
   <trkpt lat="45.5978600" lon="6.4482700">
    <ele>380</ele>
   </trkpt>
   <trkpt lat="45.5973800" lon="6.4480900">
    <ele>381</ele>
   </trkpt>
   <trkpt lat="45.5968900" lon="6.4479300">
    <ele>381</ele>
   </trkpt>
   <trkpt lat="45.5963900" lon="6.4477800">
    <ele>382</ele>
   </trkpt>
   <trkpt lat="45.5960800" lon="6.4477100">
    <ele>382</ele>
   </trkpt>
   <trkpt lat="45.5959600" lon="6.4477100">
    <ele>382</ele>
   </trkpt>
   <trkpt lat="45.5957999" lon="6.4477600">
    <ele>383</ele>
   </trkpt>
   <trkpt lat="45.5957099" lon="6.4478000">
    <ele>384</ele>
   </trkpt>
   <trkpt lat="45.5954700" lon="6.4479499">
    <ele>388</ele>
   </trkpt>
   <trkpt lat="45.5953400" lon="6.4480000">
    <ele>390</ele>
   </trkpt>
   <trkpt lat="45.5949400" lon="6.4480900">
    <ele>396</ele>
   </trkpt>
   <trkpt lat="45.5947000" lon="6.4481700">
    <ele>396</ele>
   </trkpt>
   <trkpt lat="45.5946000" lon="6.4481900">
    <ele>396</ele>
   </trkpt>
   <trkpt lat="45.5944999" lon="6.4481100">
    <ele>394</ele>
   </trkpt>
   <trkpt lat="45.5944700" lon="6.4480600">
    <ele>392</ele>
   </trkpt>
   <trkpt lat="45.5944500" lon="6.4479600">
    <ele>390</ele>
   </trkpt>
   <trkpt lat="45.5944300" lon="6.4479100">
    <ele>389</ele>
   </trkpt>
   <trkpt lat="45.5944000" lon="6.4478700">
    <ele>388</ele>
   </trkpt>
   <trkpt lat="45.5943600" lon="6.4478500">
    <ele>387</ele>
   </trkpt>
   <trkpt lat="45.5943200" lon="6.4478400">
    <ele>386</ele>
   </trkpt>
   <trkpt lat="45.5942800" lon="6.4478500">
    <ele>387</ele>
   </trkpt>
   <trkpt lat="45.5942400" lon="6.4478700">
    <ele>387</ele>
   </trkpt>
   <trkpt lat="45.5942099" lon="6.4477000">
    <ele>383</ele>
   </trkpt>
   <trkpt lat="45.5941500" lon="6.4473700">
    <ele>378</ele>
   </trkpt>
   <trkpt lat="45.5941500" lon="6.4472800">
    <ele>378</ele>
   </trkpt>
   <trkpt lat="45.5941800" lon="6.4472100">
    <ele>378</ele>
   </trkpt>
   <trkpt lat="45.5942099" lon="6.4471700">
    <ele>378</ele>
   </trkpt>
   <trkpt lat="45.5942600" lon="6.4471400">
    <ele>379</ele>
   </trkpt>
   <trkpt lat="45.5944400" lon="6.4471100">
    <ele>379</ele>
   </trkpt>
   <trkpt lat="45.5945100" lon="6.4470599">
    <ele>379</ele>
   </trkpt>
   <trkpt lat="45.5945300" lon="6.4470400">
    <ele>379</ele>
   </trkpt>
   <trkpt lat="45.5945600" lon="6.4469500">
    <ele>379</ele>
   </trkpt>
   <trkpt lat="45.5945600" lon="6.4469000">
    <ele>379</ele>
   </trkpt>
   <trkpt lat="45.5945400" lon="6.4467900">
    <ele>379</ele>
   </trkpt>
   <trkpt lat="45.5941700" lon="6.4462200">
    <ele>382</ele>
   </trkpt>
   <trkpt lat="45.5939800" lon="6.4459900">
    <ele>384</ele>
   </trkpt>
   <trkpt lat="45.5939000" lon="6.4460400">
    <ele>384</ele>
   </trkpt>
   <trkpt lat="45.5938100" lon="6.4460800">
    <ele>384</ele>
   </trkpt>
   <trkpt lat="45.5935200" lon="6.4460800">
    <ele>384</ele>
   </trkpt>
   <trkpt lat="45.5933800" lon="6.4461000">
    <ele>384</ele>
   </trkpt>
   <trkpt lat="45.5927300" lon="6.4463800">
    <ele>384</ele>
   </trkpt>
   <trkpt lat="45.5926800" lon="6.4463900">
    <ele>384</ele>
   </trkpt>
   <trkpt lat="45.5925700" lon="6.4464300">
    <ele>384</ele>
   </trkpt>
   <trkpt lat="45.5924900" lon="6.4464400">
    <ele>384</ele>
   </trkpt>
   <trkpt lat="45.5923500" lon="6.4464200">
    <ele>385</ele>
   </trkpt>
   <trkpt lat="45.5915500" lon="6.4463200">
    <ele>389</ele>
   </trkpt>
   <trkpt lat="45.5913600" lon="6.4463000">
    <ele>390</ele>
   </trkpt>
   <trkpt lat="45.5908600" lon="6.4462200">
    <ele>392</ele>
   </trkpt>
   <trkpt lat="45.5904800" lon="6.4461500">
    <ele>393</ele>
   </trkpt>
   <trkpt lat="45.5902900" lon="6.4461200">
    <ele>393</ele>
   </trkpt>
   <trkpt lat="45.5899500" lon="6.4460400">
    <ele>394</ele>
   </trkpt>
   <trkpt lat="45.5897700" lon="6.4460100">
    <ele>394</ele>
   </trkpt>
   <trkpt lat="45.5897099" lon="6.4460000">
    <ele>393</ele>
   </trkpt>
   <trkpt lat="45.5890500" lon="6.4458500">
    <ele>392</ele>
   </trkpt>
   <trkpt lat="45.5887500" lon="6.4458100">
    <ele>391</ele>
   </trkpt>
   <trkpt lat="45.5888500" lon="6.4456700">
    <ele>394</ele>
   </trkpt>
   <trkpt lat="45.5891700" lon="6.4456900">
    <ele>395</ele>
   </trkpt>
   <trkpt lat="45.5894199" lon="6.4457300">
    <ele>395</ele>
   </trkpt>
   <trkpt lat="45.5891700" lon="6.4456900">
    <ele>395</ele>
   </trkpt>
   <trkpt lat="45.5888500" lon="6.4456700">
    <ele>394</ele>
   </trkpt>
   <trkpt lat="45.5887500" lon="6.4458100">
    <ele>391</ele>
   </trkpt>
   <trkpt lat="45.5885700" lon="6.4458100">
    <ele>390</ele>
   </trkpt>
   <trkpt lat="45.5881800" lon="6.4458100">
    <ele>389</ele>
   </trkpt>
   <trkpt lat="45.5880900" lon="6.4458200">
    <ele>389</ele>
   </trkpt>
   <trkpt lat="45.5878200" lon="6.4458800">
    <ele>388</ele>
   </trkpt>
   <trkpt lat="45.5876000" lon="6.4459000">
    <ele>388</ele>
   </trkpt>
   <trkpt lat="45.5870000" lon="6.4460200">
    <ele>387</ele>
   </trkpt>
   <trkpt lat="45.5869400" lon="6.4460499">
    <ele>387</ele>
   </trkpt>
   <trkpt lat="45.5867099" lon="6.4462700">
    <ele>385</ele>
   </trkpt>
   <trkpt lat="45.5866400" lon="6.4463400">
    <ele>385</ele>
   </trkpt>
   <trkpt lat="45.5865400" lon="6.4464600">
    <ele>385</ele>
   </trkpt>
   <trkpt lat="45.5861700" lon="6.4470400">
    <ele>386</ele>
   </trkpt>
   <trkpt lat="45.5860200" lon="6.4473200">
    <ele>386</ele>
   </trkpt>
   <trkpt lat="45.5857200" lon="6.4477900">
    <ele>386</ele>
   </trkpt>
   <trkpt lat="45.5855100" lon="6.4481200">
    <ele>386</ele>
   </trkpt>
   <trkpt lat="45.5848900" lon="6.4489800">
    <ele>387</ele>
   </trkpt>
   <trkpt lat="45.5846500" lon="6.4494200">
    <ele>388</ele>
   </trkpt>
   <trkpt lat="45.5843300" lon="6.4499300">
    <ele>388</ele>
   </trkpt>
   <trkpt lat="45.5840800" lon="6.4502800">
    <ele>389</ele>
   </trkpt>
   <trkpt lat="45.5838600" lon="6.4505300">
    <ele>391</ele>
   </trkpt>
   <trkpt lat="45.5835700" lon="6.4507800">
    <ele>395</ele>
   </trkpt>
   <trkpt lat="45.5832800" lon="6.4511600">
    <ele>396</ele>
   </trkpt>
   <trkpt lat="45.5830600" lon="6.4515300">
    <ele>394</ele>
   </trkpt>
   <trkpt lat="45.5829200" lon="6.4517600">
    <ele>392</ele>
   </trkpt>
   <trkpt lat="45.5828200" lon="6.4518400">
    <ele>392</ele>
   </trkpt>
   <trkpt lat="45.5827200" lon="6.4519000">
    <ele>391</ele>
   </trkpt>
   <trkpt lat="45.5826100" lon="6.4519399">
    <ele>391</ele>
   </trkpt>
   <trkpt lat="45.5823400" lon="6.4519800">
    <ele>391</ele>
   </trkpt>
   <trkpt lat="45.5820400" lon="6.4520400">
    <ele>391</ele>
   </trkpt>
   <trkpt lat="45.5819400" lon="6.4521000">
    <ele>390</ele>
   </trkpt>
   <trkpt lat="45.5818200" lon="6.4522100">
    <ele>390</ele>
   </trkpt>
   <trkpt lat="45.5817200" lon="6.4523400">
    <ele>389</ele>
   </trkpt>
   <trkpt lat="45.5816299" lon="6.4525100">
    <ele>388</ele>
   </trkpt>
   <trkpt lat="45.5814900" lon="6.4528500">
    <ele>389</ele>
   </trkpt>
   <trkpt lat="45.5814400" lon="6.4530700">
    <ele>389</ele>
   </trkpt>
   <trkpt lat="45.5813800" lon="6.4534600">
    <ele>389</ele>
   </trkpt>
   <trkpt lat="45.5813700" lon="6.4535200">
    <ele>390</ele>
   </trkpt>
   <trkpt lat="45.5813000" lon="6.4536900">
    <ele>390</ele>
   </trkpt>
   <trkpt lat="45.5811300" lon="6.4539200">
    <ele>391</ele>
   </trkpt>
   <trkpt lat="45.5809799" lon="6.4539900">
    <ele>392</ele>
   </trkpt>
   <trkpt lat="45.5806500" lon="6.4541300">
    <ele>392</ele>
   </trkpt>
   <trkpt lat="45.5804199" lon="6.4542500">
    <ele>391</ele>
   </trkpt>
   <trkpt lat="45.5802400" lon="6.4543500">
    <ele>391</ele>
   </trkpt>
   <trkpt lat="45.5798700" lon="6.4546100">
    <ele>391</ele>
   </trkpt>
   <trkpt lat="45.5795500" lon="6.4548700">
    <ele>391</ele>
   </trkpt>
   <trkpt lat="45.5794000" lon="6.4550100">
    <ele>391</ele>
   </trkpt>
   <trkpt lat="45.5790800" lon="6.4553300">
    <ele>393</ele>
   </trkpt>
   <trkpt lat="45.5789100" lon="6.4555400">
    <ele>394</ele>
   </trkpt>
   <trkpt lat="45.5787500" lon="6.4557500">
    <ele>394</ele>
   </trkpt>
   <trkpt lat="45.5786200" lon="6.4559400">
    <ele>395</ele>
   </trkpt>
   <trkpt lat="45.5781500" lon="6.4567400">
    <ele>402</ele>
   </trkpt>
   <trkpt lat="45.5778800" lon="6.4571800">
    <ele>407</ele>
   </trkpt>
   <trkpt lat="45.5775200" lon="6.4577300">
    <ele>406</ele>
   </trkpt>
   <trkpt lat="45.5773500" lon="6.4579400">
    <ele>410</ele>
   </trkpt>
   <trkpt lat="45.5767700" lon="6.4585500">
    <ele>410</ele>
   </trkpt>
   <trkpt lat="45.5762799" lon="6.4590700">
    <ele>402</ele>
   </trkpt>
   <trkpt lat="45.5759300" lon="6.4593800">
    <ele>401</ele>
   </trkpt>
   <trkpt lat="45.5757100" lon="6.4595500">
    <ele>402</ele>
   </trkpt>
   <trkpt lat="45.5740600" lon="6.4606700">
    <ele>407</ele>
   </trkpt>
   <trkpt lat="45.5736599" lon="6.4609200">
    <ele>406</ele>
   </trkpt>
   <trkpt lat="45.5735600" lon="6.4610200">
    <ele>405</ele>
   </trkpt>
   <trkpt lat="45.5735000" lon="6.4611200">
    <ele>404</ele>
   </trkpt>
   <trkpt lat="45.5733900" lon="6.4614300">
    <ele>400</ele>
   </trkpt>
   <trkpt lat="45.5733600" lon="6.4614900">
    <ele>399</ele>
   </trkpt>
   <trkpt lat="45.5733100" lon="6.4615400">
    <ele>399</ele>
   </trkpt>
   <trkpt lat="45.5730999" lon="6.4616800">
    <ele>399</ele>
   </trkpt>
   <trkpt lat="45.5723399" lon="6.4622000">
    <ele>407</ele>
   </trkpt>
   <trkpt lat="45.5721500" lon="6.4623100">
    <ele>411</ele>
   </trkpt>
   <trkpt lat="45.5717200" lon="6.4624300">
    <ele>417</ele>
   </trkpt>
   <trkpt lat="45.5712400" lon="6.4629000">
    <ele>427</ele>
   </trkpt>
   <trkpt lat="45.5704100" lon="6.4634600">
    <ele>408</ele>
   </trkpt>
   <trkpt lat="45.5698000" lon="6.4637300">
    <ele>409</ele>
   </trkpt>
   <trkpt lat="45.5695300" lon="6.4639400">
    <ele>406</ele>
   </trkpt>
   <trkpt lat="45.5692700" lon="6.4641800">
    <ele>399</ele>
   </trkpt>
   <trkpt lat="45.5692200" lon="6.4642200">
    <ele>399</ele>
   </trkpt>
   <trkpt lat="45.5691599" lon="6.4642500">
    <ele>399</ele>
   </trkpt>
   <trkpt lat="45.5691100" lon="6.4642500">
    <ele>399</ele>
   </trkpt>
   <trkpt lat="45.5690600" lon="6.4642400">
    <ele>399</ele>
   </trkpt>
   <trkpt lat="45.5688699" lon="6.4641700">
    <ele>399</ele>
   </trkpt>
   <trkpt lat="45.5681100" lon="6.4638400">
    <ele>414</ele>
   </trkpt>
   <trkpt lat="45.5680400" lon="6.4638200">
    <ele>415</ele>
   </trkpt>
   <trkpt lat="45.5679500" lon="6.4638099">
    <ele>416</ele>
   </trkpt>
   <trkpt lat="45.5678100" lon="6.4638200">
    <ele>416</ele>
   </trkpt>
   <trkpt lat="45.5672500" lon="6.4639300">
    <ele>413</ele>
   </trkpt>
   <trkpt lat="45.5670200" lon="6.4639600">
    <ele>411</ele>
   </trkpt>
   <trkpt lat="45.5666400" lon="6.4640400">
    <ele>408</ele>
   </trkpt>
   <trkpt lat="45.5665200" lon="6.4640500">
    <ele>407</ele>
   </trkpt>
   <trkpt lat="45.5663900" lon="6.4640300">
    <ele>407</ele>
   </trkpt>
   <trkpt lat="45.5659700" lon="6.4638200">
    <ele>414</ele>
   </trkpt>
   <trkpt lat="45.5653300" lon="6.4634800">
    <ele>421</ele>
   </trkpt>
   <trkpt lat="45.5651900" lon="6.4634400">
    <ele>420</ele>
   </trkpt>
   <trkpt lat="45.5651100" lon="6.4634500">
    <ele>418</ele>
   </trkpt>
   <trkpt lat="45.5646500" lon="6.4635400">
    <ele>415</ele>
   </trkpt>
   <trkpt lat="45.5641100" lon="6.4636300">
    <ele>414</ele>
   </trkpt>
   <trkpt lat="45.5638600" lon="6.4636800">
    <ele>412</ele>
   </trkpt>
   <trkpt lat="45.5637600" lon="6.4636900">
    <ele>412</ele>
   </trkpt>
   <trkpt lat="45.5636600" lon="6.4636800">
    <ele>412</ele>
   </trkpt>
   <trkpt lat="45.5630000" lon="6.4635300">
    <ele>415</ele>
   </trkpt>
   <trkpt lat="45.5628600" lon="6.4635300">
    <ele>416</ele>
   </trkpt>
   <trkpt lat="45.5627300" lon="6.4635700">
    <ele>415</ele>
   </trkpt>
   <trkpt lat="45.5626400" lon="6.4636300">
    <ele>415</ele>
   </trkpt>
   <trkpt lat="45.5623900" lon="6.4639000">
    <ele>413</ele>
   </trkpt>
   <trkpt lat="45.5617200" lon="6.4646600">
    <ele>414</ele>
   </trkpt>
   <trkpt lat="45.5613000" lon="6.4651600">
    <ele>413</ele>
   </trkpt>
   <trkpt lat="45.5612000" lon="6.4652400">
    <ele>413</ele>
   </trkpt>
   <trkpt lat="45.5611400" lon="6.4652600">
    <ele>413</ele>
   </trkpt>
   <trkpt lat="45.5610700" lon="6.4652600">
    <ele>414</ele>
   </trkpt>
   <trkpt lat="45.5608099" lon="6.4651500">
    <ele>419</ele>
   </trkpt>
   <trkpt lat="45.5605700" lon="6.4650700">
    <ele>419</ele>
   </trkpt>
   <trkpt lat="45.5604000" lon="6.4650299">
    <ele>419</ele>
   </trkpt>
   <trkpt lat="45.5592400" lon="6.4648100">
    <ele>424</ele>
   </trkpt>
   <trkpt lat="45.5591400" lon="6.4647900">
    <ele>424</ele>
   </trkpt>
   <trkpt lat="45.5589600" lon="6.4648000">
    <ele>424</ele>
   </trkpt>
   <trkpt lat="45.5587800" lon="6.4648700">
    <ele>420</ele>
   </trkpt>
   <trkpt lat="45.5576999" lon="6.4655100">
    <ele>407</ele>
   </trkpt>
   <trkpt lat="45.5570499" lon="6.4658900">
    <ele>405</ele>
   </trkpt>
   <trkpt lat="45.5568500" lon="6.4660000">
    <ele>405</ele>
   </trkpt>
   <trkpt lat="45.5555600" lon="6.4666000">
    <ele>409</ele>
   </trkpt>
   <trkpt lat="45.5550500" lon="6.4667899">
    <ele>412</ele>
   </trkpt>
   <trkpt lat="45.5546200" lon="6.4669900">
    <ele>413</ele>
   </trkpt>
   <trkpt lat="45.5545800" lon="6.4670100">
    <ele>413</ele>
   </trkpt>
   <trkpt lat="45.5523200" lon="6.4681700">
    <ele>410</ele>
   </trkpt>
   <trkpt lat="45.5521000" lon="6.4682800">
    <ele>410</ele>
   </trkpt>
   <trkpt lat="45.5519000" lon="6.4683300">
    <ele>410</ele>
   </trkpt>
   <trkpt lat="45.5517500" lon="6.4683600">
    <ele>411</ele>
   </trkpt>
   <trkpt lat="45.5516099" lon="6.4683700">
    <ele>411</ele>
   </trkpt>
   <trkpt lat="45.5514700" lon="6.4683600">
    <ele>411</ele>
   </trkpt>
   <trkpt lat="45.5513300" lon="6.4683300">
    <ele>411</ele>
   </trkpt>
   <trkpt lat="45.5511800" lon="6.4682900">
    <ele>411</ele>
   </trkpt>
   <trkpt lat="45.5506100" lon="6.4680799">
    <ele>413</ele>
   </trkpt>
   <trkpt lat="45.5503300" lon="6.4679300">
    <ele>413</ele>
   </trkpt>
   <trkpt lat="45.5501999" lon="6.4678400">
    <ele>414</ele>
   </trkpt>
   <trkpt lat="45.5500700" lon="6.4677400">
    <ele>414</ele>
   </trkpt>
   <trkpt lat="45.5494100" lon="6.4671700">
    <ele>419</ele>
   </trkpt>
   <trkpt lat="45.5491000" lon="6.4668900">
    <ele>423</ele>
   </trkpt>
   <trkpt lat="45.5484099" lon="6.4662800">
    <ele>430</ele>
   </trkpt>
   <trkpt lat="45.5474200" lon="6.4654200">
    <ele>451</ele>
   </trkpt>
   <trkpt lat="45.5471300" lon="6.4652100">
    <ele>456</ele>
   </trkpt>
   <trkpt lat="45.5469800" lon="6.4651300">
    <ele>457</ele>
   </trkpt>
   <trkpt lat="45.5467500" lon="6.4650400">
    <ele>458</ele>
   </trkpt>
   <trkpt lat="45.5458799" lon="6.4648000">
    <ele>467</ele>
   </trkpt>
   <trkpt lat="45.5456200" lon="6.4647500">
    <ele>470</ele>
   </trkpt>
   <trkpt lat="45.5454999" lon="6.4647300">
    <ele>471</ele>
   </trkpt>
   <trkpt lat="45.5452600" lon="6.4647400">
    <ele>471</ele>
   </trkpt>
   <trkpt lat="45.5451400" lon="6.4647500">
    <ele>471</ele>
   </trkpt>
   <trkpt lat="45.5450299" lon="6.4647800">
    <ele>470</ele>
   </trkpt>
   <trkpt lat="45.5446300" lon="6.4649100">
    <ele>471</ele>
   </trkpt>
   <trkpt lat="45.5445400" lon="6.4649100">
    <ele>472</ele>
   </trkpt>
   <trkpt lat="45.5445100" lon="6.4649000">
    <ele>473</ele>
   </trkpt>
   <trkpt lat="45.5444800" lon="6.4648700">
    <ele>475</ele>
   </trkpt>
   <trkpt lat="45.5444500" lon="6.4648300">
    <ele>477</ele>
   </trkpt>
   <trkpt lat="45.5444100" lon="6.4646900">
    <ele>483</ele>
   </trkpt>
   <trkpt lat="45.5445100" lon="6.4646200">
    <ele>484</ele>
   </trkpt>
   <trkpt lat="45.5446800" lon="6.4645200">
    <ele>485</ele>
   </trkpt>
   <trkpt lat="45.5448499" lon="6.4644500">
    <ele>484</ele>
   </trkpt>
   <trkpt lat="45.5450500" lon="6.4644000">
    <ele>483</ele>
   </trkpt>
   <trkpt lat="45.5460400" lon="6.4642600">
    <ele>492</ele>
   </trkpt>
   <trkpt lat="45.5464399" lon="6.4642200">
    <ele>496</ele>
   </trkpt>
   <trkpt lat="45.5466800" lon="6.4642200">
    <ele>497</ele>
   </trkpt>
   <trkpt lat="45.5469800" lon="6.4642700">
    <ele>499</ele>
   </trkpt>
   <trkpt lat="45.5470200" lon="6.4642600">
    <ele>500</ele>
   </trkpt>
   <trkpt lat="45.5470500" lon="6.4642500">
    <ele>501</ele>
   </trkpt>
   <trkpt lat="45.5470800" lon="6.4641900">
    <ele>504</ele>
   </trkpt>
   <trkpt lat="45.5470900" lon="6.4641500">
    <ele>507</ele>
   </trkpt>
   <trkpt lat="45.5470800" lon="6.4641100">
    <ele>509</ele>
   </trkpt>
   <trkpt lat="45.5470700" lon="6.4640800">
    <ele>510</ele>
   </trkpt>
   <trkpt lat="45.5470400" lon="6.4640600">
    <ele>511</ele>
   </trkpt>
   <trkpt lat="45.5470100" lon="6.4640400">
    <ele>511</ele>
   </trkpt>
   <trkpt lat="45.5467200" lon="6.4639900">
    <ele>510</ele>
   </trkpt>
   <trkpt lat="45.5461600" lon="6.4638400">
    <ele>516</ele>
   </trkpt>
   <trkpt lat="45.5456600" lon="6.4637900">
    <ele>517</ele>
   </trkpt>
   <trkpt lat="45.5451400" lon="6.4637200">
    <ele>516</ele>
   </trkpt>
   <trkpt lat="45.5449700" lon="6.4637200">
    <ele>516</ele>
   </trkpt>
   <trkpt lat="45.5448000" lon="6.4637399">
    <ele>519</ele>
   </trkpt>
   <trkpt lat="45.5446300" lon="6.4637800">
    <ele>521</ele>
   </trkpt>
   <trkpt lat="45.5439900" lon="6.4639900">
    <ele>524</ele>
   </trkpt>
   <trkpt lat="45.5439200" lon="6.4639800">
    <ele>526</ele>
   </trkpt>
   <trkpt lat="45.5438800" lon="6.4639400">
    <ele>529</ele>
   </trkpt>
   <trkpt lat="45.5438700" lon="6.4639100">
    <ele>532</ele>
   </trkpt>
   <trkpt lat="45.5438800" lon="6.4638500">
    <ele>535</ele>
   </trkpt>
   <trkpt lat="45.5439200" lon="6.4638099">
    <ele>537</ele>
   </trkpt>
   <trkpt lat="45.5440600" lon="6.4638300">
    <ele>533</ele>
   </trkpt>
   <trkpt lat="45.5441400" lon="6.4638099">
    <ele>532</ele>
   </trkpt>
   <trkpt lat="45.5445400" lon="6.4636300">
    <ele>533</ele>
   </trkpt>
   <trkpt lat="45.5448200" lon="6.4635200">
    <ele>532</ele>
   </trkpt>
   <trkpt lat="45.5450900" lon="6.4634400">
    <ele>532</ele>
   </trkpt>
   <trkpt lat="45.5452100" lon="6.4634200">
    <ele>534</ele>
   </trkpt>
   <trkpt lat="45.5456300" lon="6.4633800">
    <ele>540</ele>
   </trkpt>
   <trkpt lat="45.5463800" lon="6.4633900">
    <ele>542</ele>
   </trkpt>
   <trkpt lat="45.5468900" lon="6.4633000">
    <ele>551</ele>
   </trkpt>
   <trkpt lat="45.5470100" lon="6.4633000">
    <ele>553</ele>
   </trkpt>
   <trkpt lat="45.5471600" lon="6.4633100">
    <ele>555</ele>
   </trkpt>
   <trkpt lat="45.5475700" lon="6.4634100">
    <ele>556</ele>
   </trkpt>
   <trkpt lat="45.5476000" lon="6.4634100">
    <ele>557</ele>
   </trkpt>
   <trkpt lat="45.5476300" lon="6.4633700">
    <ele>559</ele>
   </trkpt>
   <trkpt lat="45.5476400" lon="6.4633400">
    <ele>561</ele>
   </trkpt>
   <trkpt lat="45.5476400" lon="6.4633000">
    <ele>564</ele>
   </trkpt>
   <trkpt lat="45.5476300" lon="6.4632800">
    <ele>565</ele>
   </trkpt>
   <trkpt lat="45.5476000" lon="6.4632600">
    <ele>566</ele>
   </trkpt>
   <trkpt lat="45.5475700" lon="6.4632500">
    <ele>566</ele>
   </trkpt>
   <trkpt lat="45.5474400" lon="6.4632400">
    <ele>565</ele>
   </trkpt>
   <trkpt lat="45.5473300" lon="6.4632200">
    <ele>564</ele>
   </trkpt>
   <trkpt lat="45.5472500" lon="6.4631900">
    <ele>565</ele>
   </trkpt>
   <trkpt lat="45.5468400" lon="6.4629700">
    <ele>570</ele>
   </trkpt>
   <trkpt lat="45.5467000" lon="6.4629300">
    <ele>570</ele>
   </trkpt>
   <trkpt lat="45.5464500" lon="6.4629100">
    <ele>570</ele>
   </trkpt>
   <trkpt lat="45.5461699" lon="6.4628400">
    <ele>574</ele>
   </trkpt>
   <trkpt lat="45.5459300" lon="6.4627600">
    <ele>578</ele>
   </trkpt>
   <trkpt lat="45.5458200" lon="6.4627200">
    <ele>580</ele>
   </trkpt>
   <trkpt lat="45.5455700" lon="6.4625899">
    <ele>588</ele>
   </trkpt>
   <trkpt lat="45.5451700" lon="6.4625100">
    <ele>592</ele>
   </trkpt>
   <trkpt lat="45.5450500" lon="6.4625000">
    <ele>593</ele>
   </trkpt>
   <trkpt lat="45.5449200" lon="6.4625199">
    <ele>594</ele>
   </trkpt>
   <trkpt lat="45.5448400" lon="6.4625500">
    <ele>594</ele>
   </trkpt>
   <trkpt lat="45.5448100" lon="6.4625600">
    <ele>594</ele>
   </trkpt>
   <trkpt lat="45.5447599" lon="6.4625300">
    <ele>597</ele>
   </trkpt>
   <trkpt lat="45.5447500" lon="6.4625100">
    <ele>598</ele>
   </trkpt>
   <trkpt lat="45.5447500" lon="6.4624400">
    <ele>604</ele>
   </trkpt>
   <trkpt lat="45.5447599" lon="6.4624100">
    <ele>606</ele>
   </trkpt>
   <trkpt lat="45.5448000" lon="6.4623700">
    <ele>608</ele>
   </trkpt>
   <trkpt lat="45.5448600" lon="6.4623400">
    <ele>609</ele>
   </trkpt>
   <trkpt lat="45.5454000" lon="6.4622600">
    <ele>611</ele>
   </trkpt>
   <trkpt lat="45.5455700" lon="6.4622600">
    <ele>611</ele>
   </trkpt>
   <trkpt lat="45.5457400" lon="6.4622800">
    <ele>609</ele>
   </trkpt>
   <trkpt lat="45.5460700" lon="6.4623600">
    <ele>603</ele>
   </trkpt>
   <trkpt lat="45.5462900" lon="6.4623799">
    <ele>602</ele>
   </trkpt>
   <trkpt lat="45.5465400" lon="6.4623700">
    <ele>604</ele>
   </trkpt>
   <trkpt lat="45.5467100" lon="6.4624200">
    <ele>601</ele>
   </trkpt>
   <trkpt lat="45.5469300" lon="6.4625199">
    <ele>600</ele>
   </trkpt>
   <trkpt lat="45.5470400" lon="6.4625400">
    <ele>601</ele>
   </trkpt>
   <trkpt lat="45.5471300" lon="6.4625300">
    <ele>604</ele>
   </trkpt>
   <trkpt lat="45.5472400" lon="6.4624900">
    <ele>609</ele>
   </trkpt>
   <trkpt lat="45.5475300" lon="6.4623300">
    <ele>621</ele>
   </trkpt>
   <trkpt lat="45.5478300" lon="6.4621900">
    <ele>621</ele>
   </trkpt>
   <trkpt lat="45.5480100" lon="6.4621400">
    <ele>620</ele>
   </trkpt>
   <trkpt lat="45.5480900" lon="6.4620900">
    <ele>620</ele>
   </trkpt>
   <trkpt lat="45.5481600" lon="6.4620300">
    <ele>620</ele>
   </trkpt>
   <trkpt lat="45.5482100" lon="6.4619500">
    <ele>621</ele>
   </trkpt>
   <trkpt lat="45.5482500" lon="6.4618700">
    <ele>622</ele>
   </trkpt>
   <trkpt lat="45.5482600" lon="6.4618000">
    <ele>623</ele>
   </trkpt>
   <trkpt lat="45.5482800" lon="6.4617100">
    <ele>624</ele>
   </trkpt>
   <trkpt lat="45.5482900" lon="6.4614700">
    <ele>628</ele>
   </trkpt>
   <trkpt lat="45.5483100" lon="6.4613200">
    <ele>630</ele>
   </trkpt>
   <trkpt lat="45.5483400" lon="6.4612600">
    <ele>630</ele>
   </trkpt>
   <trkpt lat="45.5483700" lon="6.4612200">
    <ele>631</ele>
   </trkpt>
   <trkpt lat="45.5484099" lon="6.4611900">
    <ele>631</ele>
   </trkpt>
   <trkpt lat="45.5486999" lon="6.4610300">
    <ele>634</ele>
   </trkpt>
   <trkpt lat="45.5488000" lon="6.4609800">
    <ele>635</ele>
   </trkpt>
   <trkpt lat="45.5489100" lon="6.4609500">
    <ele>635</ele>
   </trkpt>
   <trkpt lat="45.5491200" lon="6.4609200">
    <ele>636</ele>
   </trkpt>
   <trkpt lat="45.5492800" lon="6.4609300">
    <ele>636</ele>
   </trkpt>
   <trkpt lat="45.5494400" lon="6.4609900">
    <ele>635</ele>
   </trkpt>
   <trkpt lat="45.5495200" lon="6.4610300">
    <ele>634</ele>
   </trkpt>
   <trkpt lat="45.5495900" lon="6.4610500">
    <ele>634</ele>
   </trkpt>
   <trkpt lat="45.5496300" lon="6.4610500">
    <ele>634</ele>
   </trkpt>
   <trkpt lat="45.5496500" lon="6.4610300">
    <ele>635</ele>
   </trkpt>
   <trkpt lat="45.5496700" lon="6.4609700">
    <ele>636</ele>
   </trkpt>
   <trkpt lat="45.5496600" lon="6.4609100">
    <ele>637</ele>
   </trkpt>
   <trkpt lat="45.5496300" lon="6.4608700">
    <ele>637</ele>
   </trkpt>
   <trkpt lat="45.5493300" lon="6.4606400">
    <ele>642</ele>
   </trkpt>
   <trkpt lat="45.5492100" lon="6.4605600">
    <ele>644</ele>
   </trkpt>
   <trkpt lat="45.5490799" lon="6.4605200">
    <ele>645</ele>
   </trkpt>
   <trkpt lat="45.5487899" lon="6.4604900">
    <ele>645</ele>
   </trkpt>
   <trkpt lat="45.5486300" lon="6.4604600">
    <ele>646</ele>
   </trkpt>
   <trkpt lat="45.5485500" lon="6.4604300">
    <ele>646</ele>
   </trkpt>
   <trkpt lat="45.5483100" lon="6.4602600">
    <ele>650</ele>
   </trkpt>
   <trkpt lat="45.5482400" lon="6.4602300">
    <ele>652</ele>
   </trkpt>
   <trkpt lat="45.5481100" lon="6.4601900">
    <ele>655</ele>
   </trkpt>
   <trkpt lat="45.5479000" lon="6.4601600">
    <ele>661</ele>
   </trkpt>
   <trkpt lat="45.5477800" lon="6.4601700">
    <ele>663</ele>
   </trkpt>
   <trkpt lat="45.5476600" lon="6.4602000">
    <ele>665</ele>
   </trkpt>
   <trkpt lat="45.5475400" lon="6.4602600">
    <ele>667</ele>
   </trkpt>
   <trkpt lat="45.5470200" lon="6.4606000">
    <ele>672</ele>
   </trkpt>
   <trkpt lat="45.5468000" lon="6.4607200">
    <ele>674</ele>
   </trkpt>
   <trkpt lat="45.5465700" lon="6.4608200">
    <ele>678</ele>
   </trkpt>
   <trkpt lat="45.5465300" lon="6.4608400">
    <ele>679</ele>
   </trkpt>
   <trkpt lat="45.5464600" lon="6.4609200">
    <ele>678</ele>
   </trkpt>
   <trkpt lat="45.5463800" lon="6.4611100">
    <ele>673</ele>
   </trkpt>
   <trkpt lat="45.5463600" lon="6.4611300">
    <ele>673</ele>
   </trkpt>
   <trkpt lat="45.5463400" lon="6.4611500">
    <ele>672</ele>
   </trkpt>
   <trkpt lat="45.5463000" lon="6.4611500">
    <ele>673</ele>
   </trkpt>
   <trkpt lat="45.5462700" lon="6.4611100">
    <ele>675</ele>
   </trkpt>
   <trkpt lat="45.5462599" lon="6.4610300">
    <ele>679</ele>
   </trkpt>
   <trkpt lat="45.5462700" lon="6.4607900">
    <ele>688</ele>
   </trkpt>
   <trkpt lat="45.5462800" lon="6.4606800">
    <ele>691</ele>
   </trkpt>
   <trkpt lat="45.5463300" lon="6.4605600">
    <ele>692</ele>
   </trkpt>
   <trkpt lat="45.5464000" lon="6.4604900">
    <ele>692</ele>
   </trkpt>
   <trkpt lat="45.5464399" lon="6.4604700">
    <ele>691</ele>
   </trkpt>
   <trkpt lat="45.5466000" lon="6.4604300">
    <ele>688</ele>
   </trkpt>
   <trkpt lat="45.5466700" lon="6.4603900">
    <ele>687</ele>
   </trkpt>
   <trkpt lat="45.5467200" lon="6.4603600">
    <ele>686</ele>
   </trkpt>
   <trkpt lat="45.5468300" lon="6.4602600">
    <ele>686</ele>
   </trkpt>
   <trkpt lat="45.5469200" lon="6.4601700">
    <ele>686</ele>
   </trkpt>
   <trkpt lat="45.5470200" lon="6.4600300">
    <ele>686</ele>
   </trkpt>
   <trkpt lat="45.5471300" lon="6.4597400">
    <ele>689</ele>
   </trkpt>
   <trkpt lat="45.5471999" lon="6.4595100">
    <ele>692</ele>
   </trkpt>
   <trkpt lat="45.5471900" lon="6.4594300">
    <ele>694</ele>
   </trkpt>
   <trkpt lat="45.5471700" lon="6.4593999">
    <ele>695</ele>
   </trkpt>
   <trkpt lat="45.5471500" lon="6.4593800">
    <ele>696</ele>
   </trkpt>
   <trkpt lat="45.5471100" lon="6.4593700">
    <ele>697</ele>
   </trkpt>
   <trkpt lat="45.5470900" lon="6.4593800">
    <ele>698</ele>
   </trkpt>
   <trkpt lat="45.5470600" lon="6.4593999">
    <ele>698</ele>
   </trkpt>
   <trkpt lat="45.5470400" lon="6.4594400">
    <ele>698</ele>
   </trkpt>
   <trkpt lat="45.5470100" lon="6.4596300">
    <ele>695</ele>
   </trkpt>
   <trkpt lat="45.5469800" lon="6.4597500">
    <ele>693</ele>
   </trkpt>
   <trkpt lat="45.5469300" lon="6.4598400">
    <ele>693</ele>
   </trkpt>
   <trkpt lat="45.5468800" lon="6.4599000">
    <ele>693</ele>
   </trkpt>
   <trkpt lat="45.5467700" lon="6.4599900">
    <ele>694</ele>
   </trkpt>
   <trkpt lat="45.5467000" lon="6.4600200">
    <ele>696</ele>
   </trkpt>
   <trkpt lat="45.5461300" lon="6.4601600">
    <ele>709</ele>
   </trkpt>
   <trkpt lat="45.5460500" lon="6.4602000">
    <ele>710</ele>
   </trkpt>
   <trkpt lat="45.5459900" lon="6.4602700">
    <ele>710</ele>
   </trkpt>
   <trkpt lat="45.5458600" lon="6.4605700">
    <ele>706</ele>
   </trkpt>
   <trkpt lat="45.5458100" lon="6.4606300">
    <ele>706</ele>
   </trkpt>
   <trkpt lat="45.5457700" lon="6.4606600">
    <ele>706</ele>
   </trkpt>
   <trkpt lat="45.5457100" lon="6.4606899">
    <ele>706</ele>
   </trkpt>
   <trkpt lat="45.5455700" lon="6.4607100">
    <ele>709</ele>
   </trkpt>
   <trkpt lat="45.5453900" lon="6.4607599">
    <ele>711</ele>
   </trkpt>
   <trkpt lat="45.5453199" lon="6.4607900">
    <ele>712</ele>
   </trkpt>
   <trkpt lat="45.5451800" lon="6.4608800">
    <ele>710</ele>
   </trkpt>
   <trkpt lat="45.5451000" lon="6.4609200">
    <ele>709</ele>
   </trkpt>
   <trkpt lat="45.5450600" lon="6.4609300">
    <ele>709</ele>
   </trkpt>
   <trkpt lat="45.5447900" lon="6.4609300">
    <ele>714</ele>
   </trkpt>
   <trkpt lat="45.5447200" lon="6.4609400">
    <ele>714</ele>
   </trkpt>
   <trkpt lat="45.5445700" lon="6.4609800">
    <ele>714</ele>
   </trkpt>
   <trkpt lat="45.5444400" lon="6.4610400">
    <ele>712</ele>
   </trkpt>
   <trkpt lat="45.5443500" lon="6.4610300">
    <ele>714</ele>
   </trkpt>
   <trkpt lat="45.5441900" lon="6.4609900">
    <ele>719</ele>
   </trkpt>
   <trkpt lat="45.5439500" lon="6.4610300">
    <ele>716</ele>
   </trkpt>
   <trkpt lat="45.5438199" lon="6.4610000">
    <ele>718</ele>
   </trkpt>
   <trkpt lat="45.5437500" lon="6.4609700">
    <ele>719</ele>
   </trkpt>
   <trkpt lat="45.5435900" lon="6.4608700">
    <ele>724</ele>
   </trkpt>
   <trkpt lat="45.5433700" lon="6.4607100">
    <ele>733</ele>
   </trkpt>
   <trkpt lat="45.5432599" lon="6.4606300">
    <ele>737</ele>
   </trkpt>
   <trkpt lat="45.5431800" lon="6.4605900">
    <ele>738</ele>
   </trkpt>
   <trkpt lat="45.5428400" lon="6.4605000">
    <ele>738</ele>
   </trkpt>
   <trkpt lat="45.5427500" lon="6.4604700">
    <ele>738</ele>
   </trkpt>
   <trkpt lat="45.5424700" lon="6.4603300">
    <ele>741</ele>
   </trkpt>
   <trkpt lat="45.5420700" lon="6.4600300">
    <ele>750</ele>
   </trkpt>
   <trkpt lat="45.5416200" lon="6.4598600">
    <ele>753</ele>
   </trkpt>
   <trkpt lat="45.5415100" lon="6.4598400">
    <ele>755</ele>
   </trkpt>
   <trkpt lat="45.5414100" lon="6.4598500">
    <ele>755</ele>
   </trkpt>
   <trkpt lat="45.5413100" lon="6.4598900">
    <ele>752</ele>
   </trkpt>
   <trkpt lat="45.5411000" lon="6.4600400">
    <ele>745</ele>
   </trkpt>
   <trkpt lat="45.5410100" lon="6.4600600">
    <ele>745</ele>
   </trkpt>
   <trkpt lat="45.5409000" lon="6.4600300">
    <ele>747</ele>
   </trkpt>
   <trkpt lat="45.5406500" lon="6.4598600">
    <ele>754</ele>
   </trkpt>
   <trkpt lat="45.5405600" lon="6.4598100">
    <ele>756</ele>
   </trkpt>
   <trkpt lat="45.5404800" lon="6.4597900">
    <ele>757</ele>
   </trkpt>
   <trkpt lat="45.5402500" lon="6.4597800">
    <ele>756</ele>
   </trkpt>
   <trkpt lat="45.5401700" lon="6.4597700">
    <ele>756</ele>
   </trkpt>
   <trkpt lat="45.5398700" lon="6.4596200">
    <ele>762</ele>
   </trkpt>
   <trkpt lat="45.5398000" lon="6.4596000">
    <ele>762</ele>
   </trkpt>
   <trkpt lat="45.5395200" lon="6.4596100">
    <ele>762</ele>
   </trkpt>
   <trkpt lat="45.5394400" lon="6.4596000">
    <ele>762</ele>
   </trkpt>
   <trkpt lat="45.5392400" lon="6.4595900">
    <ele>762</ele>
   </trkpt>
   <trkpt lat="45.5390100" lon="6.4596100">
    <ele>763</ele>
   </trkpt>
   <trkpt lat="45.5389000" lon="6.4596300">
    <ele>764</ele>
   </trkpt>
   <trkpt lat="45.5386200" lon="6.4597200">
    <ele>763</ele>
   </trkpt>
   <trkpt lat="45.5385500" lon="6.4597200">
    <ele>764</ele>
   </trkpt>
   <trkpt lat="45.5383700" lon="6.4597100">
    <ele>767</ele>
   </trkpt>
   <trkpt lat="45.5380600" lon="6.4596500">
    <ele>775</ele>
   </trkpt>
   <trkpt lat="45.5377300" lon="6.4596300">
    <ele>781</ele>
   </trkpt>
   <trkpt lat="45.5375900" lon="6.4596500">
    <ele>783</ele>
   </trkpt>
   <trkpt lat="45.5375200" lon="6.4597200">
    <ele>779</ele>
   </trkpt>
   <trkpt lat="45.5374600" lon="6.4597300">
    <ele>781</ele>
   </trkpt>
   <trkpt lat="45.5374000" lon="6.4597300">
    <ele>783</ele>
   </trkpt>
   <trkpt lat="45.5370900" lon="6.4598000">
    <ele>792</ele>
   </trkpt>
   <trkpt lat="45.5370000" lon="6.4598500">
    <ele>794</ele>
   </trkpt>
   <trkpt lat="45.5369100" lon="6.4599200">
    <ele>794</ele>
   </trkpt>
   <trkpt lat="45.5367600" lon="6.4601100">
    <ele>793</ele>
   </trkpt>
   <trkpt lat="45.5366900" lon="6.4602200">
    <ele>792</ele>
   </trkpt>
   <trkpt lat="45.5366300" lon="6.4603400">
    <ele>791</ele>
   </trkpt>
   <trkpt lat="45.5365899" lon="6.4604600">
    <ele>789</ele>
   </trkpt>
   <trkpt lat="45.5365400" lon="6.4606800">
    <ele>784</ele>
   </trkpt>
   <trkpt lat="45.5365100" lon="6.4607400">
    <ele>783</ele>
   </trkpt>
   <trkpt lat="45.5364800" lon="6.4607800">
    <ele>783</ele>
   </trkpt>
   <trkpt lat="45.5364400" lon="6.4608200">
    <ele>783</ele>
   </trkpt>
   <trkpt lat="45.5362800" lon="6.4608700">
    <ele>789</ele>
   </trkpt>
   <trkpt lat="45.5362099" lon="6.4609300">
    <ele>790</ele>
   </trkpt>
   <trkpt lat="45.5361400" lon="6.4610100">
    <ele>791</ele>
   </trkpt>
   <trkpt lat="45.5356400" lon="6.4617500">
    <ele>790</ele>
   </trkpt>
   <trkpt lat="45.5354800" lon="6.4619200">
    <ele>790</ele>
   </trkpt>
   <trkpt lat="45.5354500" lon="6.4619500">
    <ele>790</ele>
   </trkpt>
   <trkpt lat="45.5354000" lon="6.4619700">
    <ele>791</ele>
   </trkpt>
   <trkpt lat="45.5349100" lon="6.4620700">
    <ele>801</ele>
   </trkpt>
   <trkpt lat="45.5345700" lon="6.4621300">
    <ele>804</ele>
   </trkpt>
   <trkpt lat="45.5343900" lon="6.4621200">
    <ele>806</ele>
   </trkpt>
   <trkpt lat="45.5342000" lon="6.4620600">
    <ele>810</ele>
   </trkpt>
   <trkpt lat="45.5341300" lon="6.4620500">
    <ele>812</ele>
   </trkpt>
   <trkpt lat="45.5340200" lon="6.4620600">
    <ele>815</ele>
   </trkpt>
   <trkpt lat="45.5339699" lon="6.4620800">
    <ele>816</ele>
   </trkpt>
   <trkpt lat="45.5338700" lon="6.4621600">
    <ele>817</ele>
   </trkpt>
   <trkpt lat="45.5338300" lon="6.4622100">
    <ele>816</ele>
   </trkpt>
   <trkpt lat="45.5337600" lon="6.4623200">
    <ele>815</ele>
   </trkpt>
   <trkpt lat="45.5337000" lon="6.4624800">
    <ele>811</ele>
   </trkpt>
   <trkpt lat="45.5336500" lon="6.4627500">
    <ele>803</ele>
   </trkpt>
   <trkpt lat="45.5336300" lon="6.4628000">
    <ele>802</ele>
   </trkpt>
   <trkpt lat="45.5336000" lon="6.4628400">
    <ele>801</ele>
   </trkpt>
   <trkpt lat="45.5335600" lon="6.4628700">
    <ele>801</ele>
   </trkpt>
   <trkpt lat="45.5335100" lon="6.4628900">
    <ele>802</ele>
   </trkpt>
   <trkpt lat="45.5334100" lon="6.4629200">
    <ele>804</ele>
   </trkpt>
   <trkpt lat="45.5327700" lon="6.4629400">
    <ele>822</ele>
   </trkpt>
   <trkpt lat="45.5325300" lon="6.4629700">
    <ele>828</ele>
   </trkpt>
   <trkpt lat="45.5323200" lon="6.4630800">
    <ele>826</ele>
   </trkpt>
   <trkpt lat="45.5320100" lon="6.4631600">
    <ele>829</ele>
   </trkpt>
   <trkpt lat="45.5319400" lon="6.4631900">
    <ele>829</ele>
   </trkpt>
   <trkpt lat="45.5311600" lon="6.4636100">
    <ele>825</ele>
   </trkpt>
   <trkpt lat="45.5308800" lon="6.4637500">
    <ele>826</ele>
   </trkpt>
   <trkpt lat="45.5307600" lon="6.4638000">
    <ele>826</ele>
   </trkpt>
   <trkpt lat="45.5306200" lon="6.4638400">
    <ele>825</ele>
   </trkpt>
   <trkpt lat="45.5305500" lon="6.4638400">
    <ele>826</ele>
   </trkpt>
   <trkpt lat="45.5304600" lon="6.4638200">
    <ele>827</ele>
   </trkpt>
   <trkpt lat="45.5303900" lon="6.4637900">
    <ele>829</ele>
   </trkpt>
   <trkpt lat="45.5302500" lon="6.4637300">
    <ele>832</ele>
   </trkpt>
   <trkpt lat="45.5301800" lon="6.4637100">
    <ele>834</ele>
   </trkpt>
   <trkpt lat="45.5301100" lon="6.4637399">
    <ele>833</ele>
   </trkpt>
   <trkpt lat="45.5299900" lon="6.4638400">
    <ele>830</ele>
   </trkpt>
   <trkpt lat="45.5299500" lon="6.4638500">
    <ele>829</ele>
   </trkpt>
   <trkpt lat="45.5298600" lon="6.4638600">
    <ele>828</ele>
   </trkpt>
   <trkpt lat="45.5297600" lon="6.4638000">
    <ele>829</ele>
   </trkpt>
   <trkpt lat="45.5296200" lon="6.4636600">
    <ele>832</ele>
   </trkpt>
   <trkpt lat="45.5295300" lon="6.4635900">
    <ele>833</ele>
   </trkpt>
   <trkpt lat="45.5290899" lon="6.4633000">
    <ele>837</ele>
   </trkpt>
   <trkpt lat="45.5288800" lon="6.4631900">
    <ele>836</ele>
   </trkpt>
   <trkpt lat="45.5287999" lon="6.4631299">
    <ele>836</ele>
   </trkpt>
   <trkpt lat="45.5286400" lon="6.4629700">
    <ele>838</ele>
   </trkpt>
   <trkpt lat="45.5284199" lon="6.4627300">
    <ele>840</ele>
   </trkpt>
   <trkpt lat="45.5282100" lon="6.4624700">
    <ele>843</ele>
   </trkpt>
   <trkpt lat="45.5279600" lon="6.4620300">
    <ele>850</ele>
   </trkpt>
   <trkpt lat="45.5276600" lon="6.4615800">
    <ele>853</ele>
   </trkpt>
   <trkpt lat="45.5275300" lon="6.4612999">
    <ele>857</ele>
   </trkpt>
   <trkpt lat="45.5274800" lon="6.4612200">
    <ele>859</ele>
   </trkpt>
   <trkpt lat="45.5274300" lon="6.4611700">
    <ele>860</ele>
   </trkpt>
   <trkpt lat="45.5273700" lon="6.4611300">
    <ele>860</ele>
   </trkpt>
   <trkpt lat="45.5271600" lon="6.4610000">
    <ele>862</ele>
   </trkpt>
   <trkpt lat="45.5270400" lon="6.4609300">
    <ele>863</ele>
   </trkpt>
   <trkpt lat="45.5268100" lon="6.4608400">
    <ele>864</ele>
   </trkpt>
   <trkpt lat="45.5264000" lon="6.4607900">
    <ele>865</ele>
   </trkpt>
   <trkpt lat="45.5262800" lon="6.4607900">
    <ele>865</ele>
   </trkpt>
   <trkpt lat="45.5259000" lon="6.4608300">
    <ele>860</ele>
   </trkpt>
   <trkpt lat="45.5255300" lon="6.4608100">
    <ele>862</ele>
   </trkpt>
   <trkpt lat="45.5253100" lon="6.4608300">
    <ele>860</ele>
   </trkpt>
   <trkpt lat="45.5251900" lon="6.4608300">
    <ele>860</ele>
   </trkpt>
   <trkpt lat="45.5250900" lon="6.4608300">
    <ele>860</ele>
   </trkpt>
   <trkpt lat="45.5249700" lon="6.4608000">
    <ele>862</ele>
   </trkpt>
   <trkpt lat="45.5247900" lon="6.4607500">
    <ele>864</ele>
   </trkpt>
   <trkpt lat="45.5244300" lon="6.4606899">
    <ele>863</ele>
   </trkpt>
   <trkpt lat="45.5242999" lon="6.4606500">
    <ele>864</ele>
   </trkpt>
   <trkpt lat="45.5241800" lon="6.4606000">
    <ele>864</ele>
   </trkpt>
   <trkpt lat="45.5240600" lon="6.4605200">
    <ele>864</ele>
   </trkpt>
   <trkpt lat="45.5239500" lon="6.4604300">
    <ele>864</ele>
   </trkpt>
   <trkpt lat="45.5238600" lon="6.4603200">
    <ele>866</ele>
   </trkpt>
   <trkpt lat="45.5238000" lon="6.4602300">
    <ele>867</ele>
   </trkpt>
   <trkpt lat="45.5237000" lon="6.4600700">
    <ele>870</ele>
   </trkpt>
   <trkpt lat="45.5235700" lon="6.4597800">
    <ele>879</ele>
   </trkpt>
   <trkpt lat="45.5234900" lon="6.4596600">
    <ele>882</ele>
   </trkpt>
   <trkpt lat="45.5234100" lon="6.4595600">
    <ele>884</ele>
   </trkpt>
   <trkpt lat="45.5233100" lon="6.4594800">
    <ele>885</ele>
   </trkpt>
   <trkpt lat="45.5226800" lon="6.4590400">
    <ele>888</ele>
   </trkpt>
   <trkpt lat="45.5224600" lon="6.4588500">
    <ele>891</ele>
   </trkpt>
   <trkpt lat="45.5223600" lon="6.4587400">
    <ele>892</ele>
   </trkpt>
   <trkpt lat="45.5221700" lon="6.4585000">
    <ele>896</ele>
   </trkpt>
   <trkpt lat="45.5220800" lon="6.4584100">
    <ele>896</ele>
   </trkpt>
   <trkpt lat="45.5218800" lon="6.4582499">
    <ele>895</ele>
   </trkpt>
   <trkpt lat="45.5217900" lon="6.4581600">
    <ele>895</ele>
   </trkpt>
   <trkpt lat="45.5213400" lon="6.4575699">
    <ele>902</ele>
   </trkpt>
   <trkpt lat="45.5211400" lon="6.4573400">
    <ele>905</ele>
   </trkpt>
   <trkpt lat="45.5210300" lon="6.4572500">
    <ele>905</ele>
   </trkpt>
   <trkpt lat="45.5209199" lon="6.4571600">
    <ele>904</ele>
   </trkpt>
   <trkpt lat="45.5207000" lon="6.4570200">
    <ele>902</ele>
   </trkpt>
   <trkpt lat="45.5205200" lon="6.4569100">
    <ele>899</ele>
   </trkpt>
   <trkpt lat="45.5203599" lon="6.4568600">
    <ele>895</ele>
   </trkpt>
   <trkpt lat="45.5202800" lon="6.4568100">
    <ele>894</ele>
   </trkpt>
   <trkpt lat="45.5202699" lon="6.4567700">
    <ele>895</ele>
   </trkpt>
   <trkpt lat="45.5202600" lon="6.4567200">
    <ele>897</ele>
   </trkpt>
   <trkpt lat="45.5202800" lon="6.4566800">
    <ele>899</ele>
   </trkpt>
   <trkpt lat="45.5203000" lon="6.4566500">
    <ele>900</ele>
   </trkpt>
   <trkpt lat="45.5203300" lon="6.4566300">
    <ele>902</ele>
   </trkpt>
   <trkpt lat="45.5203599" lon="6.4566300">
    <ele>903</ele>
   </trkpt>
   <trkpt lat="45.5204600" lon="6.4567200">
    <ele>903</ele>
   </trkpt>
   <trkpt lat="45.5206100" lon="6.4568100">
    <ele>905</ele>
   </trkpt>
   <trkpt lat="45.5207100" lon="6.4568600">
    <ele>907</ele>
   </trkpt>
   <trkpt lat="45.5211400" lon="6.4570299">
    <ele>916</ele>
   </trkpt>
   <trkpt lat="45.5213700" lon="6.4571600">
    <ele>918</ele>
   </trkpt>
   <trkpt lat="45.5214900" lon="6.4572400">
    <ele>919</ele>
   </trkpt>
   <trkpt lat="45.5219800" lon="6.4576100">
    <ele>921</ele>
   </trkpt>
   <trkpt lat="45.5221300" lon="6.4577099">
    <ele>922</ele>
   </trkpt>
   <trkpt lat="45.5222399" lon="6.4577700">
    <ele>924</ele>
   </trkpt>
   <trkpt lat="45.5223500" lon="6.4578600">
    <ele>925</ele>
   </trkpt>
   <trkpt lat="45.5224400" lon="6.4579800">
    <ele>924</ele>
   </trkpt>
   <trkpt lat="45.5226200" lon="6.4583000">
    <ele>919</ele>
   </trkpt>
   <trkpt lat="45.5226700" lon="6.4583700">
    <ele>918</ele>
   </trkpt>
   <trkpt lat="45.5227099" lon="6.4584100">
    <ele>917</ele>
   </trkpt>
   <trkpt lat="45.5227300" lon="6.4584100">
    <ele>918</ele>
   </trkpt>
   <trkpt lat="45.5227900" lon="6.4584100">
    <ele>920</ele>
   </trkpt>
   <trkpt lat="45.5227999" lon="6.4583900">
    <ele>921</ele>
   </trkpt>
   <trkpt lat="45.5228100" lon="6.4583600">
    <ele>922</ele>
   </trkpt>
   <trkpt lat="45.5228100" lon="6.4583100">
    <ele>924</ele>
   </trkpt>
   <trkpt lat="45.5227999" lon="6.4582700">
    <ele>925</ele>
   </trkpt>
   <trkpt lat="45.5227900" lon="6.4582499">
    <ele>926</ele>
   </trkpt>
   <trkpt lat="45.5227000" lon="6.4581900">
    <ele>925</ele>
   </trkpt>
   <trkpt lat="45.5226300" lon="6.4581099">
    <ele>926</ele>
   </trkpt>
   <trkpt lat="45.5225800" lon="6.4580300">
    <ele>927</ele>
   </trkpt>
   <trkpt lat="45.5224700" lon="6.4578200">
    <ele>931</ele>
   </trkpt>
   <trkpt lat="45.5224000" lon="6.4577200">
    <ele>931</ele>
   </trkpt>
   <trkpt lat="45.5220100" lon="6.4572900">
    <ele>934</ele>
   </trkpt>
   <trkpt lat="45.5216600" lon="6.4568300">
    <ele>940</ele>
   </trkpt>
   <trkpt lat="45.5213200" lon="6.4564100">
    <ele>947</ele>
   </trkpt>
   <trkpt lat="45.5210700" lon="6.4561100">
    <ele>952</ele>
   </trkpt>
   <trkpt lat="45.5209500" lon="6.4559900">
    <ele>952</ele>
   </trkpt>
   <trkpt lat="45.5206700" lon="6.4557600">
    <ele>949</ele>
   </trkpt>
   <trkpt lat="45.5204400" lon="6.4555100">
    <ele>947</ele>
   </trkpt>
   <trkpt lat="45.5202600" lon="6.4553800">
    <ele>943</ele>
   </trkpt>
   <trkpt lat="45.5202100" lon="6.4553100">
    <ele>943</ele>
   </trkpt>
   <trkpt lat="45.5201500" lon="6.4552200">
    <ele>943</ele>
   </trkpt>
   <trkpt lat="45.5201000" lon="6.4551200">
    <ele>943</ele>
   </trkpt>
   <trkpt lat="45.5199400" lon="6.4547100">
    <ele>948</ele>
   </trkpt>
   <trkpt lat="45.5198100" lon="6.4543700">
    <ele>955</ele>
   </trkpt>
   <trkpt lat="45.5197600" lon="6.4542200">
    <ele>958</ele>
   </trkpt>
   <trkpt lat="45.5196400" lon="6.4537100">
    <ele>972</ele>
   </trkpt>
   <trkpt lat="45.5196200" lon="6.4535700">
    <ele>976</ele>
   </trkpt>
   <trkpt lat="45.5195700" lon="6.4531500">
    <ele>989</ele>
   </trkpt>
   <trkpt lat="45.5195500" lon="6.4530400">
    <ele>992</ele>
   </trkpt>
   <trkpt lat="45.5195200" lon="6.4529400">
    <ele>995</ele>
   </trkpt>
   <trkpt lat="45.5195000" lon="6.4529000">
    <ele>996</ele>
   </trkpt>
   <trkpt lat="45.5194300" lon="6.4528400">
    <ele>998</ele>
   </trkpt>
   <trkpt lat="45.5193800" lon="6.4528299">
    <ele>998</ele>
   </trkpt>
   <trkpt lat="45.5193200" lon="6.4528600">
    <ele>996</ele>
   </trkpt>
   <trkpt lat="45.5192600" lon="6.4529200">
    <ele>993</ele>
   </trkpt>
   <trkpt lat="45.5192200" lon="6.4530100">
    <ele>988</ele>
   </trkpt>
   <trkpt lat="45.5191900" lon="6.4531200">
    <ele>983</ele>
   </trkpt>
   <trkpt lat="45.5191800" lon="6.4532299">
    <ele>977</ele>
   </trkpt>
   <trkpt lat="45.5191400" lon="6.4535600">
    <ele>967</ele>
   </trkpt>
   <trkpt lat="45.5190700" lon="6.4537300">
    <ele>964</ele>
   </trkpt>
   <trkpt lat="45.5190500" lon="6.4537600">
    <ele>964</ele>
   </trkpt>
   <trkpt lat="45.5189900" lon="6.4538000">
    <ele>963</ele>
   </trkpt>
   <trkpt lat="45.5188100" lon="6.4538600">
    <ele>964</ele>
   </trkpt>
   <trkpt lat="45.5187500" lon="6.4539099">
    <ele>964</ele>
   </trkpt>
   <trkpt lat="45.5186900" lon="6.4539700">
    <ele>963</ele>
   </trkpt>
   <trkpt lat="45.5185800" lon="6.4541100">
    <ele>961</ele>
   </trkpt>
   <trkpt lat="45.5184700" lon="6.4542100">
    <ele>959</ele>
   </trkpt>
   <trkpt lat="45.5184100" lon="6.4542500">
    <ele>958</ele>
   </trkpt>
   <trkpt lat="45.5183600" lon="6.4542600">
    <ele>958</ele>
   </trkpt>
   <trkpt lat="45.5183300" lon="6.4542600">
    <ele>958</ele>
   </trkpt>
   <trkpt lat="45.5182500" lon="6.4542100">
    <ele>958</ele>
   </trkpt>
   <trkpt lat="45.5180700" lon="6.4540700">
    <ele>957</ele>
   </trkpt>
   <trkpt lat="45.5179300" lon="6.4539200">
    <ele>957</ele>
   </trkpt>
   <trkpt lat="45.5178500" lon="6.4538000">
    <ele>958</ele>
   </trkpt>
   <trkpt lat="45.5177100" lon="6.4535700">
    <ele>960</ele>
   </trkpt>
   <trkpt lat="45.5176100" lon="6.4533500">
    <ele>963</ele>
   </trkpt>
   <trkpt lat="45.5175800" lon="6.4532700">
    <ele>964</ele>
   </trkpt>
   <trkpt lat="45.5175100" lon="6.4529500">
    <ele>969</ele>
   </trkpt>
   <trkpt lat="45.5174900" lon="6.4529000">
    <ele>969</ele>
   </trkpt>
   <trkpt lat="45.5174700" lon="6.4528600">
    <ele>969</ele>
   </trkpt>
   <trkpt lat="45.5174400" lon="6.4528400">
    <ele>969</ele>
   </trkpt>
   <trkpt lat="45.5174000" lon="6.4528200">
    <ele>969</ele>
   </trkpt>
   <trkpt lat="45.5172200" lon="6.4527700">
    <ele>965</ele>
   </trkpt>
   <trkpt lat="45.5171500" lon="6.4527300">
    <ele>965</ele>
   </trkpt>
   <trkpt lat="45.5170900" lon="6.4526800">
    <ele>965</ele>
   </trkpt>
   <trkpt lat="45.5168700" lon="6.4524300">
    <ele>969</ele>
   </trkpt>
   <trkpt lat="45.5168100" lon="6.4523800">
    <ele>970</ele>
   </trkpt>
   <trkpt lat="45.5165800" lon="6.4522600">
    <ele>970</ele>
   </trkpt>
   <trkpt lat="45.5164100" lon="6.4521700">
    <ele>969</ele>
   </trkpt>
   <trkpt lat="45.5161900" lon="6.4520300">
    <ele>968</ele>
   </trkpt>
   <trkpt lat="45.5160399" lon="6.4519100">
    <ele>968</ele>
   </trkpt>
   <trkpt lat="45.5157500" lon="6.4516500">
    <ele>969</ele>
   </trkpt>
   <trkpt lat="45.5155600" lon="6.4514600">
    <ele>971</ele>
   </trkpt>
   <trkpt lat="45.5152000" lon="6.4510400">
    <ele>975</ele>
   </trkpt>
   <trkpt lat="45.5151100" lon="6.4509500">
    <ele>975</ele>
   </trkpt>
   <trkpt lat="45.5148200" lon="6.4507300">
    <ele>972</ele>
   </trkpt>
   <trkpt lat="45.5147300" lon="6.4506400">
    <ele>973</ele>
   </trkpt>
   <trkpt lat="45.5145000" lon="6.4503000">
    <ele>979</ele>
   </trkpt>
   <trkpt lat="45.5142200" lon="6.4500200">
    <ele>979</ele>
   </trkpt>
   <trkpt lat="45.5137799" lon="6.4494400">
    <ele>982</ele>
   </trkpt>
   <trkpt lat="45.5133000" lon="6.4488899">
    <ele>973</ele>
   </trkpt>
   <trkpt lat="45.5131800" lon="6.4487200">
    <ele>969</ele>
   </trkpt>
   <trkpt lat="45.5131100" lon="6.4485900">
    <ele>967</ele>
   </trkpt>
   <trkpt lat="45.5130900" lon="6.4485200">
    <ele>967</ele>
   </trkpt>
   <trkpt lat="45.5130800" lon="6.4484600">
    <ele>967</ele>
   </trkpt>
   <trkpt lat="45.5130800" lon="6.4484000">
    <ele>968</ele>
   </trkpt>
   <trkpt lat="45.5131600" lon="6.4481300">
    <ele>978</ele>
   </trkpt>
   <trkpt lat="45.5132000" lon="6.4479100">
    <ele>985</ele>
   </trkpt>
   <trkpt lat="45.5132400" lon="6.4477600">
    <ele>991</ele>
   </trkpt>
   <trkpt lat="45.5133100" lon="6.4475400">
    <ele>1000</ele>
   </trkpt>
   <trkpt lat="45.5133400" lon="6.4474400">
    <ele>1002</ele>
   </trkpt>
   <trkpt lat="45.5133800" lon="6.4470900">
    <ele>1005</ele>
   </trkpt>
   <trkpt lat="45.5134800" lon="6.4465500">
    <ele>1014</ele>
   </trkpt>
   <trkpt lat="45.5135000" lon="6.4464300">
    <ele>1016</ele>
   </trkpt>
   <trkpt lat="45.5135099" lon="6.4463300">
    <ele>1018</ele>
   </trkpt>
   <trkpt lat="45.5135000" lon="6.4462400">
    <ele>1018</ele>
   </trkpt>
   <trkpt lat="45.5134900" lon="6.4461500">
    <ele>1018</ele>
   </trkpt>
   <trkpt lat="45.5134300" lon="6.4459600">
    <ele>1015</ele>
   </trkpt>
   <trkpt lat="45.5134100" lon="6.4458800">
    <ele>1014</ele>
   </trkpt>
   <trkpt lat="45.5134100" lon="6.4456400">
    <ele>1016</ele>
   </trkpt>
   <trkpt lat="45.5134100" lon="6.4455000">
    <ele>1018</ele>
   </trkpt>
   <trkpt lat="45.5134400" lon="6.4452500">
    <ele>1022</ele>
   </trkpt>
   <trkpt lat="45.5135200" lon="6.4449800">
    <ele>1030</ele>
   </trkpt>
   <trkpt lat="45.5135300" lon="6.4448900">
    <ele>1033</ele>
   </trkpt>
   <trkpt lat="45.5135200" lon="6.4448500">
    <ele>1033</ele>
   </trkpt>
   <trkpt lat="45.5134700" lon="6.4447900">
    <ele>1031</ele>
   </trkpt>
   <trkpt lat="45.5134200" lon="6.4447400">
    <ele>1029</ele>
   </trkpt>
   <trkpt lat="45.5133200" lon="6.4446800">
    <ele>1025</ele>
   </trkpt>
   <trkpt lat="45.5132400" lon="6.4446700">
    <ele>1027</ele>
   </trkpt>
   <trkpt lat="45.5131500" lon="6.4447000">
    <ele>1027</ele>
   </trkpt>
   <trkpt lat="45.5127600" lon="6.4449000">
    <ele>1024</ele>
   </trkpt>
   <trkpt lat="45.5126599" lon="6.4449600">
    <ele>1022</ele>
   </trkpt>
   <trkpt lat="45.5122700" lon="6.4452700">
    <ele>1019</ele>
   </trkpt>
   <trkpt lat="45.5120099" lon="6.4454500">
    <ele>1021</ele>
   </trkpt>
   <trkpt lat="45.5119300" lon="6.4455400">
    <ele>1019</ele>
   </trkpt>
   <trkpt lat="45.5117900" lon="6.4457600">
    <ele>1013</ele>
   </trkpt>
   <trkpt lat="45.5117100" lon="6.4458500">
    <ele>1012</ele>
   </trkpt>
   <trkpt lat="45.5116200" lon="6.4459400">
    <ele>1012</ele>
   </trkpt>
   <trkpt lat="45.5115300" lon="6.4460100">
    <ele>1012</ele>
   </trkpt>
   <trkpt lat="45.5112000" lon="6.4462000">
    <ele>1017</ele>
   </trkpt>
   <trkpt lat="45.5104700" lon="6.4467000">
    <ele>1012</ele>
   </trkpt>
   <trkpt lat="45.5102300" lon="6.4468300">
    <ele>1010</ele>
   </trkpt>
   <trkpt lat="45.5100700" lon="6.4468800">
    <ele>1010</ele>
   </trkpt>
   <trkpt lat="45.5100000" lon="6.4468900">
    <ele>1011</ele>
   </trkpt>
   <trkpt lat="45.5099000" lon="6.4468900">
    <ele>1010</ele>
   </trkpt>
   <trkpt lat="45.5097400" lon="6.4468600">
    <ele>1009</ele>
   </trkpt>
   <trkpt lat="45.5095699" lon="6.4468000">
    <ele>1009</ele>
   </trkpt>
   <trkpt lat="45.5094800" lon="6.4467299">
    <ele>1011</ele>
   </trkpt>
   <trkpt lat="45.5089500" lon="6.4463300">
    <ele>1019</ele>
   </trkpt>
   <trkpt lat="45.5088800" lon="6.4462700">
    <ele>1019</ele>
   </trkpt>
   <trkpt lat="45.5087700" lon="6.4461300">
    <ele>1022</ele>
   </trkpt>
   <trkpt lat="45.5087199" lon="6.4460800">
    <ele>1022</ele>
   </trkpt>
   <trkpt lat="45.5086700" lon="6.4460499">
    <ele>1022</ele>
   </trkpt>
   <trkpt lat="45.5083800" lon="6.4459500">
    <ele>1016</ele>
   </trkpt>
   <trkpt lat="45.5082800" lon="6.4459000">
    <ele>1014</ele>
   </trkpt>
   <trkpt lat="45.5080900" lon="6.4458000">
    <ele>1013</ele>
   </trkpt>
   <trkpt lat="45.5080000" lon="6.4457300">
    <ele>1014</ele>
   </trkpt>
   <trkpt lat="45.5079100" lon="6.4456500">
    <ele>1015</ele>
   </trkpt>
   <trkpt lat="45.5076100" lon="6.4452700">
    <ele>1022</ele>
   </trkpt>
   <trkpt lat="45.5075500" lon="6.4452000">
    <ele>1023</ele>
   </trkpt>
   <trkpt lat="45.5074900" lon="6.4451599">
    <ele>1022</ele>
   </trkpt>
   <trkpt lat="45.5074200" lon="6.4451200">
    <ele>1023</ele>
   </trkpt>
   <trkpt lat="45.5071500" lon="6.4450700">
    <ele>1020</ele>
   </trkpt>
   <trkpt lat="45.5070800" lon="6.4450500">
    <ele>1019</ele>
   </trkpt>
   <trkpt lat="45.5068700" lon="6.4449100">
    <ele>1022</ele>
   </trkpt>
   <trkpt lat="45.5067600" lon="6.4448700">
    <ele>1022</ele>
   </trkpt>
   <trkpt lat="45.5063699" lon="6.4448800">
    <ele>1013</ele>
   </trkpt>
   <trkpt lat="45.5061600" lon="6.4448500">
    <ele>1009</ele>
   </trkpt>
   <trkpt lat="45.5060300" lon="6.4448100">
    <ele>1008</ele>
   </trkpt>
   <trkpt lat="45.5057600" lon="6.4447000">
    <ele>1005</ele>
   </trkpt>
   <trkpt lat="45.5056600" lon="6.4446400">
    <ele>1004</ele>
   </trkpt>
   <trkpt lat="45.5054800" lon="6.4444900">
    <ele>1002</ele>
   </trkpt>
   <trkpt lat="45.5054000" lon="6.4443900">
    <ele>1003</ele>
   </trkpt>
   <trkpt lat="45.5053300" lon="6.4442800">
    <ele>1004</ele>
   </trkpt>
   <trkpt lat="45.5052100" lon="6.4440300">
    <ele>1009</ele>
   </trkpt>
   <trkpt lat="45.5051500" lon="6.4439200">
    <ele>1011</ele>
   </trkpt>
   <trkpt lat="45.5050700" lon="6.4438300">
    <ele>1011</ele>
   </trkpt>
   <trkpt lat="45.5048900" lon="6.4436700">
    <ele>1009</ele>
   </trkpt>
   <trkpt lat="45.5048100" lon="6.4435800">
    <ele>1009</ele>
   </trkpt>
   <trkpt lat="45.5046100" lon="6.4432600">
    <ele>1014</ele>
   </trkpt>
   <trkpt lat="45.5045400" lon="6.4431800">
    <ele>1014</ele>
   </trkpt>
   <trkpt lat="45.5043800" lon="6.4430600">
    <ele>1011</ele>
   </trkpt>
   <trkpt lat="45.5043099" lon="6.4429900">
    <ele>1011</ele>
   </trkpt>
   <trkpt lat="45.5042700" lon="6.4429000">
    <ele>1013</ele>
   </trkpt>
   <trkpt lat="45.5042600" lon="6.4427899">
    <ele>1017</ele>
   </trkpt>
   <trkpt lat="45.5042600" lon="6.4425100">
    <ele>1029</ele>
   </trkpt>
   <trkpt lat="45.5042500" lon="6.4424400">
    <ele>1032</ele>
   </trkpt>
   <trkpt lat="45.5042300" lon="6.4423800">
    <ele>1033</ele>
   </trkpt>
   <trkpt lat="45.5042000" lon="6.4423400">
    <ele>1033</ele>
   </trkpt>
   <trkpt lat="45.5041500" lon="6.4423000">
    <ele>1033</ele>
   </trkpt>
   <trkpt lat="45.5040900" lon="6.4422800">
    <ele>1032</ele>
   </trkpt>
   <trkpt lat="45.5040400" lon="6.4422700">
    <ele>1030</ele>
   </trkpt>
   <trkpt lat="45.5037200" lon="6.4423300">
    <ele>1015</ele>
   </trkpt>
   <trkpt lat="45.5036400" lon="6.4423199">
    <ele>1012</ele>
   </trkpt>
   <trkpt lat="45.5035600" lon="6.4422900">
    <ele>1011</ele>
   </trkpt>
   <trkpt lat="45.5034800" lon="6.4422200">
    <ele>1011</ele>
   </trkpt>
   <trkpt lat="45.5033600" lon="6.4420800">
    <ele>1014</ele>
   </trkpt>
   <trkpt lat="45.5032400" lon="6.4419800">
    <ele>1014</ele>
   </trkpt>
   <trkpt lat="45.5030300" lon="6.4418200">
    <ele>1013</ele>
   </trkpt>
   <trkpt lat="45.5028300" lon="6.4416300">
    <ele>1013</ele>
   </trkpt>
   <trkpt lat="45.5027400" lon="6.4415300">
    <ele>1014</ele>
   </trkpt>
   <trkpt lat="45.5026700" lon="6.4414200">
    <ele>1017</ele>
   </trkpt>
   <trkpt lat="45.5025100" lon="6.4411300">
    <ele>1024</ele>
   </trkpt>
   <trkpt lat="45.5024100" lon="6.4409800">
    <ele>1027</ele>
   </trkpt>
   <trkpt lat="45.5023600" lon="6.4409500">
    <ele>1027</ele>
   </trkpt>
   <trkpt lat="45.5023000" lon="6.4409200">
    <ele>1025</ele>
   </trkpt>
   <trkpt lat="45.5020900" lon="6.4408400">
    <ele>1019</ele>
   </trkpt>
   <trkpt lat="45.5019900" lon="6.4407800">
    <ele>1018</ele>
   </trkpt>
   <trkpt lat="45.5018900" lon="6.4407000">
    <ele>1018</ele>
   </trkpt>
   <trkpt lat="45.5016900" lon="6.4405000">
    <ele>1020</ele>
   </trkpt>
   <trkpt lat="45.5015100" lon="6.4402700">
    <ele>1024</ele>
   </trkpt>
   <trkpt lat="45.5013000" lon="6.4400400">
    <ele>1025</ele>
   </trkpt>
   <trkpt lat="45.5006600" lon="6.4394400">
    <ele>1019</ele>
   </trkpt>
   <trkpt lat="45.5005600" lon="6.4393399">
    <ele>1019</ele>
   </trkpt>
   <trkpt lat="45.5004700" lon="6.4392200">
    <ele>1021</ele>
   </trkpt>
   <trkpt lat="45.5003300" lon="6.4389900">
    <ele>1024</ele>
   </trkpt>
   <trkpt lat="45.5002799" lon="6.4389500">
    <ele>1024</ele>
   </trkpt>
   <trkpt lat="45.5002100" lon="6.4389000">
    <ele>1022</ele>
   </trkpt>
   <trkpt lat="45.5000100" lon="6.4388100">
    <ele>1015</ele>
   </trkpt>
   <trkpt lat="45.4999300" lon="6.4387299">
    <ele>1014</ele>
   </trkpt>
   <trkpt lat="45.4997900" lon="6.4385100">
    <ele>1015</ele>
   </trkpt>
   <trkpt lat="45.4997200" lon="6.4384100">
    <ele>1016</ele>
   </trkpt>
   <trkpt lat="45.4994400" lon="6.4381500">
    <ele>1012</ele>
   </trkpt>
   <trkpt lat="45.4993399" lon="6.4380499">
    <ele>1011</ele>
   </trkpt>
   <trkpt lat="45.4991000" lon="6.4376900">
    <ele>1012</ele>
   </trkpt>
   <trkpt lat="45.4988800" lon="6.4374399">
    <ele>1010</ele>
   </trkpt>
   <trkpt lat="45.4988400" lon="6.4373600">
    <ele>1012</ele>
   </trkpt>
   <trkpt lat="45.4987200" lon="6.4371100">
    <ele>1017</ele>
   </trkpt>
   <trkpt lat="45.4986800" lon="6.4370300">
    <ele>1018</ele>
   </trkpt>
   <trkpt lat="45.4985300" lon="6.4368900">
    <ele>1014</ele>
   </trkpt>
   <trkpt lat="45.4984500" lon="6.4367900">
    <ele>1013</ele>
   </trkpt>
   <trkpt lat="45.4982800" lon="6.4365700">
    <ele>1012</ele>
   </trkpt>
   <trkpt lat="45.4981300" lon="6.4363200">
    <ele>1014</ele>
   </trkpt>
   <trkpt lat="45.4977800" lon="6.4358700">
    <ele>1012</ele>
   </trkpt>
   <trkpt lat="45.4976500" lon="6.4356600">
    <ele>1015</ele>
   </trkpt>
   <trkpt lat="45.4974000" lon="6.4352200">
    <ele>1024</ele>
   </trkpt>
   <trkpt lat="45.4973500" lon="6.4351600">
    <ele>1026</ele>
   </trkpt>
   <trkpt lat="45.4972900" lon="6.4351100">
    <ele>1026</ele>
   </trkpt>
   <trkpt lat="45.4969800" lon="6.4349500">
    <ele>1020</ele>
   </trkpt>
   <trkpt lat="45.4969100" lon="6.4348900">
    <ele>1020</ele>
   </trkpt>
   <trkpt lat="45.4968700" lon="6.4348500">
    <ele>1020</ele>
   </trkpt>
   <trkpt lat="45.4967100" lon="6.4346400">
    <ele>1023</ele>
   </trkpt>
   <trkpt lat="45.4965900" lon="6.4345600">
    <ele>1022</ele>
   </trkpt>
   <trkpt lat="45.4964600" lon="6.4345300">
    <ele>1018</ele>
   </trkpt>
   <trkpt lat="45.4962300" lon="6.4345300">
    <ele>1009</ele>
   </trkpt>
   <trkpt lat="45.4961600" lon="6.4345100">
    <ele>1007</ele>
   </trkpt>
   <trkpt lat="45.4960900" lon="6.4344300">
    <ele>1007</ele>
   </trkpt>
   <trkpt lat="45.4960200" lon="6.4342900">
    <ele>1008</ele>
   </trkpt>
   <trkpt lat="45.4959800" lon="6.4341799">
    <ele>1010</ele>
   </trkpt>
   <trkpt lat="45.4958600" lon="6.4337900">
    <ele>1012</ele>
   </trkpt>
   <trkpt lat="45.4958200" lon="6.4336500">
    <ele>1013</ele>
   </trkpt>
   <trkpt lat="45.4958000" lon="6.4335100">
    <ele>1015</ele>
   </trkpt>
   <trkpt lat="45.4958000" lon="6.4333600">
    <ele>1018</ele>
   </trkpt>
   <trkpt lat="45.4958100" lon="6.4328300">
    <ele>1027</ele>
   </trkpt>
   <trkpt lat="45.4958000" lon="6.4326100">
    <ele>1030</ele>
   </trkpt>
   <trkpt lat="45.4957700" lon="6.4324700">
    <ele>1031</ele>
   </trkpt>
   <trkpt lat="45.4957400" lon="6.4323900">
    <ele>1032</ele>
   </trkpt>
   <trkpt lat="45.4956600" lon="6.4322800">
    <ele>1032</ele>
   </trkpt>
   <trkpt lat="45.4956200" lon="6.4322400">
    <ele>1031</ele>
   </trkpt>
   <trkpt lat="45.4955300" lon="6.4321900">
    <ele>1030</ele>
   </trkpt>
   <trkpt lat="45.4954200" lon="6.4321800">
    <ele>1028</ele>
   </trkpt>
   <trkpt lat="45.4953600" lon="6.4321900">
    <ele>1027</ele>
   </trkpt>
   <trkpt lat="45.4953000" lon="6.4322200">
    <ele>1024</ele>
   </trkpt>
   <trkpt lat="45.4952200" lon="6.4322800">
    <ele>1021</ele>
   </trkpt>
   <trkpt lat="45.4951600" lon="6.4322900">
    <ele>1019</ele>
   </trkpt>
   <trkpt lat="45.4951099" lon="6.4322900">
    <ele>1017</ele>
   </trkpt>
   <trkpt lat="45.4950600" lon="6.4322600">
    <ele>1017</ele>
   </trkpt>
   <trkpt lat="45.4948800" lon="6.4321000">
    <ele>1022</ele>
   </trkpt>
   <trkpt lat="45.4947600" lon="6.4320199">
    <ele>1024</ele>
   </trkpt>
   <trkpt lat="45.4946800" lon="6.4320100">
    <ele>1024</ele>
   </trkpt>
   <trkpt lat="45.4945800" lon="6.4320100">
    <ele>1023</ele>
   </trkpt>
   <trkpt lat="45.4944900" lon="6.4320500">
    <ele>1021</ele>
   </trkpt>
   <trkpt lat="45.4944100" lon="6.4320700">
    <ele>1020</ele>
   </trkpt>
   <trkpt lat="45.4943100" lon="6.4320500">
    <ele>1020</ele>
   </trkpt>
   <trkpt lat="45.4941300" lon="6.4319800">
    <ele>1021</ele>
   </trkpt>
   <trkpt lat="45.4939500" lon="6.4319300">
    <ele>1020</ele>
   </trkpt>
   <trkpt lat="45.4938600" lon="6.4318799">
    <ele>1020</ele>
   </trkpt>
   <trkpt lat="45.4935100" lon="6.4316000">
    <ele>1026</ele>
   </trkpt>
   <trkpt lat="45.4932200" lon="6.4313300">
    <ele>1036</ele>
   </trkpt>
   <trkpt lat="45.4931100" lon="6.4312600">
    <ele>1038</ele>
   </trkpt>
   <trkpt lat="45.4927200" lon="6.4310700">
    <ele>1042</ele>
   </trkpt>
   <trkpt lat="45.4926800" lon="6.4310300">
    <ele>1043</ele>
   </trkpt>
   <trkpt lat="45.4925300" lon="6.4307900">
    <ele>1053</ele>
   </trkpt>
   <trkpt lat="45.4924899" lon="6.4307500">
    <ele>1054</ele>
   </trkpt>
   <trkpt lat="45.4924500" lon="6.4307299">
    <ele>1054</ele>
   </trkpt>
   <trkpt lat="45.4924200" lon="6.4307200">
    <ele>1054</ele>
   </trkpt>
   <trkpt lat="45.4923200" lon="6.4307500">
    <ele>1052</ele>
   </trkpt>
   <trkpt lat="45.4921800" lon="6.4308600">
    <ele>1045</ele>
   </trkpt>
   <trkpt lat="45.4920800" lon="6.4309000">
    <ele>1042</ele>
   </trkpt>
   <trkpt lat="45.4919400" lon="6.4309800">
    <ele>1036</ele>
   </trkpt>
   <trkpt lat="45.4919100" lon="6.4309900">
    <ele>1035</ele>
   </trkpt>
   <trkpt lat="45.4918800" lon="6.4309800">
    <ele>1036</ele>
   </trkpt>
   <trkpt lat="45.4918300" lon="6.4309300">
    <ele>1037</ele>
   </trkpt>
   <trkpt lat="45.4917299" lon="6.4307900">
    <ele>1043</ele>
   </trkpt>
   <trkpt lat="45.4916900" lon="6.4307500">
    <ele>1044</ele>
   </trkpt>
   <trkpt lat="45.4916000" lon="6.4307200">
    <ele>1043</ele>
   </trkpt>
   <trkpt lat="45.4915000" lon="6.4307299">
    <ele>1040</ele>
   </trkpt>
   <trkpt lat="45.4914700" lon="6.4307200">
    <ele>1039</ele>
   </trkpt>
   <trkpt lat="45.4914400" lon="6.4306900">
    <ele>1040</ele>
   </trkpt>
   <trkpt lat="45.4914200" lon="6.4306700">
    <ele>1040</ele>
   </trkpt>
   <trkpt lat="45.4914200" lon="6.4306200">
    <ele>1042</ele>
   </trkpt>
   <trkpt lat="45.4914200" lon="6.4305800">
    <ele>1044</ele>
   </trkpt>
   <trkpt lat="45.4914300" lon="6.4305400">
    <ele>1046</ele>
   </trkpt>
   <trkpt lat="45.4914599" lon="6.4305000">
    <ele>1048</ele>
   </trkpt>
   <trkpt lat="45.4914900" lon="6.4304900">
    <ele>1049</ele>
   </trkpt>
   <trkpt lat="45.4915700" lon="6.4304900">
    <ele>1051</ele>
   </trkpt>
   <trkpt lat="45.4916399" lon="6.4305100">
    <ele>1052</ele>
   </trkpt>
   <trkpt lat="45.4916900" lon="6.4305400">
    <ele>1052</ele>
   </trkpt>
   <trkpt lat="45.4917400" lon="6.4305700">
    <ele>1052</ele>
   </trkpt>
   <trkpt lat="45.4917700" lon="6.4306100">
    <ele>1050</ele>
   </trkpt>
   <trkpt lat="45.4918500" lon="6.4307500">
    <ele>1046</ele>
   </trkpt>
   <trkpt lat="45.4918800" lon="6.4308000">
    <ele>1044</ele>
   </trkpt>
   <trkpt lat="45.4919000" lon="6.4308100">
    <ele>1044</ele>
   </trkpt>
   <trkpt lat="45.4919500" lon="6.4308200">
    <ele>1044</ele>
   </trkpt>
   <trkpt lat="45.4920300" lon="6.4307900">
    <ele>1046</ele>
   </trkpt>
   <trkpt lat="45.4920800" lon="6.4307500">
    <ele>1049</ele>
   </trkpt>
   <trkpt lat="45.4921999" lon="6.4306400">
    <ele>1055</ele>
   </trkpt>
   <trkpt lat="45.4922899" lon="6.4305400">
    <ele>1061</ele>
   </trkpt>
   <trkpt lat="45.4923600" lon="6.4305000">
    <ele>1064</ele>
   </trkpt>
   <trkpt lat="45.4923900" lon="6.4305000">
    <ele>1064</ele>
   </trkpt>
   <trkpt lat="45.4924700" lon="6.4305300">
    <ele>1064</ele>
   </trkpt>
   <trkpt lat="45.4927100" lon="6.4307200">
    <ele>1059</ele>
   </trkpt>
   <trkpt lat="45.4927900" lon="6.4307600">
    <ele>1059</ele>
   </trkpt>
   <trkpt lat="45.4928800" lon="6.4308000">
    <ele>1059</ele>
   </trkpt>
   <trkpt lat="45.4931300" lon="6.4308400">
    <ele>1061</ele>
   </trkpt>
   <trkpt lat="45.4932100" lon="6.4308700">
    <ele>1061</ele>
   </trkpt>
   <trkpt lat="45.4937600" lon="6.4311200">
    <ele>1056</ele>
   </trkpt>
   <trkpt lat="45.4939800" lon="6.4311900">
    <ele>1056</ele>
   </trkpt>
   <trkpt lat="45.4940600" lon="6.4311999">
    <ele>1057</ele>
   </trkpt>
   <trkpt lat="45.4941300" lon="6.4311999">
    <ele>1058</ele>
   </trkpt>
   <trkpt lat="45.4942700" lon="6.4311800">
    <ele>1059</ele>
   </trkpt>
   <trkpt lat="45.4946399" lon="6.4310500">
    <ele>1064</ele>
   </trkpt>
   <trkpt lat="45.4947700" lon="6.4310500">
    <ele>1063</ele>
   </trkpt>
   <trkpt lat="45.4949600" lon="6.4310900">
    <ele>1061</ele>
   </trkpt>
   <trkpt lat="45.4950700" lon="6.4311000">
    <ele>1060</ele>
   </trkpt>
   <trkpt lat="45.4951400" lon="6.4310800">
    <ele>1061</ele>
   </trkpt>
   <trkpt lat="45.4951600" lon="6.4310500">
    <ele>1062</ele>
   </trkpt>
   <trkpt lat="45.4951700" lon="6.4310000">
    <ele>1063</ele>
   </trkpt>
   <trkpt lat="45.4951700" lon="6.4309600">
    <ele>1065</ele>
   </trkpt>
   <trkpt lat="45.4951500" lon="6.4309100">
    <ele>1066</ele>
   </trkpt>
   <trkpt lat="45.4951099" lon="6.4308800">
    <ele>1068</ele>
   </trkpt>
   <trkpt lat="45.4950800" lon="6.4308900">
    <ele>1068</ele>
   </trkpt>
   <trkpt lat="45.4949600" lon="6.4309700">
    <ele>1065</ele>
   </trkpt>
   <trkpt lat="45.4949200" lon="6.4309800">
    <ele>1065</ele>
   </trkpt>
   <trkpt lat="45.4948800" lon="6.4309800">
    <ele>1065</ele>
   </trkpt>
   <trkpt lat="45.4946800" lon="6.4308800">
    <ele>1071</ele>
   </trkpt>
   <trkpt lat="45.4946399" lon="6.4308800">
    <ele>1071</ele>
   </trkpt>
   <trkpt lat="45.4944100" lon="6.4309100">
    <ele>1071</ele>
   </trkpt>
   <trkpt lat="45.4943200" lon="6.4309100">
    <ele>1072</ele>
   </trkpt>
   <trkpt lat="45.4940300" lon="6.4308400">
    <ele>1075</ele>
   </trkpt>
   <trkpt lat="45.4937500" lon="6.4307500">
    <ele>1076</ele>
   </trkpt>
   <trkpt lat="45.4936500" lon="6.4306900">
    <ele>1078</ele>
   </trkpt>
   <trkpt lat="45.4935500" lon="6.4305600">
    <ele>1083</ele>
   </trkpt>
   <trkpt lat="45.4933900" lon="6.4304400">
    <ele>1088</ele>
   </trkpt>
   <trkpt lat="45.4930499" lon="6.4302600">
    <ele>1090</ele>
   </trkpt>
   <trkpt lat="45.4927400" lon="6.4300800">
    <ele>1092</ele>
   </trkpt>
   <trkpt lat="45.4921900" lon="6.4297200">
    <ele>1097</ele>
   </trkpt>
   <trkpt lat="45.4921000" lon="6.4296500">
    <ele>1098</ele>
   </trkpt>
   <trkpt lat="45.4919500" lon="6.4294900">
    <ele>1101</ele>
   </trkpt>
   <trkpt lat="45.4919000" lon="6.4294500">
    <ele>1102</ele>
   </trkpt>
   <trkpt lat="45.4918500" lon="6.4294100">
    <ele>1102</ele>
   </trkpt>
   <trkpt lat="45.4918000" lon="6.4293900">
    <ele>1102</ele>
   </trkpt>
   <trkpt lat="45.4917500" lon="6.4293900">
    <ele>1100</ele>
   </trkpt>
   <trkpt lat="45.4916600" lon="6.4294000">
    <ele>1097</ele>
   </trkpt>
   <trkpt lat="45.4915800" lon="6.4294200">
    <ele>1094</ele>
   </trkpt>
   <trkpt lat="45.4915200" lon="6.4294200">
    <ele>1093</ele>
   </trkpt>
   <trkpt lat="45.4914800" lon="6.4294000">
    <ele>1092</ele>
   </trkpt>
   <trkpt lat="45.4914300" lon="6.4293699">
    <ele>1092</ele>
   </trkpt>
   <trkpt lat="45.4910700" lon="6.4289500">
    <ele>1099</ele>
   </trkpt>
   <trkpt lat="45.4910000" lon="6.4288600">
    <ele>1101</ele>
   </trkpt>
   <trkpt lat="45.4909500" lon="6.4287599">
    <ele>1104</ele>
   </trkpt>
   <trkpt lat="45.4909200" lon="6.4286400">
    <ele>1108</ele>
   </trkpt>
   <trkpt lat="45.4908700" lon="6.4283900">
    <ele>1117</ele>
   </trkpt>
   <trkpt lat="45.4908300" lon="6.4281700">
    <ele>1126</ele>
   </trkpt>
   <trkpt lat="45.4908000" lon="6.4280900">
    <ele>1129</ele>
   </trkpt>
   <trkpt lat="45.4907700" lon="6.4280200">
    <ele>1132</ele>
   </trkpt>
   <trkpt lat="45.4907200" lon="6.4279700">
    <ele>1134</ele>
   </trkpt>
   <trkpt lat="45.4906700" lon="6.4279600">
    <ele>1133</ele>
   </trkpt>
   <trkpt lat="45.4906099" lon="6.4279800">
    <ele>1132</ele>
   </trkpt>
   <trkpt lat="45.4904400" lon="6.4281600">
    <ele>1121</ele>
   </trkpt>
   <trkpt lat="45.4904000" lon="6.4281700">
    <ele>1120</ele>
   </trkpt>
   <trkpt lat="45.4902900" lon="6.4281800">
    <ele>1118</ele>
   </trkpt>
   <trkpt lat="45.4902100" lon="6.4282199">
    <ele>1116</ele>
   </trkpt>
   <trkpt lat="45.4901000" lon="6.4283700">
    <ele>1109</ele>
   </trkpt>
   <trkpt lat="45.4900700" lon="6.4284100">
    <ele>1107</ele>
   </trkpt>
   <trkpt lat="45.4900400" lon="6.4284300">
    <ele>1106</ele>
   </trkpt>
   <trkpt lat="45.4899700" lon="6.4284200">
    <ele>1106</ele>
   </trkpt>
   <trkpt lat="45.4899200" lon="6.4283900">
    <ele>1106</ele>
   </trkpt>
   <trkpt lat="45.4897700" lon="6.4282199">
    <ele>1111</ele>
   </trkpt>
   <trkpt lat="45.4896200" lon="6.4280799">
    <ele>1115</ele>
   </trkpt>
   <trkpt lat="45.4888400" lon="6.4275300">
    <ele>1138</ele>
   </trkpt>
   <trkpt lat="45.4886500" lon="6.4274100">
    <ele>1144</ele>
   </trkpt>
   <trkpt lat="45.4885499" lon="6.4273700">
    <ele>1146</ele>
   </trkpt>
   <trkpt lat="45.4884700" lon="6.4273400">
    <ele>1147</ele>
   </trkpt>
   <trkpt lat="45.4883800" lon="6.4273400">
    <ele>1147</ele>
   </trkpt>
   <trkpt lat="45.4883100" lon="6.4273600">
    <ele>1147</ele>
   </trkpt>
   <trkpt lat="45.4882400" lon="6.4274200">
    <ele>1145</ele>
   </trkpt>
   <trkpt lat="45.4881900" lon="6.4275100">
    <ele>1142</ele>
   </trkpt>
   <trkpt lat="45.4879000" lon="6.4281600">
    <ele>1128</ele>
   </trkpt>
   <trkpt lat="45.4878300" lon="6.4282500">
    <ele>1127</ele>
   </trkpt>
   <trkpt lat="45.4877899" lon="6.4282700">
    <ele>1127</ele>
   </trkpt>
   <trkpt lat="45.4877600" lon="6.4282800">
    <ele>1127</ele>
   </trkpt>
   <trkpt lat="45.4876900" lon="6.4282400">
    <ele>1128</ele>
   </trkpt>
   <trkpt lat="45.4876300" lon="6.4281600">
    <ele>1131</ele>
   </trkpt>
   <trkpt lat="45.4875700" lon="6.4280099">
    <ele>1135</ele>
   </trkpt>
   <trkpt lat="45.4873800" lon="6.4275399">
    <ele>1145</ele>
   </trkpt>
   <trkpt lat="45.4873500" lon="6.4274699">
    <ele>1147</ele>
   </trkpt>
   <trkpt lat="45.4872800" lon="6.4273900">
    <ele>1151</ele>
   </trkpt>
   <trkpt lat="45.4872299" lon="6.4273600">
    <ele>1152</ele>
   </trkpt>
   <trkpt lat="45.4871800" lon="6.4273400">
    <ele>1153</ele>
   </trkpt>
   <trkpt lat="45.4871100" lon="6.4273400">
    <ele>1154</ele>
   </trkpt>
   <trkpt lat="45.4870500" lon="6.4273600">
    <ele>1154</ele>
   </trkpt>
   <trkpt lat="45.4869300" lon="6.4274200">
    <ele>1153</ele>
   </trkpt>
   <trkpt lat="45.4868100" lon="6.4274900">
    <ele>1152</ele>
   </trkpt>
   <trkpt lat="45.4867300" lon="6.4275100">
    <ele>1152</ele>
   </trkpt>
   <trkpt lat="45.4866200" lon="6.4275300">
    <ele>1151</ele>
   </trkpt>
   <trkpt lat="45.4865900" lon="6.4275100">
    <ele>1152</ele>
   </trkpt>
   <trkpt lat="45.4865600" lon="6.4274900">
    <ele>1152</ele>
   </trkpt>
   <trkpt lat="45.4865400" lon="6.4274500">
    <ele>1153</ele>
   </trkpt>
   <trkpt lat="45.4865400" lon="6.4273999">
    <ele>1155</ele>
   </trkpt>
   <trkpt lat="45.4865500" lon="6.4273600">
    <ele>1156</ele>
   </trkpt>
   <trkpt lat="45.4865700" lon="6.4273200">
    <ele>1158</ele>
   </trkpt>
   <trkpt lat="45.4866000" lon="6.4273100">
    <ele>1158</ele>
   </trkpt>
   <trkpt lat="45.4866400" lon="6.4273100">
    <ele>1159</ele>
   </trkpt>
   <trkpt lat="45.4867500" lon="6.4273400">
    <ele>1158</ele>
   </trkpt>
   <trkpt lat="45.4867900" lon="6.4273400">
    <ele>1157</ele>
   </trkpt>
   <trkpt lat="45.4868300" lon="6.4273300">
    <ele>1157</ele>
   </trkpt>
   <trkpt lat="45.4868600" lon="6.4272900">
    <ele>1158</ele>
   </trkpt>
   <trkpt lat="45.4869300" lon="6.4272000">
    <ele>1160</ele>
   </trkpt>
   <trkpt lat="45.4870200" lon="6.4269999">
    <ele>1166</ele>
   </trkpt>
   <trkpt lat="45.4871100" lon="6.4268500">
    <ele>1170</ele>
   </trkpt>
   <trkpt lat="45.4871700" lon="6.4268000">
    <ele>1171</ele>
   </trkpt>
   <trkpt lat="45.4872200" lon="6.4267600">
    <ele>1171</ele>
   </trkpt>
   <trkpt lat="45.4872800" lon="6.4267400">
    <ele>1171</ele>
   </trkpt>
   <trkpt lat="45.4873900" lon="6.4267300">
    <ele>1170</ele>
   </trkpt>
   <trkpt lat="45.4875300" lon="6.4267600">
    <ele>1168</ele>
   </trkpt>
   <trkpt lat="45.4876200" lon="6.4268100">
    <ele>1166</ele>
   </trkpt>
   <trkpt lat="45.4877400" lon="6.4269800">
    <ele>1161</ele>
   </trkpt>
   <trkpt lat="45.4877700" lon="6.4269900">
    <ele>1161</ele>
   </trkpt>
   <trkpt lat="45.4877899" lon="6.4269900">
    <ele>1161</ele>
   </trkpt>
   <trkpt lat="45.4878400" lon="6.4269600">
    <ele>1161</ele>
   </trkpt>
   <trkpt lat="45.4878600" lon="6.4269299">
    <ele>1162</ele>
   </trkpt>
   <trkpt lat="45.4878700" lon="6.4268500">
    <ele>1165</ele>
   </trkpt>
   <trkpt lat="45.4878400" lon="6.4267800">
    <ele>1167</ele>
   </trkpt>
   <trkpt lat="45.4877200" lon="6.4266300">
    <ele>1172</ele>
   </trkpt>
   <trkpt lat="45.4876300" lon="6.4264599">
    <ele>1178</ele>
   </trkpt>
   <trkpt lat="45.4875600" lon="6.4263600">
    <ele>1182</ele>
   </trkpt>
   <trkpt lat="45.4874900" lon="6.4263000">
    <ele>1184</ele>
   </trkpt>
   <trkpt lat="45.4874200" lon="6.4262400">
    <ele>1186</ele>
   </trkpt>
   <trkpt lat="45.4872600" lon="6.4261900">
    <ele>1188</ele>
   </trkpt>
   <trkpt lat="45.4871900" lon="6.4261799">
    <ele>1189</ele>
   </trkpt>
   <trkpt lat="45.4871100" lon="6.4261799">
    <ele>1189</ele>
   </trkpt>
   <trkpt lat="45.4870400" lon="6.4262000">
    <ele>1188</ele>
   </trkpt>
   <trkpt lat="45.4869700" lon="6.4262300">
    <ele>1188</ele>
   </trkpt>
   <trkpt lat="45.4868300" lon="6.4263500">
    <ele>1186</ele>
   </trkpt>
   <trkpt lat="45.4867000" lon="6.4264800">
    <ele>1184</ele>
   </trkpt>
   <trkpt lat="45.4866500" lon="6.4265100">
    <ele>1184</ele>
   </trkpt>
   <trkpt lat="45.4866300" lon="6.4265200">
    <ele>1183</ele>
   </trkpt>
   <trkpt lat="45.4865400" lon="6.4265200">
    <ele>1182</ele>
   </trkpt>
   <trkpt lat="45.4864800" lon="6.4265000">
    <ele>1181</ele>
   </trkpt>
   <trkpt lat="45.4863799" lon="6.4264300">
    <ele>1181</ele>
   </trkpt>
   <trkpt lat="45.4861300" lon="6.4262100">
    <ele>1184</ele>
   </trkpt>
   <trkpt lat="45.4860200" lon="6.4261100">
    <ele>1186</ele>
   </trkpt>
   <trkpt lat="45.4858900" lon="6.4259600">
    <ele>1191</ele>
   </trkpt>
   <trkpt lat="45.4858500" lon="6.4258700">
    <ele>1194</ele>
   </trkpt>
   <trkpt lat="45.4857500" lon="6.4255699">
    <ele>1204</ele>
   </trkpt>
   <trkpt lat="45.4857100" lon="6.4254700">
    <ele>1207</ele>
   </trkpt>
   <trkpt lat="45.4856500" lon="6.4253900">
    <ele>1208</ele>
   </trkpt>
   <trkpt lat="45.4856200" lon="6.4253500">
    <ele>1209</ele>
   </trkpt>
   <trkpt lat="45.4855900" lon="6.4253200">
    <ele>1210</ele>
   </trkpt>
   <trkpt lat="45.4855100" lon="6.4252700">
    <ele>1210</ele>
   </trkpt>
   <trkpt lat="45.4854200" lon="6.4252300">
    <ele>1209</ele>
   </trkpt>
   <trkpt lat="45.4852000" lon="6.4251699">
    <ele>1206</ele>
   </trkpt>
   <trkpt lat="45.4848300" lon="6.4250800">
    <ele>1201</ele>
   </trkpt>
   <trkpt lat="45.4847500" lon="6.4250400">
    <ele>1201</ele>
   </trkpt>
   <trkpt lat="45.4846700" lon="6.4249900">
    <ele>1201</ele>
   </trkpt>
   <trkpt lat="45.4845200" lon="6.4248200">
    <ele>1205</ele>
   </trkpt>
   <trkpt lat="45.4843000" lon="6.4245300">
    <ele>1213</ele>
   </trkpt>
   <trkpt lat="45.4842200" lon="6.4244300">
    <ele>1215</ele>
   </trkpt>
   <trkpt lat="45.4841399" lon="6.4243600">
    <ele>1215</ele>
   </trkpt>
   <trkpt lat="45.4840400" lon="6.4243100">
    <ele>1215</ele>
   </trkpt>
   <trkpt lat="45.4838499" lon="6.4242300">
    <ele>1214</ele>
   </trkpt>
   <trkpt lat="45.4837500" lon="6.4241700">
    <ele>1215</ele>
   </trkpt>
   <trkpt lat="45.4834699" lon="6.4239600">
    <ele>1219</ele>
   </trkpt>
   <trkpt lat="45.4831600" lon="6.4238000">
    <ele>1219</ele>
   </trkpt>
   <trkpt lat="45.4829600" lon="6.4236700">
    <ele>1218</ele>
   </trkpt>
   <trkpt lat="45.4827900" lon="6.4235000">
    <ele>1219</ele>
   </trkpt>
   <trkpt lat="45.4827100" lon="6.4234099">
    <ele>1219</ele>
   </trkpt>
   <trkpt lat="45.4826500" lon="6.4233000">
    <ele>1220</ele>
   </trkpt>
   <trkpt lat="45.4826100" lon="6.4231700">
    <ele>1223</ele>
   </trkpt>
   <trkpt lat="45.4825700" lon="6.4230400">
    <ele>1225</ele>
   </trkpt>
   <trkpt lat="45.4825000" lon="6.4227400">
    <ele>1230</ele>
   </trkpt>
   <trkpt lat="45.4823700" lon="6.4219900">
    <ele>1247</ele>
   </trkpt>
   <trkpt lat="45.4823400" lon="6.4218600">
    <ele>1250</ele>
   </trkpt>
   <trkpt lat="45.4823000" lon="6.4217400">
    <ele>1252</ele>
   </trkpt>
   <trkpt lat="45.4822400" lon="6.4216700">
    <ele>1253</ele>
   </trkpt>
   <trkpt lat="45.4821800" lon="6.4216300">
    <ele>1253</ele>
   </trkpt>
   <trkpt lat="45.4821200" lon="6.4216200">
    <ele>1253</ele>
   </trkpt>
   <trkpt lat="45.4820500" lon="6.4216500">
    <ele>1250</ele>
   </trkpt>
   <trkpt lat="45.4819900" lon="6.4217100">
    <ele>1247</ele>
   </trkpt>
   <trkpt lat="45.4819000" lon="6.4218400">
    <ele>1241</ele>
   </trkpt>
   <trkpt lat="45.4818600" lon="6.4218700">
    <ele>1239</ele>
   </trkpt>
   <trkpt lat="45.4818200" lon="6.4219000">
    <ele>1238</ele>
   </trkpt>
   <trkpt lat="45.4817300" lon="6.4219099">
    <ele>1235</ele>
   </trkpt>
   <trkpt lat="45.4816900" lon="6.4218900">
    <ele>1235</ele>
   </trkpt>
   <trkpt lat="45.4813600" lon="6.4217100">
    <ele>1242</ele>
   </trkpt>
   <trkpt lat="45.4810700" lon="6.4215900">
    <ele>1248</ele>
   </trkpt>
   <trkpt lat="45.4807599" lon="6.4215000">
    <ele>1252</ele>
   </trkpt>
   <trkpt lat="45.4804900" lon="6.4214600">
    <ele>1252</ele>
   </trkpt>
   <trkpt lat="45.4803300" lon="6.4214200">
    <ele>1253</ele>
   </trkpt>
   <trkpt lat="45.4802300" lon="6.4213800">
    <ele>1253</ele>
   </trkpt>
   <trkpt lat="45.4800500" lon="6.4212600">
    <ele>1254</ele>
   </trkpt>
   <trkpt lat="45.4799400" lon="6.4211600">
    <ele>1256</ele>
   </trkpt>
   <trkpt lat="45.4797800" lon="6.4210200">
    <ele>1258</ele>
   </trkpt>
   <trkpt lat="45.4795900" lon="6.4208800">
    <ele>1260</ele>
   </trkpt>
   <trkpt lat="45.4793800" lon="6.4207800">
    <ele>1261</ele>
   </trkpt>
   <trkpt lat="45.4791500" lon="6.4207400">
    <ele>1260</ele>
   </trkpt>
   <trkpt lat="45.4789300" lon="6.4207100">
    <ele>1258</ele>
   </trkpt>
   <trkpt lat="45.4786200" lon="6.4207000">
    <ele>1253</ele>
   </trkpt>
   <trkpt lat="45.4785600" lon="6.4206700">
    <ele>1253</ele>
   </trkpt>
   <trkpt lat="45.4785400" lon="6.4206300">
    <ele>1254</ele>
   </trkpt>
   <trkpt lat="45.4785300" lon="6.4205800">
    <ele>1255</ele>
   </trkpt>
   <trkpt lat="45.4785300" lon="6.4205300">
    <ele>1256</ele>
   </trkpt>
   <trkpt lat="45.4785600" lon="6.4204600">
    <ele>1258</ele>
   </trkpt>
   <trkpt lat="45.4786200" lon="6.4204200">
    <ele>1260</ele>
   </trkpt>
   <trkpt lat="45.4787200" lon="6.4203500">
    <ele>1262</ele>
   </trkpt>
   <trkpt lat="45.4789900" lon="6.4201100">
    <ele>1269</ele>
   </trkpt>
   <trkpt lat="45.4790400" lon="6.4200799">
    <ele>1270</ele>
   </trkpt>
   <trkpt lat="45.4790900" lon="6.4200700">
    <ele>1270</ele>
   </trkpt>
   <trkpt lat="45.4791300" lon="6.4200799">
    <ele>1271</ele>
   </trkpt>
   <trkpt lat="45.4793499" lon="6.4201800">
    <ele>1275</ele>
   </trkpt>
   <trkpt lat="45.4793900" lon="6.4201800">
    <ele>1276</ele>
   </trkpt>
   <trkpt lat="45.4794100" lon="6.4201800">
    <ele>1276</ele>
   </trkpt>
   <trkpt lat="45.4794500" lon="6.4201200">
    <ele>1279</ele>
   </trkpt>
   <trkpt lat="45.4794500" lon="6.4200400">
    <ele>1281</ele>
   </trkpt>
   <trkpt lat="45.4794399" lon="6.4200000">
    <ele>1282</ele>
   </trkpt>
   <trkpt lat="45.4794200" lon="6.4199600">
    <ele>1283</ele>
   </trkpt>
   <trkpt lat="45.4793900" lon="6.4199300">
    <ele>1283</ele>
   </trkpt>
   <trkpt lat="45.4790000" lon="6.4197900">
    <ele>1279</ele>
   </trkpt>
   <trkpt lat="45.4787500" lon="6.4196799">
    <ele>1279</ele>
   </trkpt>
   <trkpt lat="45.4786700" lon="6.4196200">
    <ele>1280</ele>
   </trkpt>
   <trkpt lat="45.4786000" lon="6.4195600">
    <ele>1281</ele>
   </trkpt>
   <trkpt lat="45.4785500" lon="6.4195000">
    <ele>1282</ele>
   </trkpt>
   <trkpt lat="45.4784800" lon="6.4194000">
    <ele>1283</ele>
   </trkpt>
   <trkpt lat="45.4784500" lon="6.4193300">
    <ele>1284</ele>
   </trkpt>
   <trkpt lat="45.4783700" lon="6.4191100">
    <ele>1287</ele>
   </trkpt>
   <trkpt lat="45.4783400" lon="6.4190400">
    <ele>1288</ele>
   </trkpt>
   <trkpt lat="45.4782900" lon="6.4189600">
    <ele>1289</ele>
   </trkpt>
   <trkpt lat="45.4781400" lon="6.4188100">
    <ele>1290</ele>
   </trkpt>
   <trkpt lat="45.4780800" lon="6.4187400">
    <ele>1291</ele>
   </trkpt>
   <trkpt lat="45.4780400" lon="6.4186700">
    <ele>1291</ele>
   </trkpt>
   <trkpt lat="45.4780100" lon="6.4185900">
    <ele>1292</ele>
   </trkpt>
   <trkpt lat="45.4779200" lon="6.4183100">
    <ele>1296</ele>
   </trkpt>
   <trkpt lat="45.4778800" lon="6.4182300">
    <ele>1297</ele>
   </trkpt>
   <trkpt lat="45.4778200" lon="6.4181500">
    <ele>1298</ele>
   </trkpt>
   <trkpt lat="45.4777600" lon="6.4180900">
    <ele>1298</ele>
   </trkpt>
   <trkpt lat="45.4776700" lon="6.4180300">
    <ele>1298</ele>
   </trkpt>
   <trkpt lat="45.4774000" lon="6.4178800">
    <ele>1298</ele>
   </trkpt>
   <trkpt lat="45.4771400" lon="6.4177300">
    <ele>1301</ele>
   </trkpt>
   <trkpt lat="45.4769999" lon="6.4176500">
    <ele>1302</ele>
   </trkpt>
   <trkpt lat="45.4769500" lon="6.4176399">
    <ele>1302</ele>
   </trkpt>
   <trkpt lat="45.4768100" lon="6.4176500">
    <ele>1302</ele>
   </trkpt>
   <trkpt lat="45.4767500" lon="6.4177000">
    <ele>1302</ele>
   </trkpt>
   <trkpt lat="45.4767000" lon="6.4177600">
    <ele>1302</ele>
   </trkpt>
   <trkpt lat="45.4766600" lon="6.4178400">
    <ele>1302</ele>
   </trkpt>
   <trkpt lat="45.4766400" lon="6.4179199">
    <ele>1302</ele>
   </trkpt>
   <trkpt lat="45.4766300" lon="6.4180200">
    <ele>1302</ele>
   </trkpt>
   <trkpt lat="45.4766500" lon="6.4182300">
    <ele>1301</ele>
   </trkpt>
   <trkpt lat="45.4766400" lon="6.4183199">
    <ele>1301</ele>
   </trkpt>
   <trkpt lat="45.4766300" lon="6.4183899">
    <ele>1301</ele>
   </trkpt>
   <trkpt lat="45.4766000" lon="6.4184500">
    <ele>1302</ele>
   </trkpt>
   <trkpt lat="45.4765700" lon="6.4185000">
    <ele>1302</ele>
   </trkpt>
   <trkpt lat="45.4765299" lon="6.4185299">
    <ele>1302</ele>
   </trkpt>
   <trkpt lat="45.4764200" lon="6.4185700">
    <ele>1303</ele>
   </trkpt>
   <trkpt lat="45.4759300" lon="6.4186000">
    <ele>1308</ele>
   </trkpt>
   <trkpt lat="45.4758000" lon="6.4185800">
    <ele>1309</ele>
   </trkpt>
   <trkpt lat="45.4756700" lon="6.4185000">
    <ele>1310</ele>
   </trkpt>
   <trkpt lat="45.4755899" lon="6.4184300">
    <ele>1311</ele>
   </trkpt>
   <trkpt lat="45.4755100" lon="6.4183199">
    <ele>1313</ele>
   </trkpt>
   <trkpt lat="45.4752100" lon="6.4178800">
    <ele>1323</ele>
   </trkpt>
   <trkpt lat="45.4751600" lon="6.4178100">
    <ele>1325</ele>
   </trkpt>
   <trkpt lat="45.4747800" lon="6.4174800">
    <ele>1330</ele>
   </trkpt>
   <trkpt lat="45.4745400" lon="6.4172600">
    <ele>1329</ele>
   </trkpt>
   <trkpt lat="45.4743200" lon="6.4170100">
    <ele>1331</ele>
   </trkpt>
   <trkpt lat="45.4741900" lon="6.4168300">
    <ele>1334</ele>
   </trkpt>
   <trkpt lat="45.4741200" lon="6.4167100">
    <ele>1336</ele>
   </trkpt>
   <trkpt lat="45.4740600" lon="6.4165900">
    <ele>1338</ele>
   </trkpt>
   <trkpt lat="45.4738800" lon="6.4160800">
    <ele>1348</ele>
   </trkpt>
   <trkpt lat="45.4738300" lon="6.4159499">
    <ele>1351</ele>
   </trkpt>
   <trkpt lat="45.4737099" lon="6.4157600">
    <ele>1353</ele>
   </trkpt>
   <trkpt lat="45.4736800" lon="6.4156900">
    <ele>1354</ele>
   </trkpt>
   <trkpt lat="45.4734500" lon="6.4151900">
    <ele>1358</ele>
   </trkpt>
   <trkpt lat="45.4733800" lon="6.4150600">
    <ele>1358</ele>
   </trkpt>
   <trkpt lat="45.4733100" lon="6.4149500">
    <ele>1359</ele>
   </trkpt>
   <trkpt lat="45.4732900" lon="6.4149000">
    <ele>1360</ele>
   </trkpt>
   <trkpt lat="45.4733000" lon="6.4148500">
    <ele>1361</ele>
   </trkpt>
   <trkpt lat="45.4733200" lon="6.4147999">
    <ele>1363</ele>
   </trkpt>
   <trkpt lat="45.4733400" lon="6.4147600">
    <ele>1364</ele>
   </trkpt>
   <trkpt lat="45.4733700" lon="6.4147400">
    <ele>1366</ele>
   </trkpt>
   <trkpt lat="45.4734000" lon="6.4147299">
    <ele>1367</ele>
   </trkpt>
   <trkpt lat="45.4734500" lon="6.4147400">
    <ele>1368</ele>
   </trkpt>
   <trkpt lat="45.4734700" lon="6.4147600">
    <ele>1368</ele>
   </trkpt>
   <trkpt lat="45.4735100" lon="6.4147999">
    <ele>1369</ele>
   </trkpt>
   <trkpt lat="45.4736100" lon="6.4151000">
    <ele>1365</ele>
   </trkpt>
   <trkpt lat="45.4736600" lon="6.4151900">
    <ele>1364</ele>
   </trkpt>
   <trkpt lat="45.4737500" lon="6.4153300">
    <ele>1364</ele>
   </trkpt>
   <trkpt lat="45.4743400" lon="6.4160800">
    <ele>1357</ele>
   </trkpt>
   <trkpt lat="45.4744300" lon="6.4161800">
    <ele>1356</ele>
   </trkpt>
   <trkpt lat="45.4745500" lon="6.4162700">
    <ele>1356</ele>
   </trkpt>
   <trkpt lat="45.4746000" lon="6.4162900">
    <ele>1356</ele>
   </trkpt>
   <trkpt lat="45.4747300" lon="6.4163200">
    <ele>1358</ele>
   </trkpt>
   <trkpt lat="45.4748000" lon="6.4163000">
    <ele>1360</ele>
   </trkpt>
   <trkpt lat="45.4748500" lon="6.4162700">
    <ele>1362</ele>
   </trkpt>
   <trkpt lat="45.4749500" lon="6.4161900">
    <ele>1366</ele>
   </trkpt>
   <trkpt lat="45.4750200" lon="6.4160899">
    <ele>1368</ele>
   </trkpt>
   <trkpt lat="45.4750500" lon="6.4160100">
    <ele>1369</ele>
   </trkpt>
   <trkpt lat="45.4750900" lon="6.4158099">
    <ele>1372</ele>
   </trkpt>
   <trkpt lat="45.4753000" lon="6.4145100">
    <ele>1385</ele>
   </trkpt>
   <trkpt lat="45.4753400" lon="6.4142900">
    <ele>1386</ele>
   </trkpt>
   <trkpt lat="45.4753800" lon="6.4141199">
    <ele>1387</ele>
   </trkpt>
   <trkpt lat="45.4754300" lon="6.4140000">
    <ele>1387</ele>
   </trkpt>
   <trkpt lat="45.4754800" lon="6.4139000">
    <ele>1386</ele>
   </trkpt>
   <trkpt lat="45.4757500" lon="6.4136300">
    <ele>1379</ele>
   </trkpt>
   <trkpt lat="45.4758000" lon="6.4135600">
    <ele>1378</ele>
   </trkpt>
   <trkpt lat="45.4758200" lon="6.4134900">
    <ele>1379</ele>
   </trkpt>
   <trkpt lat="45.4758100" lon="6.4134300">
    <ele>1381</ele>
   </trkpt>
   <trkpt lat="45.4757900" lon="6.4133800">
    <ele>1383</ele>
   </trkpt>
   <trkpt lat="45.4757600" lon="6.4133500">
    <ele>1385</ele>
   </trkpt>
   <trkpt lat="45.4757200" lon="6.4133400">
    <ele>1386</ele>
   </trkpt>
   <trkpt lat="45.4756799" lon="6.4133400">
    <ele>1388</ele>
   </trkpt>
   <trkpt lat="45.4756200" lon="6.4133900">
    <ele>1390</ele>
   </trkpt>
   <trkpt lat="45.4753200" lon="6.4138000">
    <ele>1395</ele>
   </trkpt>
   <trkpt lat="45.4752200" lon="6.4140100">
    <ele>1397</ele>
   </trkpt>
   <trkpt lat="45.4749500" lon="6.4147200">
    <ele>1398</ele>
   </trkpt>
   <trkpt lat="45.4748600" lon="6.4149000">
    <ele>1394</ele>
   </trkpt>
   <trkpt lat="45.4748100" lon="6.4149800">
    <ele>1392</ele>
   </trkpt>
   <trkpt lat="45.4747400" lon="6.4150600">
    <ele>1390</ele>
   </trkpt>
   <trkpt lat="45.4746900" lon="6.4151100">
    <ele>1388</ele>
   </trkpt>
   <trkpt lat="45.4746400" lon="6.4151300">
    <ele>1387</ele>
   </trkpt>
   <trkpt lat="45.4745900" lon="6.4151300">
    <ele>1386</ele>
   </trkpt>
   <trkpt lat="45.4745500" lon="6.4151100">
    <ele>1386</ele>
   </trkpt>
   <trkpt lat="45.4745200" lon="6.4150700">
    <ele>1387</ele>
   </trkpt>
   <trkpt lat="45.4743600" lon="6.4147100">
    <ele>1393</ele>
   </trkpt>
   <trkpt lat="45.4742600" lon="6.4144300">
    <ele>1398</ele>
   </trkpt>
   <trkpt lat="45.4742400" lon="6.4143300">
    <ele>1400</ele>
   </trkpt>
   <trkpt lat="45.4742500" lon="6.4136400">
    <ele>1412</ele>
   </trkpt>
   <trkpt lat="45.4742500" lon="6.4135099">
    <ele>1415</ele>
   </trkpt>
   <trkpt lat="45.4742300" lon="6.4133699">
    <ele>1417</ele>
   </trkpt>
   <trkpt lat="45.4741799" lon="6.4131100">
    <ele>1423</ele>
   </trkpt>
   <trkpt lat="45.4741400" lon="6.4129900">
    <ele>1426</ele>
   </trkpt>
   <trkpt lat="45.4740899" lon="6.4128900">
    <ele>1427</ele>
   </trkpt>
   <trkpt lat="45.4738800" lon="6.4125300">
    <ele>1432</ele>
   </trkpt>
   <trkpt lat="45.4738500" lon="6.4124500">
    <ele>1434</ele>
   </trkpt>
   <trkpt lat="45.4738200" lon="6.4123700">
    <ele>1436</ele>
   </trkpt>
   <trkpt lat="45.4737500" lon="6.4120700">
    <ele>1443</ele>
   </trkpt>
   <trkpt lat="45.4736900" lon="6.4118900">
    <ele>1447</ele>
   </trkpt>
   <trkpt lat="45.4736600" lon="6.4118300">
    <ele>1448</ele>
   </trkpt>
   <trkpt lat="45.4736199" lon="6.4118000">
    <ele>1448</ele>
   </trkpt>
   <trkpt lat="45.4735800" lon="6.4117900">
    <ele>1447</ele>
   </trkpt>
   <trkpt lat="45.4735400" lon="6.4117900">
    <ele>1446</ele>
   </trkpt>
   <trkpt lat="45.4733700" lon="6.4119000">
    <ele>1440</ele>
   </trkpt>
   <trkpt lat="45.4732100" lon="6.4120300">
    <ele>1435</ele>
   </trkpt>
   <trkpt lat="45.4731499" lon="6.4120600">
    <ele>1434</ele>
   </trkpt>
   <trkpt lat="45.4731100" lon="6.4120600">
    <ele>1433</ele>
   </trkpt>
   <trkpt lat="45.4730400" lon="6.4120400">
    <ele>1433</ele>
   </trkpt>
   <trkpt lat="45.4729800" lon="6.4120100">
    <ele>1434</ele>
   </trkpt>
   <trkpt lat="45.4728300" lon="6.4118600">
    <ele>1437</ele>
   </trkpt>
   <trkpt lat="45.4727600" lon="6.4117700">
    <ele>1439</ele>
   </trkpt>
   <trkpt lat="45.4724700" lon="6.4112900">
    <ele>1449</ele>
   </trkpt>
   <trkpt lat="45.4721700" lon="6.4108500">
    <ele>1452</ele>
   </trkpt>
   <trkpt lat="45.4720400" lon="6.4106600">
    <ele>1454</ele>
   </trkpt>
   <trkpt lat="45.4720000" lon="6.4105900">
    <ele>1455</ele>
   </trkpt>
   <trkpt lat="45.4719700" lon="6.4105100">
    <ele>1456</ele>
   </trkpt>
   <trkpt lat="45.4719600" lon="6.4104200">
    <ele>1458</ele>
   </trkpt>
   <trkpt lat="45.4719300" lon="6.4101800">
    <ele>1464</ele>
   </trkpt>
   <trkpt lat="45.4719000" lon="6.4100600">
    <ele>1466</ele>
   </trkpt>
   <trkpt lat="45.4718700" lon="6.4099700">
    <ele>1468</ele>
   </trkpt>
   <trkpt lat="45.4718300" lon="6.4098900">
    <ele>1469</ele>
   </trkpt>
   <trkpt lat="45.4716100" lon="6.4095400">
    <ele>1472</ele>
   </trkpt>
   <trkpt lat="45.4715300" lon="6.4094500">
    <ele>1472</ele>
   </trkpt>
   <trkpt lat="45.4715000" lon="6.4094100">
    <ele>1472</ele>
   </trkpt>
   <trkpt lat="45.4714400" lon="6.4093800">
    <ele>1471</ele>
   </trkpt>
   <trkpt lat="45.4712200" lon="6.4093200">
    <ele>1465</ele>
   </trkpt>
   <trkpt lat="45.4711799" lon="6.4092900">
    <ele>1465</ele>
   </trkpt>
   <trkpt lat="45.4711100" lon="6.4091900">
    <ele>1465</ele>
   </trkpt>
   <trkpt lat="45.4710600" lon="6.4090600">
    <ele>1468</ele>
   </trkpt>
   <trkpt lat="45.4710400" lon="6.4089700">
    <ele>1470</ele>
   </trkpt>
   <trkpt lat="45.4710400" lon="6.4086400">
    <ele>1482</ele>
   </trkpt>
   <trkpt lat="45.4710100" lon="6.4085000">
    <ele>1486</ele>
   </trkpt>
   <trkpt lat="45.4709400" lon="6.4083600">
    <ele>1489</ele>
   </trkpt>
   <trkpt lat="45.4708800" lon="6.4083000">
    <ele>1489</ele>
   </trkpt>
   <trkpt lat="45.4708400" lon="6.4082700">
    <ele>1489</ele>
   </trkpt>
   <trkpt lat="45.4707800" lon="6.4082400">
    <ele>1489</ele>
   </trkpt>
   <trkpt lat="45.4705700" lon="6.4082100">
    <ele>1485</ele>
   </trkpt>
   <trkpt lat="45.4704800" lon="6.4081900">
    <ele>1483</ele>
   </trkpt>
   <trkpt lat="45.4703200" lon="6.4080800">
    <ele>1483</ele>
   </trkpt>
   <trkpt lat="45.4701800" lon="6.4079499">
    <ele>1483</ele>
   </trkpt>
   <trkpt lat="45.4701200" lon="6.4078900">
    <ele>1483</ele>
   </trkpt>
   <trkpt lat="45.4700599" lon="6.4078099">
    <ele>1483</ele>
   </trkpt>
   <trkpt lat="45.4700200" lon="6.4077400">
    <ele>1483</ele>
   </trkpt>
   <trkpt lat="45.4698900" lon="6.4074200">
    <ele>1486</ele>
   </trkpt>
   <trkpt lat="45.4697900" lon="6.4071000">
    <ele>1489</ele>
   </trkpt>
   <trkpt lat="45.4697000" lon="6.4065899">
    <ele>1497</ele>
   </trkpt>
   <trkpt lat="45.4696600" lon="6.4064400">
    <ele>1499</ele>
   </trkpt>
   <trkpt lat="45.4695300" lon="6.4061400">
    <ele>1500</ele>
   </trkpt>
   <trkpt lat="45.4695100" lon="6.4060700">
    <ele>1501</ele>
   </trkpt>
   <trkpt lat="45.4694300" lon="6.4055600">
    <ele>1504</ele>
   </trkpt>
   <trkpt lat="45.4694200" lon="6.4054200">
    <ele>1504</ele>
   </trkpt>
   <trkpt lat="45.4694300" lon="6.4053200">
    <ele>1505</ele>
   </trkpt>
   <trkpt lat="45.4694500" lon="6.4052200">
    <ele>1507</ele>
   </trkpt>
   <trkpt lat="45.4697900" lon="6.4039300">
    <ele>1529</ele>
   </trkpt>
   <trkpt lat="45.4698000" lon="6.4038500">
    <ele>1530</ele>
   </trkpt>
   <trkpt lat="45.4697900" lon="6.4037700">
    <ele>1530</ele>
   </trkpt>
   <trkpt lat="45.4696700" lon="6.4034500">
    <ele>1524</ele>
   </trkpt>
   <trkpt lat="45.4696500" lon="6.4033700">
    <ele>1523</ele>
   </trkpt>
   <trkpt lat="45.4696500" lon="6.4032900">
    <ele>1523</ele>
   </trkpt>
   <trkpt lat="45.4696500" lon="6.4031800">
    <ele>1523</ele>
   </trkpt>
   <trkpt lat="45.4696799" lon="6.4028900">
    <ele>1524</ele>
   </trkpt>
   <trkpt lat="45.4697200" lon="6.4027000">
    <ele>1525</ele>
   </trkpt>
   <trkpt lat="45.4699300" lon="6.4022000">
    <ele>1534</ele>
   </trkpt>
   <trkpt lat="45.4699600" lon="6.4020900">
    <ele>1535</ele>
   </trkpt>
   <trkpt lat="45.4700599" lon="6.4016600">
    <ele>1539</ele>
   </trkpt>
   <trkpt lat="45.4701600" lon="6.4011400">
    <ele>1551</ele>
   </trkpt>
   <trkpt lat="45.4701700" lon="6.4010500">
    <ele>1552</ele>
   </trkpt>
   <trkpt lat="45.4701600" lon="6.4009800">
    <ele>1553</ele>
   </trkpt>
   <trkpt lat="45.4701400" lon="6.4008700">
    <ele>1553</ele>
   </trkpt>
   <trkpt lat="45.4700900" lon="6.4007400">
    <ele>1554</ele>
   </trkpt>
   <trkpt lat="45.4700200" lon="6.4005500">
    <ele>1557</ele>
   </trkpt>
   <trkpt lat="45.4699200" lon="6.4003300">
    <ele>1563</ele>
   </trkpt>
   <trkpt lat="45.4698800" lon="6.4002800">
    <ele>1565</ele>
   </trkpt>
   <trkpt lat="45.4698500" lon="6.4002500">
    <ele>1566</ele>
   </trkpt>
   <trkpt lat="45.4697699" lon="6.4002100">
    <ele>1567</ele>
   </trkpt>
   <trkpt lat="45.4697000" lon="6.4002200">
    <ele>1567</ele>
   </trkpt>
   <trkpt lat="45.4679800" lon="6.4011300">
    <ele>1563</ele>
   </trkpt>
   <trkpt lat="45.4677900" lon="6.4012300">
    <ele>1564</ele>
   </trkpt>
   <trkpt lat="45.4676800" lon="6.4012700">
    <ele>1565</ele>
   </trkpt>
   <trkpt lat="45.4676000" lon="6.4012800">
    <ele>1566</ele>
   </trkpt>
   <trkpt lat="45.4672399" lon="6.4012800">
    <ele>1578</ele>
   </trkpt>
   <trkpt lat="45.4670700" lon="6.4013400">
    <ele>1581</ele>
   </trkpt>
   <trkpt lat="45.4669800" lon="6.4014000">
    <ele>1580</ele>
   </trkpt>
   <trkpt lat="45.4669000" lon="6.4014800">
    <ele>1579</ele>
   </trkpt>
   <trkpt lat="45.4668200" lon="6.4015800">
    <ele>1576</ele>
   </trkpt>
   <trkpt lat="45.4666700" lon="6.4018100">
    <ele>1571</ele>
   </trkpt>
   <trkpt lat="45.4665899" lon="6.4018900">
    <ele>1571</ele>
   </trkpt>
   <trkpt lat="45.4661700" lon="6.4021400">
    <ele>1573</ele>
   </trkpt>
   <trkpt lat="45.4658400" lon="6.4023300">
    <ele>1573</ele>
   </trkpt>
   <trkpt lat="45.4657399" lon="6.4023600">
    <ele>1572</ele>
   </trkpt>
   <trkpt lat="45.4657000" lon="6.4023800">
    <ele>1571</ele>
   </trkpt>
   <trkpt lat="45.4655300" lon="6.4023700">
    <ele>1571</ele>
   </trkpt>
   <trkpt lat="45.4652500" lon="6.4023400">
    <ele>1571</ele>
   </trkpt>
   <trkpt lat="45.4651100" lon="6.4023100">
    <ele>1572</ele>
   </trkpt>
   <trkpt lat="45.4649900" lon="6.4022600">
    <ele>1574</ele>
   </trkpt>
   <trkpt lat="45.4647500" lon="6.4021100">
    <ele>1578</ele>
   </trkpt>
   <trkpt lat="45.4645700" lon="6.4019800">
    <ele>1581</ele>
   </trkpt>
   <trkpt lat="45.4644700" lon="6.4019300">
    <ele>1582</ele>
   </trkpt>
   <trkpt lat="45.4643900" lon="6.4019000">
    <ele>1582</ele>
   </trkpt>
   <trkpt lat="45.4642900" lon="6.4018800">
    <ele>1582</ele>
   </trkpt>
   <trkpt lat="45.4638500" lon="6.4018300">
    <ele>1578</ele>
   </trkpt>
   <trkpt lat="45.4637300" lon="6.4018000">
    <ele>1578</ele>
   </trkpt>
   <trkpt lat="45.4635500" lon="6.4017300">
    <ele>1580</ele>
   </trkpt>
   <trkpt lat="45.4632300" lon="6.4015700">
    <ele>1582</ele>
   </trkpt>
   <trkpt lat="45.4626000" lon="6.4011500">
    <ele>1587</ele>
   </trkpt>
   <trkpt lat="45.4618200" lon="6.4005800">
    <ele>1590</ele>
   </trkpt>
   <trkpt lat="45.4614100" lon="6.4002600">
    <ele>1592</ele>
   </trkpt>
   <trkpt lat="45.4608500" lon="6.3998500">
    <ele>1595</ele>
   </trkpt>
   <trkpt lat="45.4599900" lon="6.3990900">
    <ele>1601</ele>
   </trkpt>
   <trkpt lat="45.4592600" lon="6.3984800">
    <ele>1603</ele>
   </trkpt>
   <trkpt lat="45.4590400" lon="6.3982599">
    <ele>1602</ele>
   </trkpt>
   <trkpt lat="45.4589600" lon="6.3981500">
    <ele>1602</ele>
   </trkpt>
   <trkpt lat="45.4584300" lon="6.3972700">
    <ele>1603</ele>
   </trkpt>
   <trkpt lat="45.4583200" lon="6.3970600">
    <ele>1602</ele>
   </trkpt>
   <trkpt lat="45.4582200" lon="6.3969300">
    <ele>1601</ele>
   </trkpt>
   <trkpt lat="45.4580800" lon="6.3967900">
    <ele>1599</ele>
   </trkpt>
   <trkpt lat="45.4578500" lon="6.3966500">
    <ele>1595</ele>
   </trkpt>
   <trkpt lat="45.4576900" lon="6.3965300">
    <ele>1592</ele>
   </trkpt>
   <trkpt lat="45.4575800" lon="6.3964299">
    <ele>1590</ele>
   </trkpt>
   <trkpt lat="45.4575200" lon="6.3963400">
    <ele>1589</ele>
   </trkpt>
   <trkpt lat="45.4574500" lon="6.3962300">
    <ele>1588</ele>
   </trkpt>
   <trkpt lat="45.4574100" lon="6.3961200">
    <ele>1589</ele>
   </trkpt>
   <trkpt lat="45.4573600" lon="6.3959200">
    <ele>1591</ele>
   </trkpt>
   <trkpt lat="45.4573100" lon="6.3956400">
    <ele>1594</ele>
   </trkpt>
   <trkpt lat="45.4572500" lon="6.3951800">
    <ele>1599</ele>
   </trkpt>
   <trkpt lat="45.4572300" lon="6.3948400">
    <ele>1606</ele>
   </trkpt>
   <trkpt lat="45.4571900" lon="6.3945900">
    <ele>1612</ele>
   </trkpt>
   <trkpt lat="45.4571700" lon="6.3945000">
    <ele>1614</ele>
   </trkpt>
   <trkpt lat="45.4571300" lon="6.3943899">
    <ele>1616</ele>
   </trkpt>
   <trkpt lat="45.4570800" lon="6.3942900">
    <ele>1619</ele>
   </trkpt>
   <trkpt lat="45.4570099" lon="6.3941700">
    <ele>1621</ele>
   </trkpt>
   <trkpt lat="45.4568600" lon="6.3940200">
    <ele>1625</ele>
   </trkpt>
   <trkpt lat="45.4567700" lon="6.3939800">
    <ele>1625</ele>
   </trkpt>
   <trkpt lat="45.4566900" lon="6.3939800">
    <ele>1625</ele>
   </trkpt>
   <trkpt lat="45.4565800" lon="6.3940400">
    <ele>1625</ele>
   </trkpt>
   <trkpt lat="45.4565300" lon="6.3941000">
    <ele>1624</ele>
   </trkpt>
   <trkpt lat="45.4564100" lon="6.3942600">
    <ele>1622</ele>
   </trkpt>
   <trkpt lat="45.4558400" lon="6.3952200">
    <ele>1616</ele>
   </trkpt>
   <trkpt lat="45.4556800" lon="6.3954500">
    <ele>1615</ele>
   </trkpt>
   <trkpt lat="45.4553000" lon="6.3959400">
    <ele>1614</ele>
   </trkpt>
   <trkpt lat="45.4549600" lon="6.3963100">
    <ele>1616</ele>
   </trkpt>
   <trkpt lat="45.4548100" lon="6.3964500">
    <ele>1617</ele>
   </trkpt>
   <trkpt lat="45.4546800" lon="6.3965600">
    <ele>1618</ele>
   </trkpt>
   <trkpt lat="45.4543800" lon="6.3967900">
    <ele>1620</ele>
   </trkpt>
   <trkpt lat="45.4539900" lon="6.3970700">
    <ele>1621</ele>
   </trkpt>
   <trkpt lat="45.4538500" lon="6.3971500">
    <ele>1621</ele>
   </trkpt>
   <trkpt lat="45.4535700" lon="6.3972700">
    <ele>1622</ele>
   </trkpt>
   <trkpt lat="45.4534000" lon="6.3973300">
    <ele>1623</ele>
   </trkpt>
   <trkpt lat="45.4532300" lon="6.3973600">
    <ele>1624</ele>
   </trkpt>
   <trkpt lat="45.4531300" lon="6.3973699">
    <ele>1624</ele>
   </trkpt>
   <trkpt lat="45.4529900" lon="6.3973699">
    <ele>1625</ele>
   </trkpt>
   <trkpt lat="45.4528100" lon="6.3973500">
    <ele>1627</ele>
   </trkpt>
   <trkpt lat="45.4515300" lon="6.3971100">
    <ele>1632</ele>
   </trkpt>
   <trkpt lat="45.4514000" lon="6.3970600">
    <ele>1632</ele>
   </trkpt>
   <trkpt lat="45.4502800" lon="6.3965800">
    <ele>1636</ele>
   </trkpt>
   <trkpt lat="45.4499799" lon="6.3964299">
    <ele>1638</ele>
   </trkpt>
   <trkpt lat="45.4498600" lon="6.3963599">
    <ele>1639</ele>
   </trkpt>
   <trkpt lat="45.4496800" lon="6.3962199">
    <ele>1642</ele>
   </trkpt>
   <trkpt lat="45.4491200" lon="6.3957499">
    <ele>1649</ele>
   </trkpt>
   <trkpt lat="45.4482100" lon="6.3949600">
    <ele>1661</ele>
   </trkpt>
   <trkpt lat="45.4479100" lon="6.3946900">
    <ele>1665</ele>
   </trkpt>
   <trkpt lat="45.4476600" lon="6.3944200">
    <ele>1667</ele>
   </trkpt>
   <trkpt lat="45.4470900" lon="6.3937700">
    <ele>1672</ele>
   </trkpt>
   <trkpt lat="45.4469000" lon="6.3935400">
    <ele>1674</ele>
   </trkpt>
   <trkpt lat="45.4466899" lon="6.3932300">
    <ele>1676</ele>
   </trkpt>
   <trkpt lat="45.4463400" lon="6.3926600">
    <ele>1683</ele>
   </trkpt>
   <trkpt lat="45.4458500" lon="6.3918400">
    <ele>1689</ele>
   </trkpt>
   <trkpt lat="45.4457400" lon="6.3916500">
    <ele>1691</ele>
   </trkpt>
   <trkpt lat="45.4456800" lon="6.3914500">
    <ele>1693</ele>
   </trkpt>
   <trkpt lat="45.4456500" lon="6.3912699">
    <ele>1696</ele>
   </trkpt>
   <trkpt lat="45.4455500" lon="6.3903100">
    <ele>1707</ele>
   </trkpt>
   <trkpt lat="45.4455000" lon="6.3900300">
    <ele>1709</ele>
   </trkpt>
   <trkpt lat="45.4454600" lon="6.3898700">
    <ele>1711</ele>
   </trkpt>
   <trkpt lat="45.4453800" lon="6.3896100">
    <ele>1712</ele>
   </trkpt>
   <trkpt lat="45.4448700" lon="6.3882500">
    <ele>1721</ele>
   </trkpt>
   <trkpt lat="45.4447600" lon="6.3878600">
    <ele>1724</ele>
   </trkpt>
   <trkpt lat="45.4446600" lon="6.3873400">
    <ele>1727</ele>
   </trkpt>
   <trkpt lat="45.4445900" lon="6.3869800">
    <ele>1730</ele>
   </trkpt>
   <trkpt lat="45.4445500" lon="6.3866699">
    <ele>1734</ele>
   </trkpt>
   <trkpt lat="45.4445400" lon="6.3863100">
    <ele>1736</ele>
   </trkpt>
   <trkpt lat="45.4445100" lon="6.3844800">
    <ele>1749</ele>
   </trkpt>
   <trkpt lat="45.4444800" lon="6.3837300">
    <ele>1755</ele>
   </trkpt>
   <trkpt lat="45.4444400" lon="6.3827900">
    <ele>1762</ele>
   </trkpt>
   <trkpt lat="45.4444200" lon="6.3826100">
    <ele>1764</ele>
   </trkpt>
   <trkpt lat="45.4443600" lon="6.3823800">
    <ele>1765</ele>
   </trkpt>
   <trkpt lat="45.4443200" lon="6.3822300">
    <ele>1766</ele>
   </trkpt>
   <trkpt lat="45.4442600" lon="6.3820700">
    <ele>1767</ele>
   </trkpt>
   <trkpt lat="45.4442000" lon="6.3819200">
    <ele>1768</ele>
   </trkpt>
   <trkpt lat="45.4441100" lon="6.3817700">
    <ele>1770</ele>
   </trkpt>
   <trkpt lat="45.4439900" lon="6.3816000">
    <ele>1773</ele>
   </trkpt>
   <trkpt lat="45.4439200" lon="6.3815099">
    <ele>1775</ele>
   </trkpt>
   <trkpt lat="45.4438600" lon="6.3814600">
    <ele>1777</ele>
   </trkpt>
   <trkpt lat="45.4437700" lon="6.3814200">
    <ele>1778</ele>
   </trkpt>
   <trkpt lat="45.4436600" lon="6.3813700">
    <ele>1779</ele>
   </trkpt>
   <trkpt lat="45.4434700" lon="6.3813200">
    <ele>1781</ele>
   </trkpt>
   <trkpt lat="45.4433000" lon="6.3813000">
    <ele>1782</ele>
   </trkpt>
   <trkpt lat="45.4431800" lon="6.3812900">
    <ele>1784</ele>
   </trkpt>
   <trkpt lat="45.4430800" lon="6.3813100">
    <ele>1786</ele>
   </trkpt>
   <trkpt lat="45.4428700" lon="6.3813900">
    <ele>1788</ele>
   </trkpt>
   <trkpt lat="45.4425900" lon="6.3815400">
    <ele>1791</ele>
   </trkpt>
   <trkpt lat="45.4424300" lon="6.3816300">
    <ele>1792</ele>
   </trkpt>
   <trkpt lat="45.4423200" lon="6.3817199">
    <ele>1793</ele>
   </trkpt>
   <trkpt lat="45.4422600" lon="6.3818000">
    <ele>1794</ele>
   </trkpt>
   <trkpt lat="45.4422100" lon="6.3818800">
    <ele>1794</ele>
   </trkpt>
   <trkpt lat="45.4421300" lon="6.3821000">
    <ele>1792</ele>
   </trkpt>
   <trkpt lat="45.4421000" lon="6.3821600">
    <ele>1792</ele>
   </trkpt>
   <trkpt lat="45.4420700" lon="6.3822000">
    <ele>1792</ele>
   </trkpt>
   <trkpt lat="45.4420200" lon="6.3822300">
    <ele>1793</ele>
   </trkpt>
   <trkpt lat="45.4419899" lon="6.3822300">
    <ele>1794</ele>
   </trkpt>
   <trkpt lat="45.4419600" lon="6.3822000">
    <ele>1795</ele>
   </trkpt>
   <trkpt lat="45.4419300" lon="6.3821700">
    <ele>1796</ele>
   </trkpt>
   <trkpt lat="45.4419200" lon="6.3821300">
    <ele>1797</ele>
   </trkpt>
   <trkpt lat="45.4419200" lon="6.3820800">
    <ele>1797</ele>
   </trkpt>
   <trkpt lat="45.4419200" lon="6.3820100">
    <ele>1798</ele>
   </trkpt>
   <trkpt lat="45.4419500" lon="6.3819000">
    <ele>1799</ele>
   </trkpt>
   <trkpt lat="45.4421200" lon="6.3813300">
    <ele>1804</ele>
   </trkpt>
   <trkpt lat="45.4421800" lon="6.3812200">
    <ele>1804</ele>
   </trkpt>
   <trkpt lat="45.4422799" lon="6.3810500">
    <ele>1805</ele>
   </trkpt>
   <trkpt lat="45.4423699" lon="6.3809300">
    <ele>1805</ele>
   </trkpt>
   <trkpt lat="45.4426800" lon="6.3805400">
    <ele>1807</ele>
   </trkpt>
   <trkpt lat="45.4428900" lon="6.3801800">
    <ele>1811</ele>
   </trkpt>
   <trkpt lat="45.4429600" lon="6.3801000">
    <ele>1812</ele>
   </trkpt>
   <trkpt lat="45.4430400" lon="6.3800300">
    <ele>1812</ele>
   </trkpt>
   <trkpt lat="45.4432500" lon="6.3798700">
    <ele>1814</ele>
   </trkpt>
   <trkpt lat="45.4436000" lon="6.3796200">
    <ele>1820</ele>
   </trkpt>
   <trkpt lat="45.4437100" lon="6.3795500">
    <ele>1822</ele>
   </trkpt>
   <trkpt lat="45.4438900" lon="6.3794700">
    <ele>1824</ele>
   </trkpt>
   <trkpt lat="45.4444200" lon="6.3793200">
    <ele>1832</ele>
   </trkpt>
   <trkpt lat="45.4446000" lon="6.3792799">
    <ele>1834</ele>
   </trkpt>
   <trkpt lat="45.4447100" lon="6.3792799">
    <ele>1835</ele>
   </trkpt>
   <trkpt lat="45.4448700" lon="6.3793000">
    <ele>1836</ele>
   </trkpt>
   <trkpt lat="45.4449600" lon="6.3793300">
    <ele>1836</ele>
   </trkpt>
   <trkpt lat="45.4451100" lon="6.3794000">
    <ele>1837</ele>
   </trkpt>
   <trkpt lat="45.4452700" lon="6.3795200">
    <ele>1839</ele>
   </trkpt>
   <trkpt lat="45.4453600" lon="6.3796000">
    <ele>1840</ele>
   </trkpt>
   <trkpt lat="45.4454800" lon="6.3797400">
    <ele>1840</ele>
   </trkpt>
   <trkpt lat="45.4456500" lon="6.3799700">
    <ele>1841</ele>
   </trkpt>
   <trkpt lat="45.4461100" lon="6.3806300">
    <ele>1849</ele>
   </trkpt>
   <trkpt lat="45.4461700" lon="6.3806700">
    <ele>1851</ele>
   </trkpt>
   <trkpt lat="45.4462199" lon="6.3806600">
    <ele>1854</ele>
   </trkpt>
   <trkpt lat="45.4462500" lon="6.3806400">
    <ele>1856</ele>
   </trkpt>
   <trkpt lat="45.4462800" lon="6.3806000">
    <ele>1858</ele>
   </trkpt>
   <trkpt lat="45.4462900" lon="6.3805600">
    <ele>1859</ele>
   </trkpt>
   <trkpt lat="45.4463000" lon="6.3805200">
    <ele>1861</ele>
   </trkpt>
   <trkpt lat="45.4462900" lon="6.3804600">
    <ele>1861</ele>
   </trkpt>
   <trkpt lat="45.4462700" lon="6.3803900">
    <ele>1861</ele>
   </trkpt>
   <trkpt lat="45.4462400" lon="6.3803300">
    <ele>1861</ele>
   </trkpt>
   <trkpt lat="45.4460900" lon="6.3801100">
    <ele>1857</ele>
   </trkpt>
   <trkpt lat="45.4460200" lon="6.3799900">
    <ele>1855</ele>
   </trkpt>
   <trkpt lat="45.4459700" lon="6.3798700">
    <ele>1855</ele>
   </trkpt>
   <trkpt lat="45.4456400" lon="6.3789400">
    <ele>1864</ele>
   </trkpt>
   <trkpt lat="45.4455900" lon="6.3788500">
    <ele>1866</ele>
   </trkpt>
   <trkpt lat="45.4455300" lon="6.3787500">
    <ele>1867</ele>
   </trkpt>
   <trkpt lat="45.4454300" lon="6.3786300">
    <ele>1869</ele>
   </trkpt>
   <trkpt lat="45.4453699" lon="6.3785900">
    <ele>1870</ele>
   </trkpt>
   <trkpt lat="45.4453100" lon="6.3785500">
    <ele>1870</ele>
   </trkpt>
   <trkpt lat="45.4452200" lon="6.3785299">
    <ele>1870</ele>
   </trkpt>
   <trkpt lat="45.4443500" lon="6.3783400">
    <ele>1873</ele>
   </trkpt>
   <trkpt lat="45.4442600" lon="6.3783100">
    <ele>1875</ele>
   </trkpt>
   <trkpt lat="45.4440300" lon="6.3781800">
    <ele>1881</ele>
   </trkpt>
   <trkpt lat="45.4436000" lon="6.3778499">
    <ele>1893</ele>
   </trkpt>
   <trkpt lat="45.4434800" lon="6.3777700">
    <ele>1894</ele>
   </trkpt>
   <trkpt lat="45.4433999" lon="6.3777300">
    <ele>1895</ele>
   </trkpt>
   <trkpt lat="45.4429900" lon="6.3776000">
    <ele>1902</ele>
   </trkpt>
   <trkpt lat="45.4428300" lon="6.3775800">
    <ele>1904</ele>
   </trkpt>
   <trkpt lat="45.4426900" lon="6.3776100">
    <ele>1904</ele>
   </trkpt>
   <trkpt lat="45.4426300" lon="6.3776400">
    <ele>1903</ele>
   </trkpt>
   <trkpt lat="45.4425500" lon="6.3776900">
    <ele>1902</ele>
   </trkpt>
   <trkpt lat="45.4423200" lon="6.3778499">
    <ele>1901</ele>
   </trkpt>
   <trkpt lat="45.4421700" lon="6.3779300">
    <ele>1902</ele>
   </trkpt>
   <trkpt lat="45.4421100" lon="6.3779700">
    <ele>1902</ele>
   </trkpt>
   <trkpt lat="45.4420400" lon="6.3780100">
    <ele>1903</ele>
   </trkpt>
   <trkpt lat="45.4418400" lon="6.3782300">
    <ele>1902</ele>
   </trkpt>
   <trkpt lat="45.4415900" lon="6.3784100">
    <ele>1904</ele>
   </trkpt>
   <trkpt lat="45.4413900" lon="6.3785299">
    <ele>1904</ele>
   </trkpt>
   <trkpt lat="45.4412400" lon="6.3786800">
    <ele>1903</ele>
   </trkpt>
   <trkpt lat="45.4412100" lon="6.3787000">
    <ele>1903</ele>
   </trkpt>
   <trkpt lat="45.4411600" lon="6.3786800">
    <ele>1905</ele>
   </trkpt>
   <trkpt lat="45.4411300" lon="6.3786300">
    <ele>1907</ele>
   </trkpt>
   <trkpt lat="45.4411200" lon="6.3785900">
    <ele>1908</ele>
   </trkpt>
   <trkpt lat="45.4411300" lon="6.3785100">
    <ele>1911</ele>
   </trkpt>
   <trkpt lat="45.4411500" lon="6.3784800">
    <ele>1911</ele>
   </trkpt>
   <trkpt lat="45.4411800" lon="6.3784400">
    <ele>1912</ele>
   </trkpt>
   <trkpt lat="45.4413100" lon="6.3783400">
    <ele>1912</ele>
   </trkpt>
   <trkpt lat="45.4414400" lon="6.3782100">
    <ele>1913</ele>
   </trkpt>
   <trkpt lat="45.4417100" lon="6.3777799">
    <ele>1919</ele>
   </trkpt>
   <trkpt lat="45.4418000" lon="6.3776200">
    <ele>1921</ele>
   </trkpt>
   <trkpt lat="45.4418500" lon="6.3775300">
    <ele>1922</ele>
   </trkpt>
   <trkpt lat="45.4418999" lon="6.3774800">
    <ele>1923</ele>
   </trkpt>
   <trkpt lat="45.4419500" lon="6.3774400">
    <ele>1923</ele>
   </trkpt>
   <trkpt lat="45.4421400" lon="6.3773500">
    <ele>1922</ele>
   </trkpt>
   <trkpt lat="45.4422000" lon="6.3772900">
    <ele>1922</ele>
   </trkpt>
   <trkpt lat="45.4422100" lon="6.3772399">
    <ele>1924</ele>
   </trkpt>
   <trkpt lat="45.4422100" lon="6.3771500">
    <ele>1927</ele>
   </trkpt>
   <trkpt lat="45.4422000" lon="6.3771000">
    <ele>1928</ele>
   </trkpt>
   <trkpt lat="45.4421500" lon="6.3770600">
    <ele>1930</ele>
   </trkpt>
   <trkpt lat="45.4421200" lon="6.3770500">
    <ele>1931</ele>
   </trkpt>
   <trkpt lat="45.4420700" lon="6.3770600">
    <ele>1931</ele>
   </trkpt>
   <trkpt lat="45.4420200" lon="6.3770800">
    <ele>1931</ele>
   </trkpt>
   <trkpt lat="45.4418300" lon="6.3772399">
    <ele>1929</ele>
   </trkpt>
   <trkpt lat="45.4414100" lon="6.3775400">
    <ele>1931</ele>
   </trkpt>
   <trkpt lat="45.4410000" lon="6.3778000">
    <ele>1932</ele>
   </trkpt>
   <trkpt lat="45.4407100" lon="6.3779400">
    <ele>1936</ele>
   </trkpt>
   <trkpt lat="45.4403800" lon="6.3781500">
    <ele>1942</ele>
   </trkpt>
   <trkpt lat="45.4403000" lon="6.3782200">
    <ele>1943</ele>
   </trkpt>
   <trkpt lat="45.4402500" lon="6.3782800">
    <ele>1944</ele>
   </trkpt>
   <trkpt lat="45.4401300" lon="6.3785299">
    <ele>1943</ele>
   </trkpt>
   <trkpt lat="45.4400400" lon="6.3786900">
    <ele>1944</ele>
   </trkpt>
   <trkpt lat="45.4399500" lon="6.3788200">
    <ele>1944</ele>
   </trkpt>
   <trkpt lat="45.4398200" lon="6.3789400">
    <ele>1943</ele>
   </trkpt>
   <trkpt lat="45.4397100" lon="6.3789999">
    <ele>1943</ele>
   </trkpt>
   <trkpt lat="45.4395200" lon="6.3790200">
    <ele>1945</ele>
   </trkpt>
   <trkpt lat="45.4394500" lon="6.3790200">
    <ele>1945</ele>
   </trkpt>
   <trkpt lat="45.4393200" lon="6.3789900">
    <ele>1947</ele>
   </trkpt>
   <trkpt lat="45.4392500" lon="6.3789600">
    <ele>1949</ele>
   </trkpt>
   <trkpt lat="45.4390700" lon="6.3788200">
    <ele>1953</ele>
   </trkpt>
   <trkpt lat="45.4386500" lon="6.3784500">
    <ele>1960</ele>
   </trkpt>
   <trkpt lat="45.4385100" lon="6.3783200">
    <ele>1962</ele>
   </trkpt>
   <trkpt lat="45.4384200" lon="6.3782000">
    <ele>1963</ele>
   </trkpt>
   <trkpt lat="45.4383200" lon="6.3780700">
    <ele>1965</ele>
   </trkpt>
   <trkpt lat="45.4382499" lon="6.3779600">
    <ele>1966</ele>
   </trkpt>
   <trkpt lat="45.4381200" lon="6.3776900">
    <ele>1969</ele>
   </trkpt>
   <trkpt lat="45.4380900" lon="6.3776200">
    <ele>1970</ele>
   </trkpt>
   <trkpt lat="45.4380700" lon="6.3775000">
    <ele>1971</ele>
   </trkpt>
   <trkpt lat="45.4380700" lon="6.3774300">
    <ele>1972</ele>
   </trkpt>
   <trkpt lat="45.4380900" lon="6.3773900">
    <ele>1973</ele>
   </trkpt>
   <trkpt lat="45.4381100" lon="6.3773600">
    <ele>1974</ele>
   </trkpt>
   <trkpt lat="45.4381700" lon="6.3773400">
    <ele>1975</ele>
   </trkpt>
   <trkpt lat="45.4382100" lon="6.3773400">
    <ele>1975</ele>
   </trkpt>
   <trkpt lat="45.4382400" lon="6.3773700">
    <ele>1975</ele>
   </trkpt>
   <trkpt lat="45.4388200" lon="6.3780400">
    <ele>1967</ele>
   </trkpt>
   <trkpt lat="45.4388900" lon="6.3781100">
    <ele>1966</ele>
   </trkpt>
   <trkpt lat="45.4389700" lon="6.3781600">
    <ele>1966</ele>
   </trkpt>
   <trkpt lat="45.4390400" lon="6.3781700">
    <ele>1966</ele>
   </trkpt>
   <trkpt lat="45.4390700" lon="6.3781500">
    <ele>1966</ele>
   </trkpt>
   <trkpt lat="45.4391000" lon="6.3780900">
    <ele>1967</ele>
   </trkpt>
   <trkpt lat="45.4391100" lon="6.3780000">
    <ele>1969</ele>
   </trkpt>
   <trkpt lat="45.4391100" lon="6.3779500">
    <ele>1970</ele>
   </trkpt>
   <trkpt lat="45.4390900" lon="6.3779100">
    <ele>1970</ele>
   </trkpt>
   <trkpt lat="45.4390500" lon="6.3778499">
    <ele>1971</ele>
   </trkpt>
   <trkpt lat="45.4389200" lon="6.3777100">
    <ele>1973</ele>
   </trkpt>
   <trkpt lat="45.4382600" lon="6.3769900">
    <ele>1983</ele>
   </trkpt>
   <trkpt lat="45.4372700" lon="6.3759499">
    <ele>1992</ele>
   </trkpt>
   <trkpt lat="45.4370400" lon="6.3757400">
    <ele>1993</ele>
   </trkpt>
   <trkpt lat="45.4368900" lon="6.3756100">
    <ele>1994</ele>
   </trkpt>
   <trkpt lat="45.4367800" lon="6.3755400">
    <ele>1995</ele>
   </trkpt>
   <trkpt lat="45.4366500" lon="6.3754900">
    <ele>1995</ele>
   </trkpt>
   <trkpt lat="45.4364800" lon="6.3754500">
    <ele>1995</ele>
   </trkpt>
   <trkpt lat="45.4363200" lon="6.3754300">
    <ele>1996</ele>
   </trkpt>
   <trkpt lat="45.4361100" lon="6.3754300">
    <ele>1996</ele>
   </trkpt>
   <trkpt lat="45.4359600" lon="6.3754400">
    <ele>1995</ele>
   </trkpt>
   <trkpt lat="45.4357100" lon="6.3755100">
    <ele>1994</ele>
   </trkpt>
   <trkpt lat="45.4354700" lon="6.3755700">
    <ele>1993</ele>
   </trkpt>
   <trkpt lat="45.4353000" lon="6.3756199">
    <ele>1992</ele>
   </trkpt>
   <trkpt lat="45.4351700" lon="6.3756100">
    <ele>1992</ele>
   </trkpt>
   <trkpt lat="45.4350600" lon="6.3755800">
    <ele>1992</ele>
   </trkpt>
   <trkpt lat="45.4349500" lon="6.3755200">
    <ele>1992</ele>
   </trkpt>
   <trkpt lat="45.4348699" lon="6.3754799">
    <ele>1991</ele>
   </trkpt>
   <trkpt lat="45.4347900" lon="6.3754099">
    <ele>1991</ele>
   </trkpt>
   <trkpt lat="45.4337000" lon="6.3743100">
    <ele>1980</ele>
   </trkpt>
   <trkpt lat="45.4336100" lon="6.3741899">
    <ele>1978</ele>
   </trkpt>
   <trkpt lat="45.4335499" lon="6.3740800">
    <ele>1977</ele>
   </trkpt>
   <trkpt lat="45.4335000" lon="6.3738900">
    <ele>1976</ele>
   </trkpt>
   <trkpt lat="45.4331900" lon="6.3727300">
    <ele>1971</ele>
   </trkpt>
   <trkpt lat="45.4331400" lon="6.3725500">
    <ele>1970</ele>
   </trkpt>
   <trkpt lat="45.4330900" lon="6.3724700">
    <ele>1969</ele>
   </trkpt>
   <trkpt lat="45.4330400" lon="6.3723900">
    <ele>1969</ele>
   </trkpt>
   <trkpt lat="45.4326999" lon="6.3719800">
    <ele>1965</ele>
   </trkpt>
   <trkpt lat="45.4326099" lon="6.3718400">
    <ele>1964</ele>
   </trkpt>
   <trkpt lat="45.4325100" lon="6.3716200">
    <ele>1963</ele>
   </trkpt>
   <trkpt lat="45.4324299" lon="6.3714100">
    <ele>1961</ele>
   </trkpt>
   <trkpt lat="45.4323700" lon="6.3711900">
    <ele>1960</ele>
   </trkpt>
   <trkpt lat="45.4323300" lon="6.3710200">
    <ele>1959</ele>
   </trkpt>
   <trkpt lat="45.4323100" lon="6.3708000">
    <ele>1958</ele>
   </trkpt>
   <trkpt lat="45.4323200" lon="6.3706200">
    <ele>1957</ele>
   </trkpt>
   <trkpt lat="45.4323400" lon="6.3705100">
    <ele>1956</ele>
   </trkpt>
   <trkpt lat="45.4325199" lon="6.3698000">
    <ele>1952</ele>
   </trkpt>
   <trkpt lat="45.4325700" lon="6.3696800">
    <ele>1952</ele>
   </trkpt>
   <trkpt lat="45.4326099" lon="6.3696000">
    <ele>1951</ele>
   </trkpt>
   <trkpt lat="45.4326700" lon="6.3695100">
    <ele>1951</ele>
   </trkpt>
   <trkpt lat="45.4328100" lon="6.3693600">
    <ele>1952</ele>
   </trkpt>
   <trkpt lat="45.4328800" lon="6.3692800">
    <ele>1952</ele>
   </trkpt>
   <trkpt lat="45.4328999" lon="6.3692300">
    <ele>1952</ele>
   </trkpt>
   <trkpt lat="45.4329300" lon="6.3691600">
    <ele>1952</ele>
   </trkpt>
   <trkpt lat="45.4329500" lon="6.3690800">
    <ele>1952</ele>
   </trkpt>
   <trkpt lat="45.4329500" lon="6.3690100">
    <ele>1952</ele>
   </trkpt>
   <trkpt lat="45.4329400" lon="6.3689200">
    <ele>1952</ele>
   </trkpt>
   <trkpt lat="45.4328999" lon="6.3687900">
    <ele>1950</ele>
   </trkpt>
   <trkpt lat="45.4327100" lon="6.3683600">
    <ele>1944</ele>
   </trkpt>
   <trkpt lat="45.4324200" lon="6.3678200">
    <ele>1936</ele>
   </trkpt>
   <trkpt lat="45.4323600" lon="6.3676800">
    <ele>1935</ele>
   </trkpt>
   <trkpt lat="45.4323100" lon="6.3675499">
    <ele>1934</ele>
   </trkpt>
   <trkpt lat="45.4322700" lon="6.3673900">
    <ele>1932</ele>
   </trkpt>
   <trkpt lat="45.4322500" lon="6.3672500">
    <ele>1931</ele>
   </trkpt>
   <trkpt lat="45.4322500" lon="6.3670099">
    <ele>1930</ele>
   </trkpt>
   <trkpt lat="45.4322600" lon="6.3668900">
    <ele>1929</ele>
   </trkpt>
   <trkpt lat="45.4323200" lon="6.3665600">
    <ele>1930</ele>
   </trkpt>
   <trkpt lat="45.4323200" lon="6.3664100">
    <ele>1930</ele>
   </trkpt>
   <trkpt lat="45.4323100" lon="6.3663400">
    <ele>1929</ele>
   </trkpt>
   <trkpt lat="45.4321900" lon="6.3660300">
    <ele>1925</ele>
   </trkpt>
   <trkpt lat="45.4321200" lon="6.3658000">
    <ele>1922</ele>
   </trkpt>
   <trkpt lat="45.4320499" lon="6.3654900">
    <ele>1919</ele>
   </trkpt>
   <trkpt lat="45.4319700" lon="6.3650399">
    <ele>1915</ele>
   </trkpt>
   <trkpt lat="45.4319100" lon="6.3646300">
    <ele>1914</ele>
   </trkpt>
   <trkpt lat="45.4318600" lon="6.3641600">
    <ele>1914</ele>
   </trkpt>
   <trkpt lat="45.4318300" lon="6.3640200">
    <ele>1913</ele>
   </trkpt>
   <trkpt lat="45.4317600" lon="6.3637499">
    <ele>1912</ele>
   </trkpt>
   <trkpt lat="45.4317100" lon="6.3636100">
    <ele>1912</ele>
   </trkpt>
   <trkpt lat="45.4316600" lon="6.3635000">
    <ele>1911</ele>
   </trkpt>
   <trkpt lat="45.4316100" lon="6.3634200">
    <ele>1910</ele>
   </trkpt>
   <trkpt lat="45.4315500" lon="6.3633400">
    <ele>1909</ele>
   </trkpt>
   <trkpt lat="45.4310900" lon="6.3629300">
    <ele>1901</ele>
   </trkpt>
   <trkpt lat="45.4309200" lon="6.3627600">
    <ele>1899</ele>
   </trkpt>
   <trkpt lat="45.4308200" lon="6.3626200">
    <ele>1897</ele>
   </trkpt>
   <trkpt lat="45.4307500" lon="6.3624800">
    <ele>1897</ele>
   </trkpt>
   <trkpt lat="45.4306700" lon="6.3622500">
    <ele>1896</ele>
   </trkpt>
   <trkpt lat="45.4306399" lon="6.3622000">
    <ele>1896</ele>
   </trkpt>
   <trkpt lat="45.4306100" lon="6.3621700">
    <ele>1895</ele>
   </trkpt>
   <trkpt lat="45.4305700" lon="6.3621500">
    <ele>1894</ele>
   </trkpt>
   <trkpt lat="45.4305400" lon="6.3621500">
    <ele>1893</ele>
   </trkpt>
   <trkpt lat="45.4304900" lon="6.3621800">
    <ele>1892</ele>
   </trkpt>
   <trkpt lat="45.4304599" lon="6.3622600">
    <ele>1890</ele>
   </trkpt>
   <trkpt lat="45.4304599" lon="6.3623100">
    <ele>1890</ele>
   </trkpt>
   <trkpt lat="45.4304800" lon="6.3624300">
    <ele>1889</ele>
   </trkpt>
   <trkpt lat="45.4310100" lon="6.3637700">
    <ele>1888</ele>
   </trkpt>
   <trkpt lat="45.4310500" lon="6.3639100">
    <ele>1888</ele>
   </trkpt>
   <trkpt lat="45.4310700" lon="6.3640100">
    <ele>1887</ele>
   </trkpt>
   <trkpt lat="45.4310700" lon="6.3641000">
    <ele>1886</ele>
   </trkpt>
   <trkpt lat="45.4310700" lon="6.3642100">
    <ele>1885</ele>
   </trkpt>
   <trkpt lat="45.4308900" lon="6.3651700">
    <ele>1877</ele>
   </trkpt>
   <trkpt lat="45.4308600" lon="6.3652500">
    <ele>1876</ele>
   </trkpt>
   <trkpt lat="45.4308100" lon="6.3653500">
    <ele>1876</ele>
   </trkpt>
   <trkpt lat="45.4306800" lon="6.3654700">
    <ele>1873</ele>
   </trkpt>
   <trkpt lat="45.4304000" lon="6.3657000">
    <ele>1868</ele>
   </trkpt>
   <trkpt lat="45.4291700" lon="6.3667299">
    <ele>1856</ele>
   </trkpt>
   <trkpt lat="45.4275800" lon="6.3680600">
    <ele>1834</ele>
   </trkpt>
   <trkpt lat="45.4275300" lon="6.3681300">
    <ele>1834</ele>
   </trkpt>
   <trkpt lat="45.4274700" lon="6.3682700">
    <ele>1833</ele>
   </trkpt>
   <trkpt lat="45.4274600" lon="6.3683600">
    <ele>1834</ele>
   </trkpt>
   <trkpt lat="45.4274500" lon="6.3686100">
    <ele>1835</ele>
   </trkpt>
   <trkpt lat="45.4274000" lon="6.3687600">
    <ele>1835</ele>
   </trkpt>
   <trkpt lat="45.4273700" lon="6.3688100">
    <ele>1835</ele>
   </trkpt>
   <trkpt lat="45.4273300" lon="6.3688800">
    <ele>1834</ele>
   </trkpt>
   <trkpt lat="45.4271900" lon="6.3690200">
    <ele>1832</ele>
   </trkpt>
   <trkpt lat="45.4270700" lon="6.3691000">
    <ele>1830</ele>
   </trkpt>
   <trkpt lat="45.4268300" lon="6.3692300">
    <ele>1826</ele>
   </trkpt>
   <trkpt lat="45.4267500" lon="6.3692900">
    <ele>1825</ele>
   </trkpt>
   <trkpt lat="45.4266700" lon="6.3693600">
    <ele>1824</ele>
   </trkpt>
   <trkpt lat="45.4266200" lon="6.3694400">
    <ele>1823</ele>
   </trkpt>
   <trkpt lat="45.4265100" lon="6.3696300">
    <ele>1821</ele>
   </trkpt>
   <trkpt lat="45.4263600" lon="6.3700300">
    <ele>1819</ele>
   </trkpt>
   <trkpt lat="45.4263100" lon="6.3701500">
    <ele>1818</ele>
   </trkpt>
   <trkpt lat="45.4262700" lon="6.3702400">
    <ele>1817</ele>
   </trkpt>
   <trkpt lat="45.4260800" lon="6.3705200">
    <ele>1811</ele>
   </trkpt>
   <trkpt lat="45.4260200" lon="6.3706300">
    <ele>1810</ele>
   </trkpt>
   <trkpt lat="45.4259600" lon="6.3708300">
    <ele>1809</ele>
   </trkpt>
   <trkpt lat="45.4259300" lon="6.3709400">
    <ele>1807</ele>
   </trkpt>
   <trkpt lat="45.4259300" lon="6.3710600">
    <ele>1806</ele>
   </trkpt>
   <trkpt lat="45.4259300" lon="6.3711800">
    <ele>1806</ele>
   </trkpt>
   <trkpt lat="45.4259700" lon="6.3714600">
    <ele>1805</ele>
   </trkpt>
   <trkpt lat="45.4260000" lon="6.3716100">
    <ele>1805</ele>
   </trkpt>
   <trkpt lat="45.4261600" lon="6.3721400">
    <ele>1804</ele>
   </trkpt>
   <trkpt lat="45.4262299" lon="6.3725300">
    <ele>1801</ele>
   </trkpt>
   <trkpt lat="45.4262800" lon="6.3728800">
    <ele>1802</ele>
   </trkpt>
   <trkpt lat="45.4262800" lon="6.3729900">
    <ele>1802</ele>
   </trkpt>
   <trkpt lat="45.4262800" lon="6.3730800">
    <ele>1802</ele>
   </trkpt>
   <trkpt lat="45.4262400" lon="6.3732700">
    <ele>1801</ele>
   </trkpt>
   <trkpt lat="45.4262000" lon="6.3733900">
    <ele>1800</ele>
   </trkpt>
   <trkpt lat="45.4260600" lon="6.3738300">
    <ele>1798</ele>
   </trkpt>
   <trkpt lat="45.4260200" lon="6.3739200">
    <ele>1797</ele>
   </trkpt>
   <trkpt lat="45.4259700" lon="6.3740000">
    <ele>1796</ele>
   </trkpt>
   <trkpt lat="45.4259400" lon="6.3740400">
    <ele>1795</ele>
   </trkpt>
   <trkpt lat="45.4258900" lon="6.3740700">
    <ele>1794</ele>
   </trkpt>
   <trkpt lat="45.4258499" lon="6.3740800">
    <ele>1793</ele>
   </trkpt>
   <trkpt lat="45.4258100" lon="6.3740800">
    <ele>1792</ele>
   </trkpt>
   <trkpt lat="45.4257700" lon="6.3740500">
    <ele>1792</ele>
   </trkpt>
   <trkpt lat="45.4257000" lon="6.3739700">
    <ele>1790</ele>
   </trkpt>
   <trkpt lat="45.4256699" lon="6.3738800">
    <ele>1789</ele>
   </trkpt>
   <trkpt lat="45.4256800" lon="6.3737800">
    <ele>1789</ele>
   </trkpt>
   <trkpt lat="45.4257000" lon="6.3736900">
    <ele>1789</ele>
   </trkpt>
   <trkpt lat="45.4258200" lon="6.3734500">
    <ele>1791</ele>
   </trkpt>
   <trkpt lat="45.4258600" lon="6.3733600">
    <ele>1792</ele>
   </trkpt>
   <trkpt lat="45.4258800" lon="6.3732800">
    <ele>1792</ele>
   </trkpt>
   <trkpt lat="45.4258800" lon="6.3731400">
    <ele>1792</ele>
   </trkpt>
   <trkpt lat="45.4258700" lon="6.3730900">
    <ele>1792</ele>
   </trkpt>
   <trkpt lat="45.4258400" lon="6.3730000">
    <ele>1791</ele>
   </trkpt>
   <trkpt lat="45.4256900" lon="6.3727700">
    <ele>1788</ele>
   </trkpt>
   <trkpt lat="45.4256100" lon="6.3726100">
    <ele>1786</ele>
   </trkpt>
   <trkpt lat="45.4254900" lon="6.3722700">
    <ele>1786</ele>
   </trkpt>
   <trkpt lat="45.4254200" lon="6.3721100">
    <ele>1785</ele>
   </trkpt>
   <trkpt lat="45.4252700" lon="6.3718400">
    <ele>1783</ele>
   </trkpt>
   <trkpt lat="45.4252300" lon="6.3717400">
    <ele>1783</ele>
   </trkpt>
   <trkpt lat="45.4251600" lon="6.3715500">
    <ele>1781</ele>
   </trkpt>
   <trkpt lat="45.4249700" lon="6.3707100">
    <ele>1771</ele>
   </trkpt>
   <trkpt lat="45.4248800" lon="6.3703400">
    <ele>1765</ele>
   </trkpt>
   <trkpt lat="45.4248600" lon="6.3700599">
    <ele>1763</ele>
   </trkpt>
   <trkpt lat="45.4248600" lon="6.3698600">
    <ele>1761</ele>
   </trkpt>
   <trkpt lat="45.4249000" lon="6.3695700">
    <ele>1761</ele>
   </trkpt>
   <trkpt lat="45.4249400" lon="6.3694700">
    <ele>1762</ele>
   </trkpt>
   <trkpt lat="45.4249800" lon="6.3693799">
    <ele>1763</ele>
   </trkpt>
   <trkpt lat="45.4251500" lon="6.3691600">
    <ele>1769</ele>
   </trkpt>
   <trkpt lat="45.4251900" lon="6.3690600">
    <ele>1770</ele>
   </trkpt>
   <trkpt lat="45.4251999" lon="6.3689700">
    <ele>1770</ele>
   </trkpt>
   <trkpt lat="45.4251800" lon="6.3688800">
    <ele>1770</ele>
   </trkpt>
   <trkpt lat="45.4251300" lon="6.3687900">
    <ele>1768</ele>
   </trkpt>
   <trkpt lat="45.4250300" lon="6.3686200">
    <ele>1765</ele>
   </trkpt>
   <trkpt lat="45.4249400" lon="6.3684300">
    <ele>1762</ele>
   </trkpt>
   <trkpt lat="45.4248600" lon="6.3682600">
    <ele>1759</ele>
   </trkpt>
   <trkpt lat="45.4247500" lon="6.3679400">
    <ele>1756</ele>
   </trkpt>
   <trkpt lat="45.4246900" lon="6.3677900">
    <ele>1755</ele>
   </trkpt>
   <trkpt lat="45.4246200" lon="6.3676400">
    <ele>1753</ele>
   </trkpt>
   <trkpt lat="45.4243499" lon="6.3672200">
    <ele>1746</ele>
   </trkpt>
   <trkpt lat="45.4242900" lon="6.3671000">
    <ele>1744</ele>
   </trkpt>
   <trkpt lat="45.4241500" lon="6.3666900">
    <ele>1741</ele>
   </trkpt>
   <trkpt lat="45.4241300" lon="6.3665700">
    <ele>1739</ele>
   </trkpt>
   <trkpt lat="45.4241200" lon="6.3663999">
    <ele>1736</ele>
   </trkpt>
   <trkpt lat="45.4241300" lon="6.3663000">
    <ele>1735</ele>
   </trkpt>
   <trkpt lat="45.4241699" lon="6.3662100">
    <ele>1735</ele>
   </trkpt>
   <trkpt lat="45.4242100" lon="6.3661600">
    <ele>1735</ele>
   </trkpt>
   <trkpt lat="45.4242700" lon="6.3661000">
    <ele>1735</ele>
   </trkpt>
   <trkpt lat="45.4243800" lon="6.3660400">
    <ele>1736</ele>
   </trkpt>
   <trkpt lat="45.4244800" lon="6.3660200">
    <ele>1737</ele>
   </trkpt>
   <trkpt lat="45.4247400" lon="6.3660200">
    <ele>1741</ele>
   </trkpt>
   <trkpt lat="45.4248000" lon="6.3659900">
    <ele>1741</ele>
   </trkpt>
   <trkpt lat="45.4248500" lon="6.3659200">
    <ele>1741</ele>
   </trkpt>
   <trkpt lat="45.4248800" lon="6.3658400">
    <ele>1740</ele>
   </trkpt>
   <trkpt lat="45.4248800" lon="6.3657400">
    <ele>1739</ele>
   </trkpt>
   <trkpt lat="45.4248400" lon="6.3654900">
    <ele>1735</ele>
   </trkpt>
   <trkpt lat="45.4248000" lon="6.3652300">
    <ele>1732</ele>
   </trkpt>
   <trkpt lat="45.4248000" lon="6.3651700">
    <ele>1731</ele>
   </trkpt>
   <trkpt lat="45.4248199" lon="6.3650399">
    <ele>1730</ele>
   </trkpt>
   <trkpt lat="45.4248600" lon="6.3649699">
    <ele>1729</ele>
   </trkpt>
   <trkpt lat="45.4250200" lon="6.3647800">
    <ele>1730</ele>
   </trkpt>
   <trkpt lat="45.4250800" lon="6.3646800">
    <ele>1730</ele>
   </trkpt>
   <trkpt lat="45.4253700" lon="6.3637000">
    <ele>1724</ele>
   </trkpt>
   <trkpt lat="45.4255200" lon="6.3631100">
    <ele>1723</ele>
   </trkpt>
   <trkpt lat="45.4255400" lon="6.3629700">
    <ele>1724</ele>
   </trkpt>
   <trkpt lat="45.4255300" lon="6.3629000">
    <ele>1724</ele>
   </trkpt>
   <trkpt lat="45.4255100" lon="6.3628000">
    <ele>1724</ele>
   </trkpt>
   <trkpt lat="45.4254500" lon="6.3626800">
    <ele>1722</ele>
   </trkpt>
   <trkpt lat="45.4248199" lon="6.3617200">
    <ele>1709</ele>
   </trkpt>
   <trkpt lat="45.4246200" lon="6.3614200">
    <ele>1708</ele>
   </trkpt>
   <trkpt lat="45.4245300" lon="6.3613099">
    <ele>1707</ele>
   </trkpt>
   <trkpt lat="45.4242100" lon="6.3609800">
    <ele>1702</ele>
   </trkpt>
   <trkpt lat="45.4240000" lon="6.3608000">
    <ele>1699</ele>
   </trkpt>
   <trkpt lat="45.4235400" lon="6.3604000">
    <ele>1692</ele>
   </trkpt>
   <trkpt lat="45.4234600" lon="6.3603100">
    <ele>1691</ele>
   </trkpt>
   <trkpt lat="45.4233800" lon="6.3601800">
    <ele>1691</ele>
   </trkpt>
   <trkpt lat="45.4233500" lon="6.3601100">
    <ele>1691</ele>
   </trkpt>
   <trkpt lat="45.4233300" lon="6.3600500">
    <ele>1691</ele>
   </trkpt>
   <trkpt lat="45.4233199" lon="6.3599900">
    <ele>1692</ele>
   </trkpt>
   <trkpt lat="45.4233100" lon="6.3597600">
    <ele>1692</ele>
   </trkpt>
   <trkpt lat="45.4232900" lon="6.3596899">
    <ele>1692</ele>
   </trkpt>
   <trkpt lat="45.4232600" lon="6.3596300">
    <ele>1691</ele>
   </trkpt>
   <trkpt lat="45.4232100" lon="6.3595700">
    <ele>1690</ele>
   </trkpt>
   <trkpt lat="45.4231399" lon="6.3595499">
    <ele>1689</ele>
   </trkpt>
   <trkpt lat="45.4230800" lon="6.3595800">
    <ele>1687</ele>
   </trkpt>
   <trkpt lat="45.4230300" lon="6.3596500">
    <ele>1686</ele>
   </trkpt>
   <trkpt lat="45.4229900" lon="6.3597500">
    <ele>1685</ele>
   </trkpt>
   <trkpt lat="45.4229800" lon="6.3598600">
    <ele>1684</ele>
   </trkpt>
   <trkpt lat="45.4230000" lon="6.3599500">
    <ele>1684</ele>
   </trkpt>
   <trkpt lat="45.4231600" lon="6.3605000">
    <ele>1683</ele>
   </trkpt>
   <trkpt lat="45.4232100" lon="6.3606900">
    <ele>1682</ele>
   </trkpt>
   <trkpt lat="45.4232299" lon="6.3608100">
    <ele>1681</ele>
   </trkpt>
   <trkpt lat="45.4232400" lon="6.3609000">
    <ele>1681</ele>
   </trkpt>
   <trkpt lat="45.4232400" lon="6.3610000">
    <ele>1680</ele>
   </trkpt>
   <trkpt lat="45.4232100" lon="6.3611200">
    <ele>1679</ele>
   </trkpt>
   <trkpt lat="45.4231100" lon="6.3615000">
    <ele>1674</ele>
   </trkpt>
   <trkpt lat="45.4230900" lon="6.3616300">
    <ele>1673</ele>
   </trkpt>
   <trkpt lat="45.4231100" lon="6.3617600">
    <ele>1672</ele>
   </trkpt>
   <trkpt lat="45.4231300" lon="6.3618499">
    <ele>1672</ele>
   </trkpt>
   <trkpt lat="45.4232000" lon="6.3619700">
    <ele>1672</ele>
   </trkpt>
   <trkpt lat="45.4234300" lon="6.3621700">
    <ele>1675</ele>
   </trkpt>
   <trkpt lat="45.4234700" lon="6.3622200">
    <ele>1676</ele>
   </trkpt>
   <trkpt lat="45.4235100" lon="6.3622800">
    <ele>1676</ele>
   </trkpt>
   <trkpt lat="45.4235200" lon="6.3623600">
    <ele>1675</ele>
   </trkpt>
   <trkpt lat="45.4235200" lon="6.3624300">
    <ele>1675</ele>
   </trkpt>
   <trkpt lat="45.4234900" lon="6.3625500">
    <ele>1674</ele>
   </trkpt>
   <trkpt lat="45.4234700" lon="6.3625900">
    <ele>1674</ele>
   </trkpt>
   <trkpt lat="45.4234300" lon="6.3626300">
    <ele>1673</ele>
   </trkpt>
   <trkpt lat="45.4233600" lon="6.3626699">
    <ele>1672</ele>
   </trkpt>
   <trkpt lat="45.4230200" lon="6.3628200">
    <ele>1665</ele>
   </trkpt>
   <trkpt lat="45.4228499" lon="6.3629400">
    <ele>1662</ele>
   </trkpt>
   <trkpt lat="45.4227599" lon="6.3630300">
    <ele>1661</ele>
   </trkpt>
   <trkpt lat="45.4223000" lon="6.3636600">
    <ele>1653</ele>
   </trkpt>
   <trkpt lat="45.4221500" lon="6.3638800">
    <ele>1651</ele>
   </trkpt>
   <trkpt lat="45.4218300" lon="6.3643700">
    <ele>1644</ele>
   </trkpt>
   <trkpt lat="45.4217700" lon="6.3644700">
    <ele>1642</ele>
   </trkpt>
   <trkpt lat="45.4217299" lon="6.3645900">
    <ele>1641</ele>
   </trkpt>
   <trkpt lat="45.4217100" lon="6.3647600">
    <ele>1641</ele>
   </trkpt>
   <trkpt lat="45.4217200" lon="6.3648600">
    <ele>1641</ele>
   </trkpt>
   <trkpt lat="45.4217800" lon="6.3652800">
    <ele>1644</ele>
   </trkpt>
   <trkpt lat="45.4217900" lon="6.3654000">
    <ele>1645</ele>
   </trkpt>
   <trkpt lat="45.4217900" lon="6.3655099">
    <ele>1646</ele>
   </trkpt>
   <trkpt lat="45.4217600" lon="6.3659100">
    <ele>1646</ele>
   </trkpt>
   <trkpt lat="45.4217500" lon="6.3660000">
    <ele>1647</ele>
   </trkpt>
   <trkpt lat="45.4217299" lon="6.3660500">
    <ele>1647</ele>
   </trkpt>
   <trkpt lat="45.4217000" lon="6.3661000">
    <ele>1646</ele>
   </trkpt>
   <trkpt lat="45.4216800" lon="6.3661300">
    <ele>1646</ele>
   </trkpt>
   <trkpt lat="45.4216399" lon="6.3661500">
    <ele>1645</ele>
   </trkpt>
   <trkpt lat="45.4215800" lon="6.3661600">
    <ele>1645</ele>
   </trkpt>
   <trkpt lat="45.4215300" lon="6.3661300">
    <ele>1644</ele>
   </trkpt>
   <trkpt lat="45.4214600" lon="6.3660700">
    <ele>1642</ele>
   </trkpt>
   <trkpt lat="45.4213600" lon="6.3659100">
    <ele>1639</ele>
   </trkpt>
   <trkpt lat="45.4213200" lon="6.3658700">
    <ele>1638</ele>
   </trkpt>
   <trkpt lat="45.4212300" lon="6.3658100">
    <ele>1635</ele>
   </trkpt>
   <trkpt lat="45.4211800" lon="6.3658000">
    <ele>1635</ele>
   </trkpt>
   <trkpt lat="45.4211000" lon="6.3658000">
    <ele>1633</ele>
   </trkpt>
   <trkpt lat="45.4209800" lon="6.3658300">
    <ele>1631</ele>
   </trkpt>
   <trkpt lat="45.4203700" lon="6.3660200">
    <ele>1631</ele>
   </trkpt>
   <trkpt lat="45.4202700" lon="6.3660300">
    <ele>1631</ele>
   </trkpt>
   <trkpt lat="45.4201600" lon="6.3659900">
    <ele>1629</ele>
   </trkpt>
   <trkpt lat="45.4201100" lon="6.3659500">
    <ele>1628</ele>
   </trkpt>
   <trkpt lat="45.4200500" lon="6.3658800">
    <ele>1626</ele>
   </trkpt>
   <trkpt lat="45.4199900" lon="6.3657899">
    <ele>1624</ele>
   </trkpt>
   <trkpt lat="45.4199100" lon="6.3656600">
    <ele>1623</ele>
   </trkpt>
   <trkpt lat="45.4198400" lon="6.3655099">
    <ele>1621</ele>
   </trkpt>
   <trkpt lat="45.4197200" lon="6.3652800">
    <ele>1618</ele>
   </trkpt>
   <trkpt lat="45.4196100" lon="6.3651400">
    <ele>1617</ele>
   </trkpt>
   <trkpt lat="45.4195000" lon="6.3650700">
    <ele>1616</ele>
   </trkpt>
   <trkpt lat="45.4192500" lon="6.3650399">
    <ele>1616</ele>
   </trkpt>
   <trkpt lat="45.4190100" lon="6.3650200">
    <ele>1614</ele>
   </trkpt>
   <trkpt lat="45.4189300" lon="6.3650100">
    <ele>1614</ele>
   </trkpt>
   <trkpt lat="45.4188700" lon="6.3649800">
    <ele>1613</ele>
   </trkpt>
   <trkpt lat="45.4186100" lon="6.3649699">
    <ele>1611</ele>
   </trkpt>
   <trkpt lat="45.4184900" lon="6.3649300">
    <ele>1610</ele>
   </trkpt>
   <trkpt lat="45.4183200" lon="6.3648200">
    <ele>1608</ele>
   </trkpt>
   <trkpt lat="45.4181700" lon="6.3646800">
    <ele>1607</ele>
   </trkpt>
   <trkpt lat="45.4181300" lon="6.3646400">
    <ele>1606</ele>
   </trkpt>
   <trkpt lat="45.4177700" lon="6.3643200">
    <ele>1602</ele>
   </trkpt>
   <trkpt lat="45.4176300" lon="6.3641800">
    <ele>1599</ele>
   </trkpt>
   <trkpt lat="45.4175800" lon="6.3640900">
    <ele>1598</ele>
   </trkpt>
   <trkpt lat="45.4174999" lon="6.3639300">
    <ele>1596</ele>
   </trkpt>
   <trkpt lat="45.4174600" lon="6.3638800">
    <ele>1596</ele>
   </trkpt>
   <trkpt lat="45.4173300" lon="6.3638000">
    <ele>1595</ele>
   </trkpt>
   <trkpt lat="45.4172300" lon="6.3637100">
    <ele>1594</ele>
   </trkpt>
   <trkpt lat="45.4171400" lon="6.3636100">
    <ele>1593</ele>
   </trkpt>
   <trkpt lat="45.4170500" lon="6.3634900">
    <ele>1592</ele>
   </trkpt>
   <trkpt lat="45.4170100" lon="6.3634600">
    <ele>1592</ele>
   </trkpt>
   <trkpt lat="45.4169600" lon="6.3634400">
    <ele>1592</ele>
   </trkpt>
   <trkpt lat="45.4168400" lon="6.3634300">
    <ele>1591</ele>
   </trkpt>
   <trkpt lat="45.4167900" lon="6.3634000">
    <ele>1591</ele>
   </trkpt>
   <trkpt lat="45.4162500" lon="6.3628900">
    <ele>1584</ele>
   </trkpt>
   <trkpt lat="45.4161500" lon="6.3628300">
    <ele>1583</ele>
   </trkpt>
   <trkpt lat="45.4160700" lon="6.3627800">
    <ele>1582</ele>
   </trkpt>
   <trkpt lat="45.4160200" lon="6.3627300">
    <ele>1581</ele>
   </trkpt>
   <trkpt lat="45.4160100" lon="6.3626200">
    <ele>1579</ele>
   </trkpt>
   <trkpt lat="45.4160500" lon="6.3625299">
    <ele>1577</ele>
   </trkpt>
   <trkpt lat="45.4161300" lon="6.3624300">
    <ele>1576</ele>
   </trkpt>
   <trkpt lat="45.4162200" lon="6.3623500">
    <ele>1575</ele>
   </trkpt>
   <trkpt lat="45.4163100" lon="6.3623100">
    <ele>1574</ele>
   </trkpt>
   <trkpt lat="45.4164800" lon="6.3623700">
    <ele>1576</ele>
   </trkpt>
   <trkpt lat="45.4165400" lon="6.3623900">
    <ele>1577</ele>
   </trkpt>
   <trkpt lat="45.4166000" lon="6.3623900">
    <ele>1577</ele>
   </trkpt>
   <trkpt lat="45.4166600" lon="6.3623600">
    <ele>1576</ele>
   </trkpt>
   <trkpt lat="45.4167100" lon="6.3623200">
    <ele>1576</ele>
   </trkpt>
   <trkpt lat="45.4167500" lon="6.3622600">
    <ele>1575</ele>
   </trkpt>
   <trkpt lat="45.4167800" lon="6.3621800">
    <ele>1574</ele>
   </trkpt>
   <trkpt lat="45.4167900" lon="6.3620500">
    <ele>1572</ele>
   </trkpt>
   <trkpt lat="45.4167900" lon="6.3619100">
    <ele>1570</ele>
   </trkpt>
   <trkpt lat="45.4167900" lon="6.3617100">
    <ele>1567</ele>
   </trkpt>
   <trkpt lat="45.4167900" lon="6.3615500">
    <ele>1564</ele>
   </trkpt>
   <trkpt lat="45.4168200" lon="6.3614400">
    <ele>1563</ele>
   </trkpt>
   <trkpt lat="45.4169200" lon="6.3611300">
    <ele>1559</ele>
   </trkpt>
   <trkpt lat="45.4170299" lon="6.3608600">
    <ele>1556</ele>
   </trkpt>
   <trkpt lat="45.4171000" lon="6.3607600">
    <ele>1555</ele>
   </trkpt>
   <trkpt lat="45.4173199" lon="6.3605800">
    <ele>1555</ele>
   </trkpt>
   <trkpt lat="45.4173900" lon="6.3604800">
    <ele>1554</ele>
   </trkpt>
   <trkpt lat="45.4174300" lon="6.3603500">
    <ele>1552</ele>
   </trkpt>
   <trkpt lat="45.4174400" lon="6.3602100">
    <ele>1550</ele>
   </trkpt>
   <trkpt lat="45.4174200" lon="6.3600800">
    <ele>1548</ele>
   </trkpt>
   <trkpt lat="45.4173800" lon="6.3599800">
    <ele>1546</ele>
   </trkpt>
   <trkpt lat="45.4173400" lon="6.3599100">
    <ele>1544</ele>
   </trkpt>
   <trkpt lat="45.4172700" lon="6.3598600">
    <ele>1543</ele>
   </trkpt>
   <trkpt lat="45.4172000" lon="6.3598400">
    <ele>1542</ele>
   </trkpt>
   <trkpt lat="45.4171300" lon="6.3598500">
    <ele>1542</ele>
   </trkpt>
   <trkpt lat="45.4170500" lon="6.3599200">
    <ele>1543</ele>
   </trkpt>
   <trkpt lat="45.4168000" lon="6.3602100">
    <ele>1545</ele>
   </trkpt>
   <trkpt lat="45.4167300" lon="6.3602700">
    <ele>1546</ele>
   </trkpt>
   <trkpt lat="45.4165300" lon="6.3604100">
    <ele>1547</ele>
   </trkpt>
   <trkpt lat="45.4164600" lon="6.3604700">
    <ele>1547</ele>
   </trkpt>
   <trkpt lat="45.4163799" lon="6.3605700">
    <ele>1548</ele>
   </trkpt>
   <trkpt lat="45.4163000" lon="6.3606900">
    <ele>1550</ele>
   </trkpt>
   <trkpt lat="45.4162700" lon="6.3607600">
    <ele>1551</ele>
   </trkpt>
   <trkpt lat="45.4162200" lon="6.3609300">
    <ele>1553</ele>
   </trkpt>
   <trkpt lat="45.4161800" lon="6.3609900">
    <ele>1553</ele>
   </trkpt>
   <trkpt lat="45.4161400" lon="6.3610200">
    <ele>1554</ele>
   </trkpt>
   <trkpt lat="45.4161100" lon="6.3610400">
    <ele>1554</ele>
   </trkpt>
   <trkpt lat="45.4160500" lon="6.3610400">
    <ele>1554</ele>
   </trkpt>
   <trkpt lat="45.4160100" lon="6.3610200">
    <ele>1554</ele>
   </trkpt>
   <trkpt lat="45.4159700" lon="6.3609900">
    <ele>1553</ele>
   </trkpt>
   <trkpt lat="45.4159400" lon="6.3609300">
    <ele>1552</ele>
   </trkpt>
   <trkpt lat="45.4159300" lon="6.3608399">
    <ele>1551</ele>
   </trkpt>
   <trkpt lat="45.4159200" lon="6.3606400">
    <ele>1549</ele>
   </trkpt>
   <trkpt lat="45.4159300" lon="6.3603500">
    <ele>1545</ele>
   </trkpt>
   <trkpt lat="45.4159400" lon="6.3602100">
    <ele>1544</ele>
   </trkpt>
   <trkpt lat="45.4159800" lon="6.3600700">
    <ele>1542</ele>
   </trkpt>
   <trkpt lat="45.4160700" lon="6.3597300">
    <ele>1538</ele>
   </trkpt>
   <trkpt lat="45.4160899" lon="6.3595200">
    <ele>1535</ele>
   </trkpt>
   <trkpt lat="45.4160899" lon="6.3592000">
    <ele>1531</ele>
   </trkpt>
   <trkpt lat="45.4160700" lon="6.3590300">
    <ele>1529</ele>
   </trkpt>
   <trkpt lat="45.4160500" lon="6.3588800">
    <ele>1528</ele>
   </trkpt>
   <trkpt lat="45.4160100" lon="6.3587100">
    <ele>1526</ele>
   </trkpt>
   <trkpt lat="45.4159500" lon="6.3585200">
    <ele>1524</ele>
   </trkpt>
   <trkpt lat="45.4158000" lon="6.3581100">
    <ele>1520</ele>
   </trkpt>
   <trkpt lat="45.4157500" lon="6.3579400">
    <ele>1519</ele>
   </trkpt>
   <trkpt lat="45.4156800" lon="6.3577199">
    <ele>1517</ele>
   </trkpt>
   <trkpt lat="45.4155400" lon="6.3571900">
    <ele>1510</ele>
   </trkpt>
   <trkpt lat="45.4154600" lon="6.3569400">
    <ele>1507</ele>
   </trkpt>
   <trkpt lat="45.4153800" lon="6.3568200">
    <ele>1506</ele>
   </trkpt>
   <trkpt lat="45.4153300" lon="6.3567400">
    <ele>1505</ele>
   </trkpt>
   <trkpt lat="45.4152800" lon="6.3566800">
    <ele>1504</ele>
   </trkpt>
   <trkpt lat="45.4152000" lon="6.3566399">
    <ele>1504</ele>
   </trkpt>
   <trkpt lat="45.4151100" lon="6.3566000">
    <ele>1504</ele>
   </trkpt>
   <trkpt lat="45.4148799" lon="6.3565400">
    <ele>1506</ele>
   </trkpt>
   <trkpt lat="45.4148000" lon="6.3565100">
    <ele>1507</ele>
   </trkpt>
   <trkpt lat="45.4147300" lon="6.3564600">
    <ele>1507</ele>
   </trkpt>
   <trkpt lat="45.4146900" lon="6.3564100">
    <ele>1507</ele>
   </trkpt>
   <trkpt lat="45.4145899" lon="6.3562800">
    <ele>1507</ele>
   </trkpt>
   <trkpt lat="45.4144999" lon="6.3560700">
    <ele>1506</ele>
   </trkpt>
   <trkpt lat="45.4143700" lon="6.3556100">
    <ele>1502</ele>
   </trkpt>
   <trkpt lat="45.4143100" lon="6.3554600">
    <ele>1500</ele>
   </trkpt>
   <trkpt lat="45.4142700" lon="6.3553600">
    <ele>1499</ele>
   </trkpt>
   <trkpt lat="45.4141199" lon="6.3551000">
    <ele>1498</ele>
   </trkpt>
   <trkpt lat="45.4140700" lon="6.3549800">
    <ele>1497</ele>
   </trkpt>
   <trkpt lat="45.4139800" lon="6.3546900">
    <ele>1493</ele>
   </trkpt>
   <trkpt lat="45.4139100" lon="6.3545200">
    <ele>1492</ele>
   </trkpt>
   <trkpt lat="45.4138000" lon="6.3541100">
    <ele>1487</ele>
   </trkpt>
   <trkpt lat="45.4137600" lon="6.3540200">
    <ele>1486</ele>
   </trkpt>
   <trkpt lat="45.4134900" lon="6.3535100">
    <ele>1484</ele>
   </trkpt>
   <trkpt lat="45.4134500" lon="6.3534100">
    <ele>1484</ele>
   </trkpt>
   <trkpt lat="45.4132600" lon="6.3527400">
    <ele>1477</ele>
   </trkpt>
   <trkpt lat="45.4130300" lon="6.3519500">
    <ele>1472</ele>
   </trkpt>
   <trkpt lat="45.4129200" lon="6.3516000">
    <ele>1469</ele>
   </trkpt>
   <trkpt lat="45.4128500" lon="6.3514700">
    <ele>1468</ele>
   </trkpt>
   <trkpt lat="45.4127700" lon="6.3513700">
    <ele>1467</ele>
   </trkpt>
   <trkpt lat="45.4127200" lon="6.3512900">
    <ele>1466</ele>
   </trkpt>
   <trkpt lat="45.4127100" lon="6.3512500">
    <ele>1465</ele>
   </trkpt>
   <trkpt lat="45.4127000" lon="6.3511500">
    <ele>1463</ele>
   </trkpt>
   <trkpt lat="45.4127300" lon="6.3510700">
    <ele>1460</ele>
   </trkpt>
   <trkpt lat="45.4127800" lon="6.3510300">
    <ele>1458</ele>
   </trkpt>
   <trkpt lat="45.4128200" lon="6.3510200">
    <ele>1458</ele>
   </trkpt>
   <trkpt lat="45.4128500" lon="6.3510200">
    <ele>1457</ele>
   </trkpt>
   <trkpt lat="45.4128900" lon="6.3510500">
    <ele>1457</ele>
   </trkpt>
   <trkpt lat="45.4129300" lon="6.3510799">
    <ele>1457</ele>
   </trkpt>
   <trkpt lat="45.4129600" lon="6.3511300">
    <ele>1458</ele>
   </trkpt>
   <trkpt lat="45.4131300" lon="6.3515000">
    <ele>1462</ele>
   </trkpt>
   <trkpt lat="45.4133900" lon="6.3520200">
    <ele>1463</ele>
   </trkpt>
   <trkpt lat="45.4135100" lon="6.3522000">
    <ele>1462</ele>
   </trkpt>
   <trkpt lat="45.4136300" lon="6.3523400">
    <ele>1462</ele>
   </trkpt>
   <trkpt lat="45.4138000" lon="6.3525000">
    <ele>1460</ele>
   </trkpt>
   <trkpt lat="45.4138700" lon="6.3525400">
    <ele>1460</ele>
   </trkpt>
   <trkpt lat="45.4139200" lon="6.3525600">
    <ele>1459</ele>
   </trkpt>
   <trkpt lat="45.4139800" lon="6.3525600">
    <ele>1458</ele>
   </trkpt>
   <trkpt lat="45.4140600" lon="6.3525200">
    <ele>1456</ele>
   </trkpt>
   <trkpt lat="45.4140900" lon="6.3524700">
    <ele>1454</ele>
   </trkpt>
   <trkpt lat="45.4141100" lon="6.3524200">
    <ele>1453</ele>
   </trkpt>
   <trkpt lat="45.4141100" lon="6.3523300">
    <ele>1451</ele>
   </trkpt>
   <trkpt lat="45.4140900" lon="6.3522900">
    <ele>1451</ele>
   </trkpt>
   <trkpt lat="45.4140700" lon="6.3522600">
    <ele>1451</ele>
   </trkpt>
   <trkpt lat="45.4140400" lon="6.3522400">
    <ele>1451</ele>
   </trkpt>
   <trkpt lat="45.4139300" lon="6.3522200">
    <ele>1453</ele>
   </trkpt>
   <trkpt lat="45.4138600" lon="6.3521900">
    <ele>1454</ele>
   </trkpt>
   <trkpt lat="45.4138000" lon="6.3521000">
    <ele>1454</ele>
   </trkpt>
   <trkpt lat="45.4137500" lon="6.3520000">
    <ele>1454</ele>
   </trkpt>
   <trkpt lat="45.4137100" lon="6.3519000">
    <ele>1453</ele>
   </trkpt>
   <trkpt lat="45.4136400" lon="6.3516300">
    <ele>1451</ele>
   </trkpt>
   <trkpt lat="45.4135700" lon="6.3513200">
    <ele>1448</ele>
   </trkpt>
   <trkpt lat="45.4135200" lon="6.3510099">
    <ele>1445</ele>
   </trkpt>
   <trkpt lat="45.4134900" lon="6.3508400">
    <ele>1443</ele>
   </trkpt>
   <trkpt lat="45.4134500" lon="6.3506000">
    <ele>1440</ele>
   </trkpt>
   <trkpt lat="45.4133799" lon="6.3503800">
    <ele>1437</ele>
   </trkpt>
   <trkpt lat="45.4133200" lon="6.3501899">
    <ele>1435</ele>
   </trkpt>
   <trkpt lat="45.4132700" lon="6.3501100">
    <ele>1434</ele>
   </trkpt>
   <trkpt lat="45.4131700" lon="6.3500100">
    <ele>1433</ele>
   </trkpt>
   <trkpt lat="45.4129300" lon="6.3498200">
    <ele>1431</ele>
   </trkpt>
   <trkpt lat="45.4128100" lon="6.3497300">
    <ele>1431</ele>
   </trkpt>
   <trkpt lat="45.4126800" lon="6.3496499">
    <ele>1431</ele>
   </trkpt>
   <trkpt lat="45.4126000" lon="6.3495799">
    <ele>1430</ele>
   </trkpt>
   <trkpt lat="45.4125600" lon="6.3495200">
    <ele>1429</ele>
   </trkpt>
   <trkpt lat="45.4125400" lon="6.3494800">
    <ele>1429</ele>
   </trkpt>
   <trkpt lat="45.4125100" lon="6.3492700">
    <ele>1425</ele>
   </trkpt>
   <trkpt lat="45.4124800" lon="6.3491700">
    <ele>1423</ele>
   </trkpt>
   <trkpt lat="45.4124500" lon="6.3491200">
    <ele>1422</ele>
   </trkpt>
   <trkpt lat="45.4124200" lon="6.3490700">
    <ele>1421</ele>
   </trkpt>
   <trkpt lat="45.4123600" lon="6.3490200">
    <ele>1420</ele>
   </trkpt>
   <trkpt lat="45.4120300" lon="6.3488300">
    <ele>1417</ele>
   </trkpt>
   <trkpt lat="45.4115600" lon="6.3485200">
    <ele>1412</ele>
   </trkpt>
   <trkpt lat="45.4110299" lon="6.3481400">
    <ele>1407</ele>
   </trkpt>
   <trkpt lat="45.4109200" lon="6.3480299">
    <ele>1406</ele>
   </trkpt>
   <trkpt lat="45.4108400" lon="6.3479300">
    <ele>1405</ele>
   </trkpt>
   <trkpt lat="45.4108100" lon="6.3478500">
    <ele>1404</ele>
   </trkpt>
   <trkpt lat="45.4107900" lon="6.3477499">
    <ele>1402</ele>
   </trkpt>
   <trkpt lat="45.4107600" lon="6.3474300">
    <ele>1397</ele>
   </trkpt>
   <trkpt lat="45.4107200" lon="6.3473100">
    <ele>1395</ele>
   </trkpt>
   <trkpt lat="45.4106700" lon="6.3472300">
    <ele>1394</ele>
   </trkpt>
   <trkpt lat="45.4106000" lon="6.3471399">
    <ele>1393</ele>
   </trkpt>
   <trkpt lat="45.4105100" lon="6.3470600">
    <ele>1392</ele>
   </trkpt>
   <trkpt lat="45.4104200" lon="6.3470300">
    <ele>1392</ele>
   </trkpt>
   <trkpt lat="45.4103800" lon="6.3470200">
    <ele>1392</ele>
   </trkpt>
   <trkpt lat="45.4103300" lon="6.3470400">
    <ele>1393</ele>
   </trkpt>
   <trkpt lat="45.4101100" lon="6.3471600">
    <ele>1396</ele>
   </trkpt>
   <trkpt lat="45.4099700" lon="6.3471800">
    <ele>1397</ele>
   </trkpt>
   <trkpt lat="45.4098800" lon="6.3471600">
    <ele>1398</ele>
   </trkpt>
   <trkpt lat="45.4098300" lon="6.3471100">
    <ele>1397</ele>
   </trkpt>
   <trkpt lat="45.4097700" lon="6.3470400">
    <ele>1396</ele>
   </trkpt>
   <trkpt lat="45.4097000" lon="6.3469100">
    <ele>1394</ele>
   </trkpt>
   <trkpt lat="45.4095700" lon="6.3467200">
    <ele>1391</ele>
   </trkpt>
   <trkpt lat="45.4094900" lon="6.3466300">
    <ele>1389</ele>
   </trkpt>
   <trkpt lat="45.4093100" lon="6.3464800">
    <ele>1386</ele>
   </trkpt>
   <trkpt lat="45.4089699" lon="6.3462700">
    <ele>1382</ele>
   </trkpt>
   <trkpt lat="45.4086200" lon="6.3460300">
    <ele>1379</ele>
   </trkpt>
   <trkpt lat="45.4083800" lon="6.3458400">
    <ele>1377</ele>
   </trkpt>
   <trkpt lat="45.4082300" lon="6.3457500">
    <ele>1376</ele>
   </trkpt>
   <trkpt lat="45.4081300" lon="6.3457100">
    <ele>1376</ele>
   </trkpt>
   <trkpt lat="45.4079300" lon="6.3456800">
    <ele>1377</ele>
   </trkpt>
   <trkpt lat="45.4078200" lon="6.3456900">
    <ele>1377</ele>
   </trkpt>
   <trkpt lat="45.4075300" lon="6.3457200">
    <ele>1379</ele>
   </trkpt>
   <trkpt lat="45.4072000" lon="6.3457200">
    <ele>1379</ele>
   </trkpt>
   <trkpt lat="45.4070899" lon="6.3457400">
    <ele>1379</ele>
   </trkpt>
   <trkpt lat="45.4069100" lon="6.3458200">
    <ele>1380</ele>
   </trkpt>
   <trkpt lat="45.4068400" lon="6.3458100">
    <ele>1379</ele>
   </trkpt>
   <trkpt lat="45.4068200" lon="6.3457900">
    <ele>1379</ele>
   </trkpt>
   <trkpt lat="45.4067900" lon="6.3457600">
    <ele>1378</ele>
   </trkpt>
   <trkpt lat="45.4067700" lon="6.3457200">
    <ele>1377</ele>
   </trkpt>
   <trkpt lat="45.4067700" lon="6.3456700">
    <ele>1376</ele>
   </trkpt>
   <trkpt lat="45.4067800" lon="6.3456000">
    <ele>1375</ele>
   </trkpt>
   <trkpt lat="45.4067900" lon="6.3455600">
    <ele>1374</ele>
   </trkpt>
   <trkpt lat="45.4068500" lon="6.3455100">
    <ele>1373</ele>
   </trkpt>
   <trkpt lat="45.4069100" lon="6.3454800">
    <ele>1373</ele>
   </trkpt>
   <trkpt lat="45.4080700" lon="6.3452800">
    <ele>1370</ele>
   </trkpt>
   <trkpt lat="45.4081400" lon="6.3452600">
    <ele>1369</ele>
   </trkpt>
   <trkpt lat="45.4082000" lon="6.3452200">
    <ele>1369</ele>
   </trkpt>
   <trkpt lat="45.4082300" lon="6.3451800">
    <ele>1368</ele>
   </trkpt>
   <trkpt lat="45.4082600" lon="6.3451100">
    <ele>1367</ele>
   </trkpt>
   <trkpt lat="45.4082700" lon="6.3450500">
    <ele>1367</ele>
   </trkpt>
   <trkpt lat="45.4082700" lon="6.3449799">
    <ele>1365</ele>
   </trkpt>
   <trkpt lat="45.4082600" lon="6.3449099">
    <ele>1363</ele>
   </trkpt>
   <trkpt lat="45.4082300" lon="6.3448600">
    <ele>1362</ele>
   </trkpt>
   <trkpt lat="45.4082000" lon="6.3448200">
    <ele>1361</ele>
   </trkpt>
   <trkpt lat="45.4081500" lon="6.3447800">
    <ele>1360</ele>
   </trkpt>
   <trkpt lat="45.4080800" lon="6.3447600">
    <ele>1359</ele>
   </trkpt>
   <trkpt lat="45.4074300" lon="6.3446100">
    <ele>1355</ele>
   </trkpt>
   <trkpt lat="45.4072100" lon="6.3445500">
    <ele>1353</ele>
   </trkpt>
   <trkpt lat="45.4070100" lon="6.3444500">
    <ele>1350</ele>
   </trkpt>
   <trkpt lat="45.4064200" lon="6.3440300">
    <ele>1339</ele>
   </trkpt>
   <trkpt lat="45.4062100" lon="6.3438900">
    <ele>1336</ele>
   </trkpt>
   <trkpt lat="45.4055500" lon="6.3434900">
    <ele>1328</ele>
   </trkpt>
   <trkpt lat="45.4054200" lon="6.3434300">
    <ele>1327</ele>
   </trkpt>
   <trkpt lat="45.4052500" lon="6.3433900">
    <ele>1326</ele>
   </trkpt>
   <trkpt lat="45.4049600" lon="6.3433600">
    <ele>1325</ele>
   </trkpt>
   <trkpt lat="45.4046600" lon="6.3432900">
    <ele>1323</ele>
   </trkpt>
   <trkpt lat="45.4045700" lon="6.3432500">
    <ele>1322</ele>
   </trkpt>
   <trkpt lat="45.4045100" lon="6.3432000">
    <ele>1321</ele>
   </trkpt>
   <trkpt lat="45.4044600" lon="6.3431400">
    <ele>1320</ele>
   </trkpt>
   <trkpt lat="45.4043500" lon="6.3429700">
    <ele>1318</ele>
   </trkpt>
   <trkpt lat="45.4042400" lon="6.3427800">
    <ele>1316</ele>
   </trkpt>
   <trkpt lat="45.4041700" lon="6.3426900">
    <ele>1315</ele>
   </trkpt>
   <trkpt lat="45.4041000" lon="6.3426300">
    <ele>1313</ele>
   </trkpt>
   <trkpt lat="45.4040600" lon="6.3426200">
    <ele>1312</ele>
   </trkpt>
   <trkpt lat="45.4040200" lon="6.3426200">
    <ele>1312</ele>
   </trkpt>
   <trkpt lat="45.4039800" lon="6.3426400">
    <ele>1311</ele>
   </trkpt>
   <trkpt lat="45.4039500" lon="6.3426600">
    <ele>1311</ele>
   </trkpt>
   <trkpt lat="45.4039200" lon="6.3427100">
    <ele>1311</ele>
   </trkpt>
   <trkpt lat="45.4038899" lon="6.3427700">
    <ele>1311</ele>
   </trkpt>
   <trkpt lat="45.4038400" lon="6.3429300">
    <ele>1313</ele>
   </trkpt>
   <trkpt lat="45.4037999" lon="6.3430000">
    <ele>1313</ele>
   </trkpt>
   <trkpt lat="45.4037700" lon="6.3430400">
    <ele>1313</ele>
   </trkpt>
   <trkpt lat="45.4036800" lon="6.3430799">
    <ele>1312</ele>
   </trkpt>
   <trkpt lat="45.4030800" lon="6.3431000">
    <ele>1309</ele>
   </trkpt>
   <trkpt lat="45.4029100" lon="6.3430900">
    <ele>1309</ele>
   </trkpt>
   <trkpt lat="45.4028300" lon="6.3430700">
    <ele>1309</ele>
   </trkpt>
   <trkpt lat="45.4027900" lon="6.3430500">
    <ele>1308</ele>
   </trkpt>
   <trkpt lat="45.4027300" lon="6.3429900">
    <ele>1307</ele>
   </trkpt>
   <trkpt lat="45.4027000" lon="6.3429200">
    <ele>1306</ele>
   </trkpt>
   <trkpt lat="45.4026600" lon="6.3427800">
    <ele>1303</ele>
   </trkpt>
   <trkpt lat="45.4026000" lon="6.3426300">
    <ele>1299</ele>
   </trkpt>
   <trkpt lat="45.4025500" lon="6.3425399">
    <ele>1297</ele>
   </trkpt>
   <trkpt lat="45.4022500" lon="6.3422100">
    <ele>1297</ele>
   </trkpt>
   <trkpt lat="45.4021400" lon="6.3420300">
    <ele>1297</ele>
   </trkpt>
   <trkpt lat="45.4021100" lon="6.3419299">
    <ele>1296</ele>
   </trkpt>
   <trkpt lat="45.4020900" lon="6.3418100">
    <ele>1295</ele>
   </trkpt>
   <trkpt lat="45.4020600" lon="6.3414000">
    <ele>1291</ele>
   </trkpt>
   <trkpt lat="45.4020000" lon="6.3408100">
    <ele>1284</ele>
   </trkpt>
   <trkpt lat="45.4020000" lon="6.3406800">
    <ele>1282</ele>
   </trkpt>
   <trkpt lat="45.4020100" lon="6.3403400">
    <ele>1276</ele>
   </trkpt>
   <trkpt lat="45.4020000" lon="6.3402100">
    <ele>1273</ele>
   </trkpt>
   <trkpt lat="45.4019100" lon="6.3399300">
    <ele>1270</ele>
   </trkpt>
   <trkpt lat="45.4018400" lon="6.3397800">
    <ele>1267</ele>
   </trkpt>
   <trkpt lat="45.4017500" lon="6.3396300">
    <ele>1265</ele>
   </trkpt>
   <trkpt lat="45.4017000" lon="6.3395900">
    <ele>1265</ele>
   </trkpt>
   <trkpt lat="45.4016300" lon="6.3395500">
    <ele>1265</ele>
   </trkpt>
   <trkpt lat="45.4012500" lon="6.3394600">
    <ele>1264</ele>
   </trkpt>
   <trkpt lat="45.4011700" lon="6.3394300">
    <ele>1263</ele>
   </trkpt>
   <trkpt lat="45.4009400" lon="6.3392900">
    <ele>1262</ele>
   </trkpt>
   <trkpt lat="45.4007300" lon="6.3392400">
    <ele>1261</ele>
   </trkpt>
   <trkpt lat="45.4005700" lon="6.3392400">
    <ele>1260</ele>
   </trkpt>
   <trkpt lat="45.4002600" lon="6.3393400">
    <ele>1260</ele>
   </trkpt>
   <trkpt lat="45.4001800" lon="6.3393499">
    <ele>1259</ele>
   </trkpt>
   <trkpt lat="45.4000900" lon="6.3393300">
    <ele>1258</ele>
   </trkpt>
   <trkpt lat="45.3999900" lon="6.3392799">
    <ele>1257</ele>
   </trkpt>
   <trkpt lat="45.3998700" lon="6.3392000">
    <ele>1256</ele>
   </trkpt>
   <trkpt lat="45.3998300" lon="6.3391600">
    <ele>1256</ele>
   </trkpt>
   <trkpt lat="45.3997699" lon="6.3390700">
    <ele>1255</ele>
   </trkpt>
   <trkpt lat="45.3993100" lon="6.3383500">
    <ele>1245</ele>
   </trkpt>
   <trkpt lat="45.3990200" lon="6.3379400">
    <ele>1240</ele>
   </trkpt>
   <trkpt lat="45.3989600" lon="6.3378800">
    <ele>1240</ele>
   </trkpt>
   <trkpt lat="45.3988299" lon="6.3377700">
    <ele>1239</ele>
   </trkpt>
   <trkpt lat="45.3987600" lon="6.3377300">
    <ele>1239</ele>
   </trkpt>
   <trkpt lat="45.3985399" lon="6.3376700">
    <ele>1240</ele>
   </trkpt>
   <trkpt lat="45.3985000" lon="6.3376500">
    <ele>1241</ele>
   </trkpt>
   <trkpt lat="45.3984700" lon="6.3376200">
    <ele>1240</ele>
   </trkpt>
   <trkpt lat="45.3984499" lon="6.3375800">
    <ele>1240</ele>
   </trkpt>
   <trkpt lat="45.3984400" lon="6.3375300">
    <ele>1239</ele>
   </trkpt>
   <trkpt lat="45.3984499" lon="6.3374800">
    <ele>1238</ele>
   </trkpt>
   <trkpt lat="45.3984800" lon="6.3374400">
    <ele>1237</ele>
   </trkpt>
   <trkpt lat="45.3985100" lon="6.3374100">
    <ele>1236</ele>
   </trkpt>
   <trkpt lat="45.3985600" lon="6.3374000">
    <ele>1235</ele>
   </trkpt>
   <trkpt lat="45.3988100" lon="6.3374600">
    <ele>1233</ele>
   </trkpt>
   <trkpt lat="45.3993500" lon="6.3375199">
    <ele>1230</ele>
   </trkpt>
   <trkpt lat="45.3994600" lon="6.3375800">
    <ele>1230</ele>
   </trkpt>
   <trkpt lat="45.3996700" lon="6.3377900">
    <ele>1233</ele>
   </trkpt>
   <trkpt lat="45.3997400" lon="6.3378300">
    <ele>1233</ele>
   </trkpt>
   <trkpt lat="45.3997600" lon="6.3378300">
    <ele>1233</ele>
   </trkpt>
   <trkpt lat="45.3998000" lon="6.3378100">
    <ele>1233</ele>
   </trkpt>
   <trkpt lat="45.3998100" lon="6.3377900">
    <ele>1232</ele>
   </trkpt>
   <trkpt lat="45.3998200" lon="6.3377300">
    <ele>1231</ele>
   </trkpt>
   <trkpt lat="45.3998100" lon="6.3376900">
    <ele>1231</ele>
   </trkpt>
   <trkpt lat="45.3998000" lon="6.3376599">
    <ele>1230</ele>
   </trkpt>
   <trkpt lat="45.3997200" lon="6.3375899">
    <ele>1229</ele>
   </trkpt>
   <trkpt lat="45.3996500" lon="6.3375199">
    <ele>1229</ele>
   </trkpt>
   <trkpt lat="45.3996000" lon="6.3374499">
    <ele>1227</ele>
   </trkpt>
   <trkpt lat="45.3993500" lon="6.3371400">
    <ele>1222</ele>
   </trkpt>
   <trkpt lat="45.3992400" lon="6.3370300">
    <ele>1220</ele>
   </trkpt>
   <trkpt lat="45.3991600" lon="6.3369600">
    <ele>1218</ele>
   </trkpt>
   <trkpt lat="45.3990000" lon="6.3368600">
    <ele>1218</ele>
   </trkpt>
   <trkpt lat="45.3986100" lon="6.3367100">
    <ele>1219</ele>
   </trkpt>
   <trkpt lat="45.3983500" lon="6.3364900">
    <ele>1216</ele>
   </trkpt>
   <trkpt lat="45.3982900" lon="6.3364600">
    <ele>1215</ele>
   </trkpt>
   <trkpt lat="45.3978400" lon="6.3363200">
    <ele>1209</ele>
   </trkpt>
   <trkpt lat="45.3976800" lon="6.3362500">
    <ele>1207</ele>
   </trkpt>
   <trkpt lat="45.3972200" lon="6.3360000">
    <ele>1200</ele>
   </trkpt>
   <trkpt lat="45.3971400" lon="6.3359700">
    <ele>1199</ele>
   </trkpt>
   <trkpt lat="45.3970300" lon="6.3359500">
    <ele>1198</ele>
   </trkpt>
   <trkpt lat="45.3968100" lon="6.3359300">
    <ele>1197</ele>
   </trkpt>
   <trkpt lat="45.3966700" lon="6.3359500">
    <ele>1196</ele>
   </trkpt>
   <trkpt lat="45.3966300" lon="6.3359600">
    <ele>1196</ele>
   </trkpt>
   <trkpt lat="45.3965500" lon="6.3360000">
    <ele>1196</ele>
   </trkpt>
   <trkpt lat="45.3962600" lon="6.3362000">
    <ele>1199</ele>
   </trkpt>
   <trkpt lat="45.3962100" lon="6.3362200">
    <ele>1199</ele>
   </trkpt>
   <trkpt lat="45.3960500" lon="6.3362200">
    <ele>1198</ele>
   </trkpt>
   <trkpt lat="45.3958000" lon="6.3361900">
    <ele>1196</ele>
   </trkpt>
   <trkpt lat="45.3955600" lon="6.3361400">
    <ele>1196</ele>
   </trkpt>
   <trkpt lat="45.3954300" lon="6.3360900">
    <ele>1196</ele>
   </trkpt>
   <trkpt lat="45.3949000" lon="6.3358400">
    <ele>1189</ele>
   </trkpt>
   <trkpt lat="45.3945300" lon="6.3357300">
    <ele>1190</ele>
   </trkpt>
   <trkpt lat="45.3943800" lon="6.3356700">
    <ele>1189</ele>
   </trkpt>
   <trkpt lat="45.3938900" lon="6.3354200">
    <ele>1179</ele>
   </trkpt>
   <trkpt lat="45.3937400" lon="6.3353600">
    <ele>1176</ele>
   </trkpt>
   <trkpt lat="45.3936400" lon="6.3353300">
    <ele>1174</ele>
   </trkpt>
   <trkpt lat="45.3934900" lon="6.3353300">
    <ele>1173</ele>
   </trkpt>
   <trkpt lat="45.3932100" lon="6.3354100">
    <ele>1170</ele>
   </trkpt>
   <trkpt lat="45.3931700" lon="6.3354100">
    <ele>1169</ele>
   </trkpt>
   <trkpt lat="45.3931100" lon="6.3353900">
    <ele>1166</ele>
   </trkpt>
   <trkpt lat="45.3930800" lon="6.3353700">
    <ele>1165</ele>
   </trkpt>
   <trkpt lat="45.3930500" lon="6.3353300">
    <ele>1163</ele>
   </trkpt>
   <trkpt lat="45.3930099" lon="6.3352200">
    <ele>1158</ele>
   </trkpt>
   <trkpt lat="45.3930000" lon="6.3351700">
    <ele>1156</ele>
   </trkpt>
   <trkpt lat="45.3930000" lon="6.3351100">
    <ele>1154</ele>
   </trkpt>
   <trkpt lat="45.3930099" lon="6.3350600">
    <ele>1152</ele>
   </trkpt>
   <trkpt lat="45.3930600" lon="6.3349900">
    <ele>1152</ele>
   </trkpt>
   <trkpt lat="45.3930999" lon="6.3349800">
    <ele>1153</ele>
   </trkpt>
   <trkpt lat="45.3931500" lon="6.3349800">
    <ele>1155</ele>
   </trkpt>
   <trkpt lat="45.3935300" lon="6.3350900">
    <ele>1166</ele>
   </trkpt>
   <trkpt lat="45.3936200" lon="6.3351000">
    <ele>1167</ele>
   </trkpt>
   <trkpt lat="45.3936500" lon="6.3350900">
    <ele>1167</ele>
   </trkpt>
   <trkpt lat="45.3936800" lon="6.3350600">
    <ele>1166</ele>
   </trkpt>
   <trkpt lat="45.3937000" lon="6.3350200">
    <ele>1165</ele>
   </trkpt>
   <trkpt lat="45.3937000" lon="6.3349900">
    <ele>1164</ele>
   </trkpt>
   <trkpt lat="45.3937000" lon="6.3349100">
    <ele>1162</ele>
   </trkpt>
   <trkpt lat="45.3936700" lon="6.3348400">
    <ele>1160</ele>
   </trkpt>
   <trkpt lat="45.3936400" lon="6.3348200">
    <ele>1159</ele>
   </trkpt>
   <trkpt lat="45.3934400" lon="6.3348200">
    <ele>1159</ele>
   </trkpt>
   <trkpt lat="45.3933700" lon="6.3348000">
    <ele>1158</ele>
   </trkpt>
   <trkpt lat="45.3933200" lon="6.3347800">
    <ele>1158</ele>
   </trkpt>
   <trkpt lat="45.3932300" lon="6.3347300">
    <ele>1154</ele>
   </trkpt>
   <trkpt lat="45.3930300" lon="6.3345900">
    <ele>1145</ele>
   </trkpt>
   <trkpt lat="45.3929100" lon="6.3345300">
    <ele>1141</ele>
   </trkpt>
   <trkpt lat="45.3928500" lon="6.3345100">
    <ele>1139</ele>
   </trkpt>
   <trkpt lat="45.3928000" lon="6.3345100">
    <ele>1137</ele>
   </trkpt>
   <trkpt lat="45.3927400" lon="6.3345200">
    <ele>1135</ele>
   </trkpt>
   <trkpt lat="45.3926900" lon="6.3345500">
    <ele>1134</ele>
   </trkpt>
   <trkpt lat="45.3926500" lon="6.3345900">
    <ele>1133</ele>
   </trkpt>
   <trkpt lat="45.3926200" lon="6.3346500">
    <ele>1133</ele>
   </trkpt>
   <trkpt lat="45.3926000" lon="6.3347000">
    <ele>1133</ele>
   </trkpt>
   <trkpt lat="45.3926000" lon="6.3347600">
    <ele>1133</ele>
   </trkpt>
   <trkpt lat="45.3926000" lon="6.3348300">
    <ele>1134</ele>
   </trkpt>
   <trkpt lat="45.3926700" lon="6.3350500">
    <ele>1140</ele>
   </trkpt>
   <trkpt lat="45.3926700" lon="6.3351600">
    <ele>1144</ele>
   </trkpt>
   <trkpt lat="45.3926400" lon="6.3352900">
    <ele>1148</ele>
   </trkpt>
   <trkpt lat="45.3926400" lon="6.3353700">
    <ele>1151</ele>
   </trkpt>
   <trkpt lat="45.3926400" lon="6.3354500">
    <ele>1154</ele>
   </trkpt>
   <trkpt lat="45.3926700" lon="6.3356000">
    <ele>1161</ele>
   </trkpt>
   <trkpt lat="45.3926600" lon="6.3356700">
    <ele>1163</ele>
   </trkpt>
   <trkpt lat="45.3926400" lon="6.3357200">
    <ele>1164</ele>
   </trkpt>
   <trkpt lat="45.3925900" lon="6.3358100">
    <ele>1166</ele>
   </trkpt>
   <trkpt lat="45.3925600" lon="6.3358400">
    <ele>1167</ele>
   </trkpt>
   <trkpt lat="45.3924800" lon="6.3358700">
    <ele>1166</ele>
   </trkpt>
   <trkpt lat="45.3924200" lon="6.3358700">
    <ele>1164</ele>
   </trkpt>
   <trkpt lat="45.3922500" lon="6.3358400">
    <ele>1156</ele>
   </trkpt>
   <trkpt lat="45.3921500" lon="6.3358400">
    <ele>1153</ele>
   </trkpt>
   <trkpt lat="45.3920000" lon="6.3358600">
    <ele>1149</ele>
   </trkpt>
   <trkpt lat="45.3915700" lon="6.3361599">
    <ele>1155</ele>
   </trkpt>
   <trkpt lat="45.3914800" lon="6.3362200">
    <ele>1156</ele>
   </trkpt>
   <trkpt lat="45.3914300" lon="6.3362400">
    <ele>1155</ele>
   </trkpt>
   <trkpt lat="45.3913400" lon="6.3362400">
    <ele>1151</ele>
   </trkpt>
   <trkpt lat="45.3912900" lon="6.3362200">
    <ele>1148</ele>
   </trkpt>
   <trkpt lat="45.3912300" lon="6.3361900">
    <ele>1143</ele>
   </trkpt>
   <trkpt lat="45.3911200" lon="6.3361000">
    <ele>1132</ele>
   </trkpt>
   <trkpt lat="45.3910700" lon="6.3360800">
    <ele>1129</ele>
   </trkpt>
   <trkpt lat="45.3909600" lon="6.3360500">
    <ele>1122</ele>
   </trkpt>
   <trkpt lat="45.3909100" lon="6.3360600">
    <ele>1121</ele>
   </trkpt>
   <trkpt lat="45.3908600" lon="6.3360900">
    <ele>1121</ele>
   </trkpt>
   <trkpt lat="45.3908200" lon="6.3361300">
    <ele>1122</ele>
   </trkpt>
   <trkpt lat="45.3907500" lon="6.3362700">
    <ele>1128</ele>
   </trkpt>
   <trkpt lat="45.3907200" lon="6.3363100">
    <ele>1129</ele>
   </trkpt>
   <trkpt lat="45.3906700" lon="6.3363600">
    <ele>1130</ele>
   </trkpt>
   <trkpt lat="45.3905200" lon="6.3364300">
    <ele>1128</ele>
   </trkpt>
   <trkpt lat="45.3904500" lon="6.3364800">
    <ele>1127</ele>
   </trkpt>
   <trkpt lat="45.3901700" lon="6.3367400">
    <ele>1127</ele>
   </trkpt>
   <trkpt lat="45.3900600" lon="6.3367900">
    <ele>1125</ele>
   </trkpt>
   <trkpt lat="45.3899199" lon="6.3367900">
    <ele>1119</ele>
   </trkpt>
   <trkpt lat="45.3898200" lon="6.3368100">
    <ele>1117</ele>
   </trkpt>
   <trkpt lat="45.3896700" lon="6.3368600">
    <ele>1115</ele>
   </trkpt>
   <trkpt lat="45.3896200" lon="6.3369000">
    <ele>1115</ele>
   </trkpt>
   <trkpt lat="45.3895200" lon="6.3369700">
    <ele>1116</ele>
   </trkpt>
   <trkpt lat="45.3894300" lon="6.3370100">
    <ele>1115</ele>
   </trkpt>
   <trkpt lat="45.3892200" lon="6.3370700">
    <ele>1110</ele>
   </trkpt>
   <trkpt lat="45.3891100" lon="6.3371100">
    <ele>1110</ele>
   </trkpt>
   <trkpt lat="45.3888200" lon="6.3372600">
    <ele>1114</ele>
   </trkpt>
   <trkpt lat="45.3887500" lon="6.3372900">
    <ele>1114</ele>
   </trkpt>
   <trkpt lat="45.3886400" lon="6.3373000">
    <ele>1113</ele>
   </trkpt>
   <trkpt lat="45.3885400" lon="6.3372700">
    <ele>1110</ele>
   </trkpt>
   <trkpt lat="45.3884600" lon="6.3372300">
    <ele>1108</ele>
   </trkpt>
   <trkpt lat="45.3883400" lon="6.3371400">
    <ele>1102</ele>
   </trkpt>
   <trkpt lat="45.3879700" lon="6.3368300">
    <ele>1097</ele>
   </trkpt>
   <trkpt lat="45.3878100" lon="6.3367100">
    <ele>1095</ele>
   </trkpt>
   <trkpt lat="45.3877100" lon="6.3365700">
    <ele>1094</ele>
   </trkpt>
   <trkpt lat="45.3876700" lon="6.3364900">
    <ele>1093</ele>
   </trkpt>
   <trkpt lat="45.3876000" lon="6.3362400">
    <ele>1089</ele>
   </trkpt>
   <trkpt lat="45.3875500" lon="6.3359400">
    <ele>1083</ele>
   </trkpt>
   <trkpt lat="45.3875400" lon="6.3358300">
    <ele>1081</ele>
   </trkpt>
   <trkpt lat="45.3875699" lon="6.3353400">
    <ele>1076</ele>
   </trkpt>
   <trkpt lat="45.3875699" lon="6.3352100">
    <ele>1074</ele>
   </trkpt>
   <trkpt lat="45.3875600" lon="6.3350799">
    <ele>1073</ele>
   </trkpt>
   <trkpt lat="45.3875300" lon="6.3349399">
    <ele>1073</ele>
   </trkpt>
   <trkpt lat="45.3874799" lon="6.3348000">
    <ele>1073</ele>
   </trkpt>
   <trkpt lat="45.3873600" lon="6.3345600">
    <ele>1076</ele>
   </trkpt>
   <trkpt lat="45.3873400" lon="6.3345000">
    <ele>1076</ele>
   </trkpt>
   <trkpt lat="45.3873200" lon="6.3344200">
    <ele>1076</ele>
   </trkpt>
   <trkpt lat="45.3873200" lon="6.3343500">
    <ele>1076</ele>
   </trkpt>
   <trkpt lat="45.3873500" lon="6.3342300">
    <ele>1074</ele>
   </trkpt>
   <trkpt lat="45.3874600" lon="6.3340100">
    <ele>1070</ele>
   </trkpt>
   <trkpt lat="45.3875100" lon="6.3339100">
    <ele>1068</ele>
   </trkpt>
   <trkpt lat="45.3875500" lon="6.3337700">
    <ele>1067</ele>
   </trkpt>
   <trkpt lat="45.3876400" lon="6.3334200">
    <ele>1063</ele>
   </trkpt>
   <trkpt lat="45.3876900" lon="6.3331200">
    <ele>1061</ele>
   </trkpt>
   <trkpt lat="45.3877700" lon="6.3329000">
    <ele>1056</ele>
   </trkpt>
   <trkpt lat="45.3878700" lon="6.3326600">
    <ele>1050</ele>
   </trkpt>
   <trkpt lat="45.3878900" lon="6.3325600">
    <ele>1048</ele>
   </trkpt>
   <trkpt lat="45.3878700" lon="6.3324299">
    <ele>1047</ele>
   </trkpt>
   <trkpt lat="45.3878100" lon="6.3323000">
    <ele>1047</ele>
   </trkpt>
   <trkpt lat="45.3877300" lon="6.3321900">
    <ele>1047</ele>
   </trkpt>
   <trkpt lat="45.3875600" lon="6.3319700">
    <ele>1049</ele>
   </trkpt>
   <trkpt lat="45.3873800" lon="6.3316900">
    <ele>1047</ele>
   </trkpt>
   <trkpt lat="45.3873300" lon="6.3316300">
    <ele>1046</ele>
   </trkpt>
   <trkpt lat="45.3872400" lon="6.3315700">
    <ele>1046</ele>
   </trkpt>
   <trkpt lat="45.3870200" lon="6.3314600">
    <ele>1048</ele>
   </trkpt>
   <trkpt lat="45.3868800" lon="6.3313600">
    <ele>1047</ele>
   </trkpt>
   <trkpt lat="45.3866000" lon="6.3310700">
    <ele>1038</ele>
   </trkpt>
   <trkpt lat="45.3865200" lon="6.3310000">
    <ele>1036</ele>
   </trkpt>
   <trkpt lat="45.3862800" lon="6.3309300">
    <ele>1035</ele>
   </trkpt>
   <trkpt lat="45.3862000" lon="6.3308900">
    <ele>1034</ele>
   </trkpt>
   <trkpt lat="45.3860900" lon="6.3308300">
    <ele>1033</ele>
   </trkpt>
   <trkpt lat="45.3857600" lon="6.3305700">
    <ele>1026</ele>
   </trkpt>
   <trkpt lat="45.3856899" lon="6.3305200">
    <ele>1022</ele>
   </trkpt>
   <trkpt lat="45.3855600" lon="6.3304800">
    <ele>1018</ele>
   </trkpt>
   <trkpt lat="45.3855099" lon="6.3304800">
    <ele>1017</ele>
   </trkpt>
   <trkpt lat="45.3854600" lon="6.3304900">
    <ele>1016</ele>
   </trkpt>
   <trkpt lat="45.3854200" lon="6.3305200">
    <ele>1017</ele>
   </trkpt>
   <trkpt lat="45.3852900" lon="6.3306800">
    <ele>1019</ele>
   </trkpt>
   <trkpt lat="45.3849200" lon="6.3313600">
    <ele>1023</ele>
   </trkpt>
   <trkpt lat="45.3848500" lon="6.3315000">
    <ele>1023</ele>
   </trkpt>
   <trkpt lat="45.3847400" lon="6.3317900">
    <ele>1025</ele>
   </trkpt>
   <trkpt lat="45.3847200" lon="6.3318300">
    <ele>1026</ele>
   </trkpt>
   <trkpt lat="45.3846900" lon="6.3318600">
    <ele>1025</ele>
   </trkpt>
   <trkpt lat="45.3846200" lon="6.3318700">
    <ele>1023</ele>
   </trkpt>
   <trkpt lat="45.3846000" lon="6.3318500">
    <ele>1021</ele>
   </trkpt>
   <trkpt lat="45.3845699" lon="6.3318199">
    <ele>1019</ele>
   </trkpt>
   <trkpt lat="45.3845600" lon="6.3317800">
    <ele>1017</ele>
   </trkpt>
   <trkpt lat="45.3845600" lon="6.3317200">
    <ele>1015</ele>
   </trkpt>
   <trkpt lat="45.3845699" lon="6.3316800">
    <ele>1014</ele>
   </trkpt>
   <trkpt lat="45.3847100" lon="6.3314400">
    <ele>1016</ele>
   </trkpt>
   <trkpt lat="45.3847400" lon="6.3313499">
    <ele>1015</ele>
   </trkpt>
   <trkpt lat="45.3847800" lon="6.3312000">
    <ele>1014</ele>
   </trkpt>
   <trkpt lat="45.3847800" lon="6.3311200">
    <ele>1013</ele>
   </trkpt>
   <trkpt lat="45.3847800" lon="6.3310500">
    <ele>1011</ele>
   </trkpt>
   <trkpt lat="45.3847600" lon="6.3309500">
    <ele>1009</ele>
   </trkpt>
   <trkpt lat="45.3847400" lon="6.3308799">
    <ele>1007</ele>
   </trkpt>
   <trkpt lat="45.3846300" lon="6.3306600">
    <ele>998</ele>
   </trkpt>
   <trkpt lat="45.3846200" lon="6.3305999">
    <ele>996</ele>
   </trkpt>
   <trkpt lat="45.3846200" lon="6.3305200">
    <ele>994</ele>
   </trkpt>
   <trkpt lat="45.3846400" lon="6.3304500">
    <ele>993</ele>
   </trkpt>
   <trkpt lat="45.3846800" lon="6.3303900">
    <ele>993</ele>
   </trkpt>
   <trkpt lat="45.3847600" lon="6.3302900">
    <ele>994</ele>
   </trkpt>
   <trkpt lat="45.3849400" lon="6.3301400">
    <ele>996</ele>
   </trkpt>
   <trkpt lat="45.3851700" lon="6.3299700">
    <ele>996</ele>
   </trkpt>
   <trkpt lat="45.3854700" lon="6.3296900">
    <ele>992</ele>
   </trkpt>
   <trkpt lat="45.3855099" lon="6.3296300">
    <ele>991</ele>
   </trkpt>
   <trkpt lat="45.3855200" lon="6.3296000">
    <ele>991</ele>
   </trkpt>
   <trkpt lat="45.3855200" lon="6.3295500">
    <ele>989</ele>
   </trkpt>
   <trkpt lat="45.3855099" lon="6.3295000">
    <ele>988</ele>
   </trkpt>
   <trkpt lat="45.3855000" lon="6.3294499">
    <ele>986</ele>
   </trkpt>
   <trkpt lat="45.3854700" lon="6.3294200">
    <ele>985</ele>
   </trkpt>
   <trkpt lat="45.3854200" lon="6.3294000">
    <ele>984</ele>
   </trkpt>
   <trkpt lat="45.3853800" lon="6.3293900">
    <ele>984</ele>
   </trkpt>
   <trkpt lat="45.3853200" lon="6.3294100">
    <ele>984</ele>
   </trkpt>
   <trkpt lat="45.3848500" lon="6.3297100">
    <ele>983</ele>
   </trkpt>
   <trkpt lat="45.3847499" lon="6.3297900">
    <ele>982</ele>
   </trkpt>
   <trkpt lat="45.3843800" lon="6.3302200">
    <ele>980</ele>
   </trkpt>
   <trkpt lat="45.3843200" lon="6.3303200">
    <ele>980</ele>
   </trkpt>
   <trkpt lat="45.3842300" lon="6.3305400">
    <ele>980</ele>
   </trkpt>
   <trkpt lat="45.3841500" lon="6.3308300">
    <ele>983</ele>
   </trkpt>
   <trkpt lat="45.3841200" lon="6.3308900">
    <ele>983</ele>
   </trkpt>
   <trkpt lat="45.3840800" lon="6.3309600">
    <ele>983</ele>
   </trkpt>
   <trkpt lat="45.3840500" lon="6.3309800">
    <ele>982</ele>
   </trkpt>
   <trkpt lat="45.3840100" lon="6.3310100">
    <ele>982</ele>
   </trkpt>
   <trkpt lat="45.3839200" lon="6.3310100">
    <ele>979</ele>
   </trkpt>
   <trkpt lat="45.3838900" lon="6.3309900">
    <ele>978</ele>
   </trkpt>
   <trkpt lat="45.3838700" lon="6.3309600">
    <ele>977</ele>
   </trkpt>
   <trkpt lat="45.3838600" lon="6.3309200">
    <ele>976</ele>
   </trkpt>
   <trkpt lat="45.3838500" lon="6.3308600">
    <ele>975</ele>
   </trkpt>
   <trkpt lat="45.3838700" lon="6.3308000">
    <ele>975</ele>
   </trkpt>
   <trkpt lat="45.3839000" lon="6.3307500">
    <ele>975</ele>
   </trkpt>
   <trkpt lat="45.3839900" lon="6.3306600">
    <ele>976</ele>
   </trkpt>
   <trkpt lat="45.3840200" lon="6.3305999">
    <ele>975</ele>
   </trkpt>
   <trkpt lat="45.3840500" lon="6.3305200">
    <ele>975</ele>
   </trkpt>
   <trkpt lat="45.3841800" lon="6.3299200">
    <ele>968</ele>
   </trkpt>
   <trkpt lat="45.3842300" lon="6.3297300">
    <ele>967</ele>
   </trkpt>
   <trkpt lat="45.3843600" lon="6.3292800">
    <ele>962</ele>
   </trkpt>
   <trkpt lat="45.3843900" lon="6.3291600">
    <ele>961</ele>
   </trkpt>
   <trkpt lat="45.3844100" lon="6.3290100">
    <ele>960</ele>
   </trkpt>
   <trkpt lat="45.3844600" lon="6.3282700">
    <ele>953</ele>
   </trkpt>
   <trkpt lat="45.3845100" lon="6.3278800">
    <ele>945</ele>
   </trkpt>
   <trkpt lat="45.3845200" lon="6.3277500">
    <ele>942</ele>
   </trkpt>
   <trkpt lat="45.3845100" lon="6.3277000">
    <ele>941</ele>
   </trkpt>
   <trkpt lat="45.3845000" lon="6.3276500">
    <ele>940</ele>
   </trkpt>
   <trkpt lat="45.3844800" lon="6.3276199">
    <ele>939</ele>
   </trkpt>
   <trkpt lat="45.3844400" lon="6.3276000">
    <ele>939</ele>
   </trkpt>
   <trkpt lat="45.3844100" lon="6.3276000">
    <ele>939</ele>
   </trkpt>
   <trkpt lat="45.3843800" lon="6.3276199">
    <ele>939</ele>
   </trkpt>
   <trkpt lat="45.3843500" lon="6.3276500">
    <ele>940</ele>
   </trkpt>
   <trkpt lat="45.3843300" lon="6.3276899">
    <ele>941</ele>
   </trkpt>
   <trkpt lat="45.3843200" lon="6.3277599">
    <ele>942</ele>
   </trkpt>
   <trkpt lat="45.3843200" lon="6.3279500">
    <ele>945</ele>
   </trkpt>
   <trkpt lat="45.3843100" lon="6.3281100">
    <ele>948</ele>
   </trkpt>
   <trkpt lat="45.3842799" lon="6.3282500">
    <ele>950</ele>
   </trkpt>
   <trkpt lat="45.3842000" lon="6.3284700">
    <ele>951</ele>
   </trkpt>
   <trkpt lat="45.3839100" lon="6.3290000">
    <ele>949</ele>
   </trkpt>
   <trkpt lat="45.3838700" lon="6.3290600">
    <ele>949</ele>
   </trkpt>
   <trkpt lat="45.3838400" lon="6.3291100">
    <ele>949</ele>
   </trkpt>
   <trkpt lat="45.3837900" lon="6.3291400">
    <ele>948</ele>
   </trkpt>
   <trkpt lat="45.3836800" lon="6.3291800">
    <ele>946</ele>
   </trkpt>
   <trkpt lat="45.3836100" lon="6.3291800">
    <ele>945</ele>
   </trkpt>
   <trkpt lat="45.3832800" lon="6.3291300">
    <ele>938</ele>
   </trkpt>
   <trkpt lat="45.3831599" lon="6.3291300">
    <ele>937</ele>
   </trkpt>
   <trkpt lat="45.3829500" lon="6.3291700">
    <ele>934</ele>
   </trkpt>
   <trkpt lat="45.3828300" lon="6.3292100">
    <ele>933</ele>
   </trkpt>
   <trkpt lat="45.3820200" lon="6.3295899">
    <ele>929</ele>
   </trkpt>
   <trkpt lat="45.3819000" lon="6.3296100">
    <ele>928</ele>
   </trkpt>
   <trkpt lat="45.3818100" lon="6.3295800">
    <ele>927</ele>
   </trkpt>
   <trkpt lat="45.3817300" lon="6.3294900">
    <ele>926</ele>
   </trkpt>
   <trkpt lat="45.3814800" lon="6.3291300">
    <ele>923</ele>
   </trkpt>
   <trkpt lat="45.3813800" lon="6.3289799">
    <ele>922</ele>
   </trkpt>
   <trkpt lat="45.3811800" lon="6.3287600">
    <ele>920</ele>
   </trkpt>
   <trkpt lat="45.3807400" lon="6.3283800">
    <ele>914</ele>
   </trkpt>
   <trkpt lat="45.3802400" lon="6.3279100">
    <ele>909</ele>
   </trkpt>
   <trkpt lat="45.3800100" lon="6.3277700">
    <ele>908</ele>
   </trkpt>
   <trkpt lat="45.3799300" lon="6.3277100">
    <ele>908</ele>
   </trkpt>
   <trkpt lat="45.3798300" lon="6.3276100">
    <ele>909</ele>
   </trkpt>
   <trkpt lat="45.3797500" lon="6.3275000">
    <ele>908</ele>
   </trkpt>
   <trkpt lat="45.3795000" lon="6.3271300">
    <ele>907</ele>
   </trkpt>
   <trkpt lat="45.3793700" lon="6.3269200">
    <ele>905</ele>
   </trkpt>
   <trkpt lat="45.3793300" lon="6.3268200">
    <ele>903</ele>
   </trkpt>
   <trkpt lat="45.3792900" lon="6.3265800">
    <ele>899</ele>
   </trkpt>
   <trkpt lat="45.3792199" lon="6.3260400">
    <ele>895</ele>
   </trkpt>
   <trkpt lat="45.3792199" lon="6.3259100">
    <ele>894</ele>
   </trkpt>
   <trkpt lat="45.3792300" lon="6.3257700">
    <ele>892</ele>
   </trkpt>
   <trkpt lat="45.3792500" lon="6.3254800">
    <ele>887</ele>
   </trkpt>
   <trkpt lat="45.3792500" lon="6.3253800">
    <ele>885</ele>
   </trkpt>
   <trkpt lat="45.3792300" lon="6.3252900">
    <ele>884</ele>
   </trkpt>
   <trkpt lat="45.3791800" lon="6.3251099">
    <ele>882</ele>
   </trkpt>
   <trkpt lat="45.3791000" lon="6.3249900">
    <ele>881</ele>
   </trkpt>
   <trkpt lat="45.3790500" lon="6.3249300">
    <ele>880</ele>
   </trkpt>
   <trkpt lat="45.3789900" lon="6.3249000">
    <ele>879</ele>
   </trkpt>
   <trkpt lat="45.3788900" lon="6.3248600">
    <ele>879</ele>
   </trkpt>
   <trkpt lat="45.3788100" lon="6.3248600">
    <ele>879</ele>
   </trkpt>
   <trkpt lat="45.3784900" lon="6.3248900">
    <ele>883</ele>
   </trkpt>
   <trkpt lat="45.3783300" lon="6.3248900">
    <ele>884</ele>
   </trkpt>
   <trkpt lat="45.3782100" lon="6.3248400">
    <ele>884</ele>
   </trkpt>
   <trkpt lat="45.3780400" lon="6.3246800">
    <ele>880</ele>
   </trkpt>
   <trkpt lat="45.3779300" lon="6.3245900">
    <ele>878</ele>
   </trkpt>
   <trkpt lat="45.3778099" lon="6.3245200">
    <ele>877</ele>
   </trkpt>
   <trkpt lat="45.3776500" lon="6.3244700">
    <ele>876</ele>
   </trkpt>
   <trkpt lat="45.3773900" lon="6.3244400">
    <ele>876</ele>
   </trkpt>
   <trkpt lat="45.3773300" lon="6.3244200">
    <ele>876</ele>
   </trkpt>
   <trkpt lat="45.3770800" lon="6.3243000">
    <ele>872</ele>
   </trkpt>
   <trkpt lat="45.3768100" lon="6.3242100">
    <ele>870</ele>
   </trkpt>
   <trkpt lat="45.3767200" lon="6.3241800">
    <ele>869</ele>
   </trkpt>
   <trkpt lat="45.3763800" lon="6.3239900">
    <ele>861</ele>
   </trkpt>
   <trkpt lat="45.3763300" lon="6.3239800">
    <ele>860</ele>
   </trkpt>
   <trkpt lat="45.3760900" lon="6.3239700">
    <ele>858</ele>
   </trkpt>
   <trkpt lat="45.3760000" lon="6.3239300">
    <ele>857</ele>
   </trkpt>
   <trkpt lat="45.3758399" lon="6.3238400">
    <ele>854</ele>
   </trkpt>
   <trkpt lat="45.3755000" lon="6.3236000">
    <ele>848</ele>
   </trkpt>
   <trkpt lat="45.3750900" lon="6.3233499">
    <ele>843</ele>
   </trkpt>
   <trkpt lat="45.3749600" lon="6.3232900">
    <ele>841</ele>
   </trkpt>
   <trkpt lat="45.3748800" lon="6.3232700">
    <ele>839</ele>
   </trkpt>
   <trkpt lat="45.3747900" lon="6.3232700">
    <ele>837</ele>
   </trkpt>
   <trkpt lat="45.3746600" lon="6.3233000">
    <ele>836</ele>
   </trkpt>
   <trkpt lat="45.3745199" lon="6.3233700">
    <ele>835</ele>
   </trkpt>
   <trkpt lat="45.3743399" lon="6.3234600">
    <ele>834</ele>
   </trkpt>
   <trkpt lat="45.3741500" lon="6.3235900">
    <ele>833</ele>
   </trkpt>
   <trkpt lat="45.3739300" lon="6.3238000">
    <ele>832</ele>
   </trkpt>
   <trkpt lat="45.3734500" lon="6.3242400">
    <ele>833</ele>
   </trkpt>
   <trkpt lat="45.3734100" lon="6.3242700">
    <ele>833</ele>
   </trkpt>
   <trkpt lat="45.3733099" lon="6.3242800">
    <ele>832</ele>
   </trkpt>
   <trkpt lat="45.3732800" lon="6.3242700">
    <ele>831</ele>
   </trkpt>
   <trkpt lat="45.3732400" lon="6.3242500">
    <ele>831</ele>
   </trkpt>
   <trkpt lat="45.3730700" lon="6.3240900">
    <ele>827</ele>
   </trkpt>
   <trkpt lat="45.3728900" lon="6.3239400">
    <ele>823</ele>
   </trkpt>
   <trkpt lat="45.3727500" lon="6.3238899">
    <ele>822</ele>
   </trkpt>
   <trkpt lat="45.3725300" lon="6.3238500">
    <ele>821</ele>
   </trkpt>
   <trkpt lat="45.3723300" lon="6.3238700">
    <ele>822</ele>
   </trkpt>
   <trkpt lat="45.3721200" lon="6.3239300">
    <ele>823</ele>
   </trkpt>
   <trkpt lat="45.3720200" lon="6.3239300">
    <ele>823</ele>
   </trkpt>
   <trkpt lat="45.3719899" lon="6.3239100">
    <ele>822</ele>
   </trkpt>
   <trkpt lat="45.3719600" lon="6.3238400">
    <ele>820</ele>
   </trkpt>
   <trkpt lat="45.3719500" lon="6.3238000">
    <ele>819</ele>
   </trkpt>
   <trkpt lat="45.3719600" lon="6.3237200">
    <ele>816</ele>
   </trkpt>
   <trkpt lat="45.3719800" lon="6.3236800">
    <ele>815</ele>
   </trkpt>
   <trkpt lat="45.3720500" lon="6.3236400">
    <ele>814</ele>
   </trkpt>
   <trkpt lat="45.3725600" lon="6.3235500">
    <ele>812</ele>
   </trkpt>
   <trkpt lat="45.3728100" lon="6.3234800">
    <ele>810</ele>
   </trkpt>
   <trkpt lat="45.3729000" lon="6.3234400">
    <ele>809</ele>
   </trkpt>
   <trkpt lat="45.3729500" lon="6.3234100">
    <ele>808</ele>
   </trkpt>
   <trkpt lat="45.3730000" lon="6.3233600">
    <ele>807</ele>
   </trkpt>
   <trkpt lat="45.3731099" lon="6.3232000">
    <ele>803</ele>
   </trkpt>
   <trkpt lat="45.3732900" lon="6.3228799">
    <ele>799</ele>
   </trkpt>
   <trkpt lat="45.3734300" lon="6.3225800">
    <ele>796</ele>
   </trkpt>
   <trkpt lat="45.3734800" lon="6.3224500">
    <ele>795</ele>
   </trkpt>
   <trkpt lat="45.3736900" lon="6.3217600">
    <ele>783</ele>
   </trkpt>
   <trkpt lat="45.3737500" lon="6.3216300">
    <ele>781</ele>
   </trkpt>
   <trkpt lat="45.3738000" lon="6.3215500">
    <ele>779</ele>
   </trkpt>
   <trkpt lat="45.3739200" lon="6.3214400">
    <ele>778</ele>
   </trkpt>
   <trkpt lat="45.3739700" lon="6.3214200">
    <ele>778</ele>
   </trkpt>
   <trkpt lat="45.3740300" lon="6.3214100">
    <ele>779</ele>
   </trkpt>
   <trkpt lat="45.3741000" lon="6.3214200">
    <ele>780</ele>
   </trkpt>
   <trkpt lat="45.3742900" lon="6.3214700">
    <ele>783</ele>
   </trkpt>
   <trkpt lat="45.3743300" lon="6.3214600">
    <ele>783</ele>
   </trkpt>
   <trkpt lat="45.3743700" lon="6.3214100">
    <ele>781</ele>
   </trkpt>
   <trkpt lat="45.3743900" lon="6.3213700">
    <ele>780</ele>
   </trkpt>
   <trkpt lat="45.3743900" lon="6.3213300">
    <ele>779</ele>
   </trkpt>
   <trkpt lat="45.3743800" lon="6.3212900">
    <ele>778</ele>
   </trkpt>
   <trkpt lat="45.3743600" lon="6.3212500">
    <ele>776</ele>
   </trkpt>
   <trkpt lat="45.3743200" lon="6.3212200">
    <ele>775</ele>
   </trkpt>
   <trkpt lat="45.3740700" lon="6.3211500">
    <ele>772</ele>
   </trkpt>
   <trkpt lat="45.3738000" lon="6.3211000">
    <ele>767</ele>
   </trkpt>
   <trkpt lat="45.3737100" lon="6.3211000">
    <ele>766</ele>
   </trkpt>
   <trkpt lat="45.3736400" lon="6.3211200">
    <ele>765</ele>
   </trkpt>
   <trkpt lat="45.3735500" lon="6.3211500">
    <ele>765</ele>
   </trkpt>
   <trkpt lat="45.3731200" lon="6.3214600">
    <ele>766</ele>
   </trkpt>
   <trkpt lat="45.3727500" lon="6.3216900">
    <ele>764</ele>
   </trkpt>
   <trkpt lat="45.3725200" lon="6.3218000">
    <ele>762</ele>
   </trkpt>
   <trkpt lat="45.3722400" lon="6.3219500">
    <ele>765</ele>
   </trkpt>
   <trkpt lat="45.3721800" lon="6.3219700">
    <ele>766</ele>
   </trkpt>
   <trkpt lat="45.3721100" lon="6.3219800">
    <ele>766</ele>
   </trkpt>
   <trkpt lat="45.3720000" lon="6.3219600">
    <ele>764</ele>
   </trkpt>
   <trkpt lat="45.3718700" lon="6.3219000">
    <ele>762</ele>
   </trkpt>
   <trkpt lat="45.3718100" lon="6.3218400">
    <ele>760</ele>
   </trkpt>
   <trkpt lat="45.3714100" lon="6.3213600">
    <ele>747</ele>
   </trkpt>
   <trkpt lat="45.3713100" lon="6.3212300">
    <ele>744</ele>
   </trkpt>
   <trkpt lat="45.3712000" lon="6.3211000">
    <ele>742</ele>
   </trkpt>
   <trkpt lat="45.3711200" lon="6.3210400">
    <ele>741</ele>
   </trkpt>
   <trkpt lat="45.3709200" lon="6.3209000">
    <ele>738</ele>
   </trkpt>
   <trkpt lat="45.3708200" lon="6.3208000">
    <ele>736</ele>
   </trkpt>
   <trkpt lat="45.3706500" lon="6.3205300">
    <ele>731</ele>
   </trkpt>
   <trkpt lat="45.3706000" lon="6.3204700">
    <ele>730</ele>
   </trkpt>
   <trkpt lat="45.3705100" lon="6.3203600">
    <ele>728</ele>
   </trkpt>
   <trkpt lat="45.3704400" lon="6.3202999">
    <ele>727</ele>
   </trkpt>
   <trkpt lat="45.3703600" lon="6.3202500">
    <ele>726</ele>
   </trkpt>
   <trkpt lat="45.3702900" lon="6.3202299">
    <ele>725</ele>
   </trkpt>
   <trkpt lat="45.3702200" lon="6.3202299">
    <ele>725</ele>
   </trkpt>
   <trkpt lat="45.3701000" lon="6.3202700">
    <ele>726</ele>
   </trkpt>
   <trkpt lat="45.3696800" lon="6.3204900">
    <ele>725</ele>
   </trkpt>
   <trkpt lat="45.3695000" lon="6.3205300">
    <ele>723</ele>
   </trkpt>
   <trkpt lat="45.3693900" lon="6.3205400">
    <ele>722</ele>
   </trkpt>
   <trkpt lat="45.3690700" lon="6.3205100">
    <ele>717</ele>
   </trkpt>
   <trkpt lat="45.3685000" lon="6.3204200">
    <ele>709</ele>
   </trkpt>
   <trkpt lat="45.3679000" lon="6.3203500">
    <ele>701</ele>
   </trkpt>
   <trkpt lat="45.3675700" lon="6.3203800">
    <ele>699</ele>
   </trkpt>
   <trkpt lat="45.3674500" lon="6.3204000">
    <ele>697</ele>
   </trkpt>
   <trkpt lat="45.3672899" lon="6.3204500">
    <ele>694</ele>
   </trkpt>
   <trkpt lat="45.3670700" lon="6.3205700">
    <ele>690</ele>
   </trkpt>
   <trkpt lat="45.3670300" lon="6.3205700">
    <ele>689</ele>
   </trkpt>
   <trkpt lat="45.3670000" lon="6.3205400">
    <ele>687</ele>
   </trkpt>
   <trkpt lat="45.3669800" lon="6.3205200">
    <ele>686</ele>
   </trkpt>
   <trkpt lat="45.3669600" lon="6.3204700">
    <ele>684</ele>
   </trkpt>
   <trkpt lat="45.3669600" lon="6.3204100">
    <ele>682</ele>
   </trkpt>
   <trkpt lat="45.3669800" lon="6.3203600">
    <ele>681</ele>
   </trkpt>
   <trkpt lat="45.3670199" lon="6.3202900">
    <ele>681</ele>
   </trkpt>
   <trkpt lat="45.3670900" lon="6.3202200">
    <ele>681</ele>
   </trkpt>
   <trkpt lat="45.3675900" lon="6.3198900">
    <ele>685</ele>
   </trkpt>
   <trkpt lat="45.3685300" lon="6.3191400">
    <ele>675</ele>
   </trkpt>
   <trkpt lat="45.3694900" lon="6.3183999">
    <ele>663</ele>
   </trkpt>
   <trkpt lat="45.3697000" lon="6.3183100">
    <ele>663</ele>
   </trkpt>
   <trkpt lat="45.3697500" lon="6.3182800">
    <ele>662</ele>
   </trkpt>
   <trkpt lat="45.3697600" lon="6.3182400">
    <ele>662</ele>
   </trkpt>
   <trkpt lat="45.3697700" lon="6.3182000">
    <ele>661</ele>
   </trkpt>
   <trkpt lat="45.3697700" lon="6.3181600">
    <ele>660</ele>
   </trkpt>
   <trkpt lat="45.3697500" lon="6.3181200">
    <ele>659</ele>
   </trkpt>
   <trkpt lat="45.3697200" lon="6.3180900">
    <ele>658</ele>
   </trkpt>
   <trkpt lat="45.3696700" lon="6.3180900">
    <ele>657</ele>
   </trkpt>
   <trkpt lat="45.3693800" lon="6.3181200">
    <ele>656</ele>
   </trkpt>
   <trkpt lat="45.3689300" lon="6.3181400">
    <ele>653</ele>
   </trkpt>
   <trkpt lat="45.3686099" lon="6.3181800">
    <ele>651</ele>
   </trkpt>
   <trkpt lat="45.3680200" lon="6.3182200">
    <ele>648</ele>
   </trkpt>
   <trkpt lat="45.3677800" lon="6.3182500">
    <ele>647</ele>
   </trkpt>
   <trkpt lat="45.3676800" lon="6.3182500">
    <ele>646</ele>
   </trkpt>
   <trkpt lat="45.3676400" lon="6.3182500">
    <ele>645</ele>
   </trkpt>
   <trkpt lat="45.3676100" lon="6.3182200">
    <ele>645</ele>
   </trkpt>
   <trkpt lat="45.3675799" lon="6.3181600">
    <ele>643</ele>
   </trkpt>
   <trkpt lat="45.3675799" lon="6.3180900">
    <ele>642</ele>
   </trkpt>
   <trkpt lat="45.3675900" lon="6.3180500">
    <ele>641</ele>
   </trkpt>
   <trkpt lat="45.3676300" lon="6.3179999">
    <ele>640</ele>
   </trkpt>
   <trkpt lat="45.3679000" lon="6.3178500">
    <ele>639</ele>
   </trkpt>
   <trkpt lat="45.3681399" lon="6.3176700">
    <ele>637</ele>
   </trkpt>
   <trkpt lat="45.3683600" lon="6.3175000">
    <ele>635</ele>
   </trkpt>
   <trkpt lat="45.3687400" lon="6.3171500">
    <ele>631</ele>
   </trkpt>
   <trkpt lat="45.3688200" lon="6.3170900">
    <ele>630</ele>
   </trkpt>
   <trkpt lat="45.3688900" lon="6.3170500">
    <ele>630</ele>
   </trkpt>
   <trkpt lat="45.3690400" lon="6.3170200">
    <ele>631</ele>
   </trkpt>
   <trkpt lat="45.3690799" lon="6.3170000">
    <ele>630</ele>
   </trkpt>
   <trkpt lat="45.3691100" lon="6.3169700">
    <ele>630</ele>
   </trkpt>
   <trkpt lat="45.3691200" lon="6.3169300">
    <ele>629</ele>
   </trkpt>
   <trkpt lat="45.3691300" lon="6.3168800">
    <ele>628</ele>
   </trkpt>
   <trkpt lat="45.3691200" lon="6.3168400">
    <ele>627</ele>
   </trkpt>
   <trkpt lat="45.3691100" lon="6.3168000">
    <ele>626</ele>
   </trkpt>
   <trkpt lat="45.3690799" lon="6.3167700">
    <ele>626</ele>
   </trkpt>
   <trkpt lat="45.3690400" lon="6.3167600">
    <ele>625</ele>
   </trkpt>
   <trkpt lat="45.3688000" lon="6.3167400">
    <ele>623</ele>
   </trkpt>
   <trkpt lat="45.3685600" lon="6.3166800">
    <ele>619</ele>
   </trkpt>
   <trkpt lat="45.3679500" lon="6.3164500">
    <ele>611</ele>
   </trkpt>
   <trkpt lat="45.3678500" lon="6.3164200">
    <ele>610</ele>
   </trkpt>
   <trkpt lat="45.3677700" lon="6.3164100">
    <ele>610</ele>
   </trkpt>
   <trkpt lat="45.3675900" lon="6.3164200">
    <ele>609</ele>
   </trkpt>
   <trkpt lat="45.3674400" lon="6.3165100">
    <ele>610</ele>
   </trkpt>
   <trkpt lat="45.3673600" lon="6.3165200">
    <ele>609</ele>
   </trkpt>
   <trkpt lat="45.3673100" lon="6.3164900">
    <ele>608</ele>
   </trkpt>
   <trkpt lat="45.3672800" lon="6.3164500">
    <ele>608</ele>
   </trkpt>
   <trkpt lat="45.3672800" lon="6.3164200">
    <ele>607</ele>
   </trkpt>
   <trkpt lat="45.3672700" lon="6.3163700">
    <ele>606</ele>
   </trkpt>
   <trkpt lat="45.3672800" lon="6.3163300">
    <ele>605</ele>
   </trkpt>
   <trkpt lat="45.3673000" lon="6.3163000">
    <ele>605</ele>
   </trkpt>
   <trkpt lat="45.3673500" lon="6.3162500">
    <ele>605</ele>
   </trkpt>
   <trkpt lat="45.3679500" lon="6.3158000">
    <ele>599</ele>
   </trkpt>
   <trkpt lat="45.3679700" lon="6.3157600">
    <ele>598</ele>
   </trkpt>
   <trkpt lat="45.3679800" lon="6.3157200">
    <ele>598</ele>
   </trkpt>
   <trkpt lat="45.3679900" lon="6.3156500">
    <ele>596</ele>
   </trkpt>
   <trkpt lat="45.3679599" lon="6.3155500">
    <ele>594</ele>
   </trkpt>
   <trkpt lat="45.3679400" lon="6.3155100">
    <ele>593</ele>
   </trkpt>
   <trkpt lat="45.3679000" lon="6.3154800">
    <ele>592</ele>
   </trkpt>
   <trkpt lat="45.3678500" lon="6.3154800">
    <ele>593</ele>
   </trkpt>
   <trkpt lat="45.3677900" lon="6.3154899">
    <ele>593</ele>
   </trkpt>
   <trkpt lat="45.3670000" lon="6.3157600">
    <ele>592</ele>
   </trkpt>
   <trkpt lat="45.3669600" lon="6.3157700">
    <ele>591</ele>
   </trkpt>
   <trkpt lat="45.3664800" lon="6.3159500">
    <ele>589</ele>
   </trkpt>
   <trkpt lat="45.3661900" lon="6.3160500">
    <ele>588</ele>
   </trkpt>
   <trkpt lat="45.3660500" lon="6.3160800">
    <ele>587</ele>
   </trkpt>
   <trkpt lat="45.3657899" lon="6.3161100">
    <ele>584</ele>
   </trkpt>
   <trkpt lat="45.3657400" lon="6.3161300">
    <ele>583</ele>
   </trkpt>
   <trkpt lat="45.3656099" lon="6.3162000">
    <ele>582</ele>
   </trkpt>
   <trkpt lat="45.3654800" lon="6.3163000">
    <ele>581</ele>
   </trkpt>
   <trkpt lat="45.3652900" lon="6.3164800">
    <ele>580</ele>
   </trkpt>
   <trkpt lat="45.3651600" lon="6.3165900">
    <ele>579</ele>
   </trkpt>
   <trkpt lat="45.3650400" lon="6.3166700">
    <ele>577</ele>
   </trkpt>
   <trkpt lat="45.3649400" lon="6.3167000">
    <ele>576</ele>
   </trkpt>
   <trkpt lat="45.3648800" lon="6.3167200">
    <ele>576</ele>
   </trkpt>
   <trkpt lat="45.3647300" lon="6.3167099">
    <ele>575</ele>
   </trkpt>
   <trkpt lat="45.3646800" lon="6.3166900">
    <ele>575</ele>
   </trkpt>
   <trkpt lat="45.3645500" lon="6.3166300">
    <ele>574</ele>
   </trkpt>
   <trkpt lat="45.3645000" lon="6.3165900">
    <ele>574</ele>
   </trkpt>
   <trkpt lat="45.3644700" lon="6.3165600">
    <ele>573</ele>
   </trkpt>
   <trkpt lat="45.3644000" lon="6.3164500">
    <ele>573</ele>
   </trkpt>
   <trkpt lat="45.3643700" lon="6.3163800">
    <ele>572</ele>
   </trkpt>
   <trkpt lat="45.3643400" lon="6.3162300">
    <ele>571</ele>
   </trkpt>
   <trkpt lat="45.3642899" lon="6.3158400">
    <ele>569</ele>
   </trkpt>
   <trkpt lat="45.3642200" lon="6.3152000">
    <ele>562</ele>
   </trkpt>
   <trkpt lat="45.3641800" lon="6.3148500">
    <ele>559</ele>
   </trkpt>
   <trkpt lat="45.3640600" lon="6.3142400">
    <ele>555</ele>
   </trkpt>
   <trkpt lat="45.3640300" lon="6.3140700">
    <ele>554</ele>
   </trkpt>
   <trkpt lat="45.3640199" lon="6.3139100">
    <ele>553</ele>
   </trkpt>
   <trkpt lat="45.3640199" lon="6.3135899">
    <ele>551</ele>
   </trkpt>
   <trkpt lat="45.3640400" lon="6.3131500">
    <ele>547</ele>
   </trkpt>
   <trkpt lat="45.3641900" lon="6.3114500">
    <ele>535</ele>
   </trkpt>
   <trkpt lat="45.3641900" lon="6.3113600">
    <ele>534</ele>
   </trkpt>
   <trkpt lat="45.3641999" lon="6.3111900">
    <ele>533</ele>
   </trkpt>
   <trkpt lat="45.3641900" lon="6.3105500">
    <ele>529</ele>
   </trkpt>
   <trkpt lat="45.3641800" lon="6.3103000">
    <ele>528</ele>
   </trkpt>
   <trkpt lat="45.3641300" lon="6.3097100">
    <ele>524</ele>
   </trkpt>
   <trkpt lat="45.3641099" lon="6.3094100">
    <ele>522</ele>
   </trkpt>
   <trkpt lat="45.3640800" lon="6.3091500">
    <ele>521</ele>
   </trkpt>
   <trkpt lat="45.3640600" lon="6.3089900">
    <ele>520</ele>
   </trkpt>
   <trkpt lat="45.3640300" lon="6.3088700">
    <ele>520</ele>
   </trkpt>
   <trkpt lat="45.3639400" lon="6.3085600">
    <ele>519</ele>
   </trkpt>
   <trkpt lat="45.3637100" lon="6.3078100">
    <ele>514</ele>
   </trkpt>
   <trkpt lat="45.3635000" lon="6.3071400">
    <ele>509</ele>
   </trkpt>
   <trkpt lat="45.3632800" lon="6.3064200">
    <ele>506</ele>
   </trkpt>
   <trkpt lat="45.3632100" lon="6.3062100">
    <ele>505</ele>
   </trkpt>
   <trkpt lat="45.3631300" lon="6.3060000">
    <ele>504</ele>
   </trkpt>
   <trkpt lat="45.3629100" lon="6.3055000">
    <ele>501</ele>
   </trkpt>
   <trkpt lat="45.3628300" lon="6.3053300">
    <ele>500</ele>
   </trkpt>
   <trkpt lat="45.3628200" lon="6.3053100">
    <ele>499</ele>
   </trkpt>
   <trkpt lat="45.3627200" lon="6.3051100">
    <ele>499</ele>
   </trkpt>
   <trkpt lat="45.3624700" lon="6.3046800">
    <ele>497</ele>
   </trkpt>
   <trkpt lat="45.3621900" lon="6.3042800">
    <ele>496</ele>
   </trkpt>
   <trkpt lat="45.3618700" lon="6.3038200">
    <ele>493</ele>
   </trkpt>
   <trkpt lat="45.3616900" lon="6.3035500">
    <ele>491</ele>
   </trkpt>
   <trkpt lat="45.3615200" lon="6.3032199">
    <ele>489</ele>
   </trkpt>
   <trkpt lat="45.3613900" lon="6.3029500">
    <ele>487</ele>
   </trkpt>
   <trkpt lat="45.3608199" lon="6.3017400">
    <ele>483</ele>
   </trkpt>
   <trkpt lat="45.3607299" lon="6.3015500">
    <ele>482</ele>
   </trkpt>
   <trkpt lat="45.3607000" lon="6.3015000">
    <ele>482</ele>
   </trkpt>
   <trkpt lat="45.3605900" lon="6.3012600">
    <ele>481</ele>
   </trkpt>
   <trkpt lat="45.3603900" lon="6.3008100">
    <ele>479</ele>
   </trkpt>
   <trkpt lat="45.3600500" lon="6.3001300">
    <ele>476</ele>
   </trkpt>
   <trkpt lat="45.3600200" lon="6.3000700">
    <ele>475</ele>
   </trkpt>
   <trkpt lat="45.3599699" lon="6.2999700">
    <ele>475</ele>
   </trkpt>
   <trkpt lat="45.3598300" lon="6.2996500">
    <ele>474</ele>
   </trkpt>
   <trkpt lat="45.3598000" lon="6.2995599">
    <ele>474</ele>
   </trkpt>
   <trkpt lat="45.3597800" lon="6.2995100">
    <ele>474</ele>
   </trkpt>
   <trkpt lat="45.3597100" lon="6.2993300">
    <ele>473</ele>
   </trkpt>
   <trkpt lat="45.3597899" lon="6.2992300">
    <ele>473</ele>
   </trkpt>
   <trkpt lat="45.3601200" lon="6.2990000">
    <ele>473</ele>
   </trkpt>
   <trkpt lat="45.3605200" lon="6.2987100">
    <ele>473</ele>
   </trkpt>
   <trkpt lat="45.3605800" lon="6.2986300">
    <ele>473</ele>
   </trkpt>
   <trkpt lat="45.3606900" lon="6.2985400">
    <ele>473</ele>
   </trkpt>
   <trkpt lat="45.3608300" lon="6.2984300">
    <ele>473</ele>
   </trkpt>
   <trkpt lat="45.3609300" lon="6.2983500">
    <ele>473</ele>
   </trkpt>
   <trkpt lat="45.3610600" lon="6.2982500">
    <ele>473</ele>
   </trkpt>
   <trkpt lat="45.3612700" lon="6.2980700">
    <ele>473</ele>
   </trkpt>
   <trkpt lat="45.3614500" lon="6.2979300">
    <ele>473</ele>
   </trkpt>
   <trkpt lat="45.3615100" lon="6.2978800">
    <ele>473</ele>
   </trkpt>
   <trkpt lat="45.3619500" lon="6.2975500">
    <ele>472</ele>
   </trkpt>
   <trkpt lat="45.3620200" lon="6.2974700">
    <ele>471</ele>
   </trkpt>
   <trkpt lat="45.3623199" lon="6.2972600">
    <ele>470</ele>
   </trkpt>
   <trkpt lat="45.3623700" lon="6.2972300">
    <ele>470</ele>
   </trkpt>
   <trkpt lat="45.3625500" lon="6.2970900">
    <ele>469</ele>
   </trkpt>
   <trkpt lat="45.3625900" lon="6.2970600">
    <ele>469</ele>
   </trkpt>
   <trkpt lat="45.3627800" lon="6.2969000">
    <ele>469</ele>
   </trkpt>
   <trkpt lat="45.3629500" lon="6.2968500">
    <ele>470</ele>
   </trkpt>
   <trkpt lat="45.3629900" lon="6.2968600">
    <ele>470</ele>
   </trkpt>
   <trkpt lat="45.3630200" lon="6.2968500">
    <ele>470</ele>
   </trkpt>
   <trkpt lat="45.3630600" lon="6.2968300">
    <ele>470</ele>
   </trkpt>
   <trkpt lat="45.3630900" lon="6.2968000">
    <ele>470</ele>
   </trkpt>
   <trkpt lat="45.3631100" lon="6.2967500">
    <ele>470</ele>
   </trkpt>
   <trkpt lat="45.3631200" lon="6.2967000">
    <ele>470</ele>
   </trkpt>
   <trkpt lat="45.3631100" lon="6.2966500">
    <ele>469</ele>
   </trkpt>
   <trkpt lat="45.3631300" lon="6.2965900">
    <ele>469</ele>
   </trkpt>
   <trkpt lat="45.3631800" lon="6.2964900">
    <ele>469</ele>
   </trkpt>
   <trkpt lat="45.3632500" lon="6.2964000">
    <ele>469</ele>
   </trkpt>
   <trkpt lat="45.3635600" lon="6.2960900">
    <ele>467</ele>
   </trkpt>
   <trkpt lat="45.3641600" lon="6.2955000">
    <ele>466</ele>
   </trkpt>
   <trkpt lat="45.3645300" lon="6.2951499">
    <ele>465</ele>
   </trkpt>
   <trkpt lat="45.3649700" lon="6.2947600">
    <ele>465</ele>
   </trkpt>
   <trkpt lat="45.3656600" lon="6.2941800">
    <ele>462</ele>
   </trkpt>
   <trkpt lat="45.3663900" lon="6.2936000">
    <ele>461</ele>
   </trkpt>
   <trkpt lat="45.3672100" lon="6.2929100">
    <ele>456</ele>
   </trkpt>
   <trkpt lat="45.3674100" lon="6.2927300">
    <ele>456</ele>
   </trkpt>
   <trkpt lat="45.3675700" lon="6.2925800">
    <ele>455</ele>
   </trkpt>
   <trkpt lat="45.3676600" lon="6.2924700">
    <ele>454</ele>
   </trkpt>
   <trkpt lat="45.3677200" lon="6.2923500">
    <ele>453</ele>
   </trkpt>
   <trkpt lat="45.3677599" lon="6.2922300">
    <ele>453</ele>
   </trkpt>
   <trkpt lat="45.3677700" lon="6.2921200">
    <ele>452</ele>
   </trkpt>
   <trkpt lat="45.3677700" lon="6.2919200">
    <ele>451</ele>
   </trkpt>
   <trkpt lat="45.3677400" lon="6.2917700">
    <ele>450</ele>
   </trkpt>
   <trkpt lat="45.3677100" lon="6.2917100">
    <ele>449</ele>
   </trkpt>
   <trkpt lat="45.3676800" lon="6.2916600">
    <ele>449</ele>
   </trkpt>
   <trkpt lat="45.3676000" lon="6.2915700">
    <ele>448</ele>
   </trkpt>
   <trkpt lat="45.3675300" lon="6.2915200">
    <ele>447</ele>
   </trkpt>
   <trkpt lat="45.3674000" lon="6.2914500">
    <ele>446</ele>
   </trkpt>
   <trkpt lat="45.3670000" lon="6.2913700">
    <ele>446</ele>
   </trkpt>
   <trkpt lat="45.3668500" lon="6.2913300">
    <ele>446</ele>
   </trkpt>
   <trkpt lat="45.3667100" lon="6.2912700">
    <ele>446</ele>
   </trkpt>
   <trkpt lat="45.3665700" lon="6.2911900">
    <ele>445</ele>
   </trkpt>
   <trkpt lat="45.3663900" lon="6.2910600">
    <ele>445</ele>
   </trkpt>
   <trkpt lat="45.3661800" lon="6.2908700">
    <ele>444</ele>
   </trkpt>
   <trkpt lat="45.3660400" lon="6.2906800">
    <ele>444</ele>
   </trkpt>
   <trkpt lat="45.3660000" lon="6.2906100">
    <ele>443</ele>
   </trkpt>
   <trkpt lat="45.3659600" lon="6.2904799">
    <ele>442</ele>
   </trkpt>
   <trkpt lat="45.3659600" lon="6.2903800">
    <ele>441</ele>
   </trkpt>
   <trkpt lat="45.3659600" lon="6.2903200">
    <ele>441</ele>
   </trkpt>
   <trkpt lat="45.3659800" lon="6.2901999">
    <ele>439</ele>
   </trkpt>
   <trkpt lat="45.3660400" lon="6.2901000">
    <ele>438</ele>
   </trkpt>
   <trkpt lat="45.3661000" lon="6.2900200">
    <ele>437</ele>
   </trkpt>
   <trkpt lat="45.3662400" lon="6.2899000">
    <ele>436</ele>
   </trkpt>
   <trkpt lat="45.3665900" lon="6.2896500">
    <ele>435</ele>
   </trkpt>
   <trkpt lat="45.3679200" lon="6.2887200">
    <ele>432</ele>
   </trkpt>
   <trkpt lat="45.3681700" lon="6.2885400">
    <ele>432</ele>
   </trkpt>
   <trkpt lat="45.3682600" lon="6.2884900">
    <ele>432</ele>
   </trkpt>
   <trkpt lat="45.3683500" lon="6.2884600">
    <ele>432</ele>
   </trkpt>
   <trkpt lat="45.3690799" lon="6.2882500">
    <ele>431</ele>
   </trkpt>
   <trkpt lat="45.3692400" lon="6.2881900">
    <ele>431</ele>
   </trkpt>
   <trkpt lat="45.3694599" lon="6.2880900">
    <ele>431</ele>
   </trkpt>
   <trkpt lat="45.3700199" lon="6.2877900">
    <ele>431</ele>
   </trkpt>
   <trkpt lat="45.3707900" lon="6.2872400">
    <ele>429</ele>
   </trkpt>
   <trkpt lat="45.3718900" lon="6.2864699">
    <ele>435</ele>
   </trkpt>
   <trkpt lat="45.3736100" lon="6.2853300">
    <ele>437</ele>
   </trkpt>
   <trkpt lat="45.3751300" lon="6.2842300">
    <ele>433</ele>
   </trkpt>
   <trkpt lat="45.3760400" lon="6.2836700">
    <ele>437</ele>
   </trkpt>
   <trkpt lat="45.3763200" lon="6.2834800">
    <ele>435</ele>
   </trkpt>
   <trkpt lat="45.3798200" lon="6.2810100">
    <ele>423</ele>
   </trkpt>
   <trkpt lat="45.3802600" lon="6.2807100">
    <ele>421</ele>
   </trkpt>
   <trkpt lat="45.3806500" lon="6.2804200">
    <ele>423</ele>
   </trkpt>
   <trkpt lat="45.3807900" lon="6.2803100">
    <ele>424</ele>
   </trkpt>
   <trkpt lat="45.3809900" lon="6.2801400">
    <ele>425</ele>
   </trkpt>
   <trkpt lat="45.3815800" lon="6.2795800">
    <ele>424</ele>
   </trkpt>
   <trkpt lat="45.3817400" lon="6.2794600">
    <ele>424</ele>
   </trkpt>
   <trkpt lat="45.3821400" lon="6.2791700">
    <ele>423</ele>
   </trkpt>
   <trkpt lat="45.3829000" lon="6.2786400">
    <ele>421</ele>
   </trkpt>
   <trkpt lat="45.3843300" lon="6.2776800">
    <ele>421</ele>
   </trkpt>
   <trkpt lat="45.3848100" lon="6.2774100">
    <ele>420</ele>
   </trkpt>
   <trkpt lat="45.3851700" lon="6.2772200">
    <ele>420</ele>
   </trkpt>
   <trkpt lat="45.3856700" lon="6.2769800">
    <ele>421</ele>
   </trkpt>
   <trkpt lat="45.3858500" lon="6.2769100">
    <ele>422</ele>
   </trkpt>
   <trkpt lat="45.3861500" lon="6.2768300">
    <ele>424</ele>
   </trkpt>
   <trkpt lat="45.3863500" lon="6.2768000">
    <ele>425</ele>
   </trkpt>
   <trkpt lat="45.3866500" lon="6.2767900">
    <ele>426</ele>
   </trkpt>
   <trkpt lat="45.3871400" lon="6.2768700">
    <ele>425</ele>
   </trkpt>
   <trkpt lat="45.3873100" lon="6.2768300">
    <ele>424</ele>
   </trkpt>
   <trkpt lat="45.3873900" lon="6.2768000">
    <ele>423</ele>
   </trkpt>
   <trkpt lat="45.3873700" lon="6.2766700">
    <ele>422</ele>
   </trkpt>
   <trkpt lat="45.3873400" lon="6.2765200">
    <ele>422</ele>
   </trkpt>
   <trkpt lat="45.3872799" lon="6.2761600">
    <ele>421</ele>
   </trkpt>
   <trkpt lat="45.3872700" lon="6.2760600">
    <ele>421</ele>
   </trkpt>
   <trkpt lat="45.3872500" lon="6.2759300">
    <ele>421</ele>
   </trkpt>
   <trkpt lat="45.3872100" lon="6.2757200">
    <ele>420</ele>
   </trkpt>
   <trkpt lat="45.3871899" lon="6.2756100">
    <ele>420</ele>
   </trkpt>
   <trkpt lat="45.3871600" lon="6.2754400">
    <ele>419</ele>
   </trkpt>
   <trkpt lat="45.3870500" lon="6.2749100">
    <ele>417</ele>
   </trkpt>
   <trkpt lat="45.3868400" lon="6.2742200">
    <ele>418</ele>
   </trkpt>
   <trkpt lat="45.3867900" lon="6.2741000">
    <ele>418</ele>
   </trkpt>
   <trkpt lat="45.3866500" lon="6.2738800">
    <ele>418</ele>
   </trkpt>
   <trkpt lat="45.3862000" lon="6.2734100">
    <ele>419</ele>
   </trkpt>
   <trkpt lat="45.3860699" lon="6.2732100">
    <ele>419</ele>
   </trkpt>
   <trkpt lat="45.3860000" lon="6.2730200">
    <ele>420</ele>
   </trkpt>
   <trkpt lat="45.3859500" lon="6.2727600">
    <ele>420</ele>
   </trkpt>
   <trkpt lat="45.3860100" lon="6.2722600">
    <ele>421</ele>
   </trkpt>
   <trkpt lat="45.3860500" lon="6.2722900">
    <ele>421</ele>
   </trkpt>
   <trkpt lat="45.3861200" lon="6.2723200">
    <ele>421</ele>
   </trkpt>
   <trkpt lat="45.3861900" lon="6.2723100">
    <ele>421</ele>
   </trkpt>
   <trkpt lat="45.3862400" lon="6.2722800">
    <ele>421</ele>
   </trkpt>
   <trkpt lat="45.3863000" lon="6.2722100">
    <ele>421</ele>
   </trkpt>
   <trkpt lat="45.3863300" lon="6.2721500">
    <ele>421</ele>
   </trkpt>
   <trkpt lat="45.3863399" lon="6.2720500">
    <ele>421</ele>
   </trkpt>
   <trkpt lat="45.3863300" lon="6.2719100">
    <ele>422</ele>
   </trkpt>
   <trkpt lat="45.3862900" lon="6.2718200">
    <ele>422</ele>
   </trkpt>
   <trkpt lat="45.3862200" lon="6.2717500">
    <ele>422</ele>
   </trkpt>
   <trkpt lat="45.3863000" lon="6.2715600">
    <ele>423</ele>
   </trkpt>
   <trkpt lat="45.3862700" lon="6.2713800">
    <ele>424</ele>
   </trkpt>
   <trkpt lat="45.3862000" lon="6.2712500">
    <ele>425</ele>
   </trkpt>
   <trkpt lat="45.3858700" lon="6.2709400">
    <ele>426</ele>
   </trkpt>
   <trkpt lat="45.3857600" lon="6.2707800">
    <ele>428</ele>
   </trkpt>
   <trkpt lat="45.3856100" lon="6.2704500">
    <ele>430</ele>
   </trkpt>
   <trkpt lat="45.3854500" lon="6.2703300">
    <ele>432</ele>
   </trkpt>
   <trkpt lat="45.3853099" lon="6.2703400">
    <ele>433</ele>
   </trkpt>
   <trkpt lat="45.3848900" lon="6.2704100">
    <ele>435</ele>
   </trkpt>
   <trkpt lat="45.3848600" lon="6.2703900">
    <ele>435</ele>
   </trkpt>
   <trkpt lat="45.3848100" lon="6.2703600">
    <ele>436</ele>
   </trkpt>
   <trkpt lat="45.3847600" lon="6.2702800">
    <ele>437</ele>
   </trkpt>
   <trkpt lat="45.3847400" lon="6.2702600">
    <ele>437</ele>
   </trkpt>
   <trkpt lat="45.3847600" lon="6.2700600">
    <ele>438</ele>
   </trkpt>
   <trkpt lat="45.3849800" lon="6.2695600">
    <ele>439</ele>
   </trkpt>
   <trkpt lat="45.3849800" lon="6.2694200">
    <ele>439</ele>
   </trkpt>
   <trkpt lat="45.3849600" lon="6.2692900">
    <ele>440</ele>
   </trkpt>
   <trkpt lat="45.3850600" lon="6.2692600">
    <ele>439</ele>
   </trkpt>
   <trkpt lat="45.3851600" lon="6.2692400">
    <ele>438</ele>
   </trkpt>
   <trkpt lat="45.3857700" lon="6.2690700">
    <ele>434</ele>
   </trkpt>
   <trkpt lat="45.3860300" lon="6.2689199">
    <ele>433</ele>
   </trkpt>
   <trkpt lat="45.3864200" lon="6.2684100">
    <ele>432</ele>
   </trkpt>
   <trkpt lat="45.3866100" lon="6.2682100">
    <ele>431</ele>
   </trkpt>
   <trkpt lat="45.3868900" lon="6.2680600">
    <ele>430</ele>
   </trkpt>
   <trkpt lat="45.3873500" lon="6.2679100">
    <ele>427</ele>
   </trkpt>
   <trkpt lat="45.3875500" lon="6.2677900">
    <ele>426</ele>
   </trkpt>
   <trkpt lat="45.3883100" lon="6.2670199">
    <ele>425</ele>
   </trkpt>
   <trkpt lat="45.3884400" lon="6.2669300">
    <ele>426</ele>
   </trkpt>
   <trkpt lat="45.3887100" lon="6.2668300">
    <ele>426</ele>
   </trkpt>
   <trkpt lat="45.3893000" lon="6.2666600">
    <ele>428</ele>
   </trkpt>
   <trkpt lat="45.3897400" lon="6.2664700">
    <ele>428</ele>
   </trkpt>
   <trkpt lat="45.3898900" lon="6.2664400">
    <ele>428</ele>
   </trkpt>
   <trkpt lat="45.3902900" lon="6.2663300">
    <ele>429</ele>
   </trkpt>
   <trkpt lat="45.3903300" lon="6.2663200">
    <ele>429</ele>
   </trkpt>
   <trkpt lat="45.3903500" lon="6.2663200">
    <ele>429</ele>
   </trkpt>
   <trkpt lat="45.3904400" lon="6.2663000">
    <ele>430</ele>
   </trkpt>
   <trkpt lat="45.3906800" lon="6.2662200">
    <ele>430</ele>
   </trkpt>
   <trkpt lat="45.3907900" lon="6.2661300">
    <ele>430</ele>
   </trkpt>
   <trkpt lat="45.3909900" lon="6.2659399">
    <ele>432</ele>
   </trkpt>
   <trkpt lat="45.3910800" lon="6.2658600">
    <ele>433</ele>
   </trkpt>
   <trkpt lat="45.3911800" lon="6.2657999">
    <ele>434</ele>
   </trkpt>
   <trkpt lat="45.3912900" lon="6.2657900">
    <ele>435</ele>
   </trkpt>
   <trkpt lat="45.3914400" lon="6.2658200">
    <ele>435</ele>
   </trkpt>
   <trkpt lat="45.3914400" lon="6.2658900">
    <ele>435</ele>
   </trkpt>
   <trkpt lat="45.3914600" lon="6.2659399">
    <ele>435</ele>
   </trkpt>
   <trkpt lat="45.3915099" lon="6.2659900">
    <ele>435</ele>
   </trkpt>
   <trkpt lat="45.3915800" lon="6.2659700">
    <ele>435</ele>
   </trkpt>
   <trkpt lat="45.3916200" lon="6.2659500">
    <ele>436</ele>
   </trkpt>
   <trkpt lat="45.3916600" lon="6.2659000">
    <ele>436</ele>
   </trkpt>
   <trkpt lat="45.3916800" lon="6.2658600">
    <ele>437</ele>
   </trkpt>
   <trkpt lat="45.3916899" lon="6.2658100">
    <ele>437</ele>
   </trkpt>
   <trkpt lat="45.3916800" lon="6.2657600">
    <ele>437</ele>
   </trkpt>
   <trkpt lat="45.3918000" lon="6.2656900">
    <ele>438</ele>
   </trkpt>
   <trkpt lat="45.3918899" lon="6.2656700">
    <ele>438</ele>
   </trkpt>
   <trkpt lat="45.3920000" lon="6.2656900">
    <ele>438</ele>
   </trkpt>
   <trkpt lat="45.3922300" lon="6.2657700">
    <ele>439</ele>
   </trkpt>
   <trkpt lat="45.3927900" lon="6.2659800">
    <ele>441</ele>
   </trkpt>
   <trkpt lat="45.3929300" lon="6.2660500">
    <ele>442</ele>
   </trkpt>
   <trkpt lat="45.3931300" lon="6.2661100">
    <ele>443</ele>
   </trkpt>
   <trkpt lat="45.3932200" lon="6.2661400">
    <ele>444</ele>
   </trkpt>
   <trkpt lat="45.3933500" lon="6.2661900">
    <ele>445</ele>
   </trkpt>
   <trkpt lat="45.3933800" lon="6.2662000">
    <ele>445</ele>
   </trkpt>
   <trkpt lat="45.3937400" lon="6.2663800">
    <ele>447</ele>
   </trkpt>
   <trkpt lat="45.3939300" lon="6.2664600">
    <ele>448</ele>
   </trkpt>
   <trkpt lat="45.3941800" lon="6.2665400">
    <ele>449</ele>
   </trkpt>
   <trkpt lat="45.3942500" lon="6.2665499">
    <ele>450</ele>
   </trkpt>
   <trkpt lat="45.3943200" lon="6.2665499">
    <ele>450</ele>
   </trkpt>
   <trkpt lat="45.3944600" lon="6.2665000">
    <ele>452</ele>
   </trkpt>
   <trkpt lat="45.3945900" lon="6.2664700">
    <ele>453</ele>
   </trkpt>
   <trkpt lat="45.3946600" lon="6.2664600">
    <ele>454</ele>
   </trkpt>
   <trkpt lat="45.3947300" lon="6.2664700">
    <ele>454</ele>
   </trkpt>
   <trkpt lat="45.3947900" lon="6.2665100">
    <ele>454</ele>
   </trkpt>
   <trkpt lat="45.3948200" lon="6.2665499">
    <ele>454</ele>
   </trkpt>
   <trkpt lat="45.3949400" lon="6.2667600">
    <ele>453</ele>
   </trkpt>
   <trkpt lat="45.3952000" lon="6.2673400">
    <ele>450</ele>
   </trkpt>
   <trkpt lat="45.3953500" lon="6.2676200">
    <ele>449</ele>
   </trkpt>
   <trkpt lat="45.3954900" lon="6.2678000">
    <ele>449</ele>
   </trkpt>
   <trkpt lat="45.3956400" lon="6.2680000">
    <ele>449</ele>
   </trkpt>
   <trkpt lat="45.3961300" lon="6.2684400">
    <ele>449</ele>
   </trkpt>
   <trkpt lat="45.3964000" lon="6.2688100">
    <ele>448</ele>
   </trkpt>
   <trkpt lat="45.3968200" lon="6.2692700">
    <ele>446</ele>
   </trkpt>
   <trkpt lat="45.3968800" lon="6.2693199">
    <ele>446</ele>
   </trkpt>
   <trkpt lat="45.3969400" lon="6.2693500">
    <ele>446</ele>
   </trkpt>
   <trkpt lat="45.3974199" lon="6.2695299">
    <ele>447</ele>
   </trkpt>
   <trkpt lat="45.3975900" lon="6.2696200">
    <ele>447</ele>
   </trkpt>
   <trkpt lat="45.3980600" lon="6.2699700">
    <ele>444</ele>
   </trkpt>
   <trkpt lat="45.3984700" lon="6.2702200">
    <ele>441</ele>
   </trkpt>
   <trkpt lat="45.3988900" lon="6.2703500">
    <ele>441</ele>
   </trkpt>
   <trkpt lat="45.3993700" lon="6.2705700">
    <ele>439</ele>
   </trkpt>
   <trkpt lat="45.3999800" lon="6.2708700">
    <ele>437</ele>
   </trkpt>
   <trkpt lat="45.4001300" lon="6.2708900">
    <ele>437</ele>
   </trkpt>
   <trkpt lat="45.4003000" lon="6.2708800">
    <ele>437</ele>
   </trkpt>
   <trkpt lat="45.4005800" lon="6.2708600">
    <ele>436</ele>
   </trkpt>
   <trkpt lat="45.4007400" lon="6.2708100">
    <ele>437</ele>
   </trkpt>
   <trkpt lat="45.4014499" lon="6.2703300">
    <ele>441</ele>
   </trkpt>
   <trkpt lat="45.4020800" lon="6.2698800">
    <ele>445</ele>
   </trkpt>
   <trkpt lat="45.4022099" lon="6.2697700">
    <ele>446</ele>
   </trkpt>
   <trkpt lat="45.4022900" lon="6.2696600">
    <ele>446</ele>
   </trkpt>
   <trkpt lat="45.4023500" lon="6.2695600">
    <ele>447</ele>
   </trkpt>
   <trkpt lat="45.4024600" lon="6.2693400">
    <ele>449</ele>
   </trkpt>
   <trkpt lat="45.4025400" lon="6.2692100">
    <ele>449</ele>
   </trkpt>
   <trkpt lat="45.4026100" lon="6.2691100">
    <ele>450</ele>
   </trkpt>
   <trkpt lat="45.4026900" lon="6.2690300">
    <ele>450</ele>
   </trkpt>
   <trkpt lat="45.4028000" lon="6.2689600">
    <ele>449</ele>
   </trkpt>
   <trkpt lat="45.4029400" lon="6.2689199">
    <ele>449</ele>
   </trkpt>
   <trkpt lat="45.4029800" lon="6.2689000">
    <ele>449</ele>
   </trkpt>
   <trkpt lat="45.4030200" lon="6.2688700">
    <ele>449</ele>
   </trkpt>
   <trkpt lat="45.4031600" lon="6.2687000">
    <ele>449</ele>
   </trkpt>
   <trkpt lat="45.4033400" lon="6.2686500">
    <ele>449</ele>
   </trkpt>
   <trkpt lat="45.4035000" lon="6.2686200">
    <ele>448</ele>
   </trkpt>
   <trkpt lat="45.4036500" lon="6.2686100">
    <ele>448</ele>
   </trkpt>
   <trkpt lat="45.4037700" lon="6.2686400">
    <ele>447</ele>
   </trkpt>
   <trkpt lat="45.4039400" lon="6.2686700">
    <ele>446</ele>
   </trkpt>
   <trkpt lat="45.4041100" lon="6.2686100">
    <ele>445</ele>
   </trkpt>
   <trkpt lat="45.4043300" lon="6.2683799">
    <ele>446</ele>
   </trkpt>
   <trkpt lat="45.4048800" lon="6.2677800">
    <ele>445</ele>
   </trkpt>
   <trkpt lat="45.4050100" lon="6.2675200">
    <ele>446</ele>
   </trkpt>
   <trkpt lat="45.4050400" lon="6.2674600">
    <ele>446</ele>
   </trkpt>
   <trkpt lat="45.4053600" lon="6.2667000">
    <ele>449</ele>
   </trkpt>
   <trkpt lat="45.4054800" lon="6.2665499">
    <ele>452</ele>
   </trkpt>
   <trkpt lat="45.4056000" lon="6.2664600">
    <ele>454</ele>
   </trkpt>
   <trkpt lat="45.4057600" lon="6.2664400">
    <ele>454</ele>
   </trkpt>
   <trkpt lat="45.4060100" lon="6.2664500">
    <ele>454</ele>
   </trkpt>
   <trkpt lat="45.4062300" lon="6.2664500">
    <ele>454</ele>
   </trkpt>
   <trkpt lat="45.4065600" lon="6.2663399">
    <ele>458</ele>
   </trkpt>
   <trkpt lat="45.4068600" lon="6.2663600">
    <ele>460</ele>
   </trkpt>
   <trkpt lat="45.4071900" lon="6.2664500">
    <ele>461</ele>
   </trkpt>
   <trkpt lat="45.4077399" lon="6.2667900">
    <ele>457</ele>
   </trkpt>
   <trkpt lat="45.4084600" lon="6.2669700">
    <ele>462</ele>
   </trkpt>
   <trkpt lat="45.4090400" lon="6.2671500">
    <ele>463</ele>
   </trkpt>
   <trkpt lat="45.4094900" lon="6.2673100">
    <ele>463</ele>
   </trkpt>
   <trkpt lat="45.4096900" lon="6.2674500">
    <ele>460</ele>
   </trkpt>
   <trkpt lat="45.4099000" lon="6.2675400">
    <ele>460</ele>
   </trkpt>
   <trkpt lat="45.4101799" lon="6.2675800">
    <ele>461</ele>
   </trkpt>
   <trkpt lat="45.4105500" lon="6.2674600">
    <ele>470</ele>
   </trkpt>
   <trkpt lat="45.4107000" lon="6.2673800">
    <ele>475</ele>
   </trkpt>
   <trkpt lat="45.4112900" lon="6.2675300">
    <ele>473</ele>
   </trkpt>
   <trkpt lat="45.4116200" lon="6.2676000">
    <ele>472</ele>
   </trkpt>
   <trkpt lat="45.4118600" lon="6.2676100">
    <ele>473</ele>
   </trkpt>
   <trkpt lat="45.4126000" lon="6.2677699">
    <ele>467</ele>
   </trkpt>
   <trkpt lat="45.4129800" lon="6.2677900">
    <ele>464</ele>
   </trkpt>
   <trkpt lat="45.4132100" lon="6.2677300">
    <ele>466</ele>
   </trkpt>
   <trkpt lat="45.4133700" lon="6.2676100">
    <ele>472</ele>
   </trkpt>
   <trkpt lat="45.4140000" lon="6.2669100">
    <ele>489</ele>
   </trkpt>
   <trkpt lat="45.4141700" lon="6.2667900">
    <ele>488</ele>
   </trkpt>
   <trkpt lat="45.4142500" lon="6.2667600">
    <ele>491</ele>
   </trkpt>
   <trkpt lat="45.4143199" lon="6.2667600">
    <ele>492</ele>
   </trkpt>
   <trkpt lat="45.4143700" lon="6.2667900">
    <ele>492</ele>
   </trkpt>
   <trkpt lat="45.4144200" lon="6.2668400">
    <ele>492</ele>
   </trkpt>
   <trkpt lat="45.4145500" lon="6.2671000">
    <ele>488</ele>
   </trkpt>
   <trkpt lat="45.4148000" lon="6.2676500">
    <ele>480</ele>
   </trkpt>
   <trkpt lat="45.4150300" lon="6.2679900">
    <ele>474</ele>
   </trkpt>
   <trkpt lat="45.4151600" lon="6.2681200">
    <ele>471</ele>
   </trkpt>
   <trkpt lat="45.4153100" lon="6.2681600">
    <ele>472</ele>
   </trkpt>
   <trkpt lat="45.4155500" lon="6.2681699">
    <ele>477</ele>
   </trkpt>
   <trkpt lat="45.4161400" lon="6.2680999">
    <ele>487</ele>
   </trkpt>
   <trkpt lat="45.4165900" lon="6.2680000">
    <ele>494</ele>
   </trkpt>
   <trkpt lat="45.4167200" lon="6.2680100">
    <ele>494</ele>
   </trkpt>
   <trkpt lat="45.4168100" lon="6.2680500">
    <ele>493</ele>
   </trkpt>
   <trkpt lat="45.4169600" lon="6.2681900">
    <ele>489</ele>
   </trkpt>
   <trkpt lat="45.4172900" lon="6.2685000">
    <ele>484</ele>
   </trkpt>
   <trkpt lat="45.4175100" lon="6.2686800">
    <ele>483</ele>
   </trkpt>
   <trkpt lat="45.4180200" lon="6.2690700">
    <ele>485</ele>
   </trkpt>
   <trkpt lat="45.4180900" lon="6.2691200">
    <ele>485</ele>
   </trkpt>
   <trkpt lat="45.4181900" lon="6.2691700">
    <ele>486</ele>
   </trkpt>
   <trkpt lat="45.4182599" lon="6.2692000">
    <ele>487</ele>
   </trkpt>
   <trkpt lat="45.4183400" lon="6.2692100">
    <ele>488</ele>
   </trkpt>
   <trkpt lat="45.4184500" lon="6.2692000">
    <ele>488</ele>
   </trkpt>
   <trkpt lat="45.4189800" lon="6.2690500">
    <ele>492</ele>
   </trkpt>
   <trkpt lat="45.4191200" lon="6.2690800">
    <ele>492</ele>
   </trkpt>
   <trkpt lat="45.4192400" lon="6.2691800">
    <ele>491</ele>
   </trkpt>
   <trkpt lat="45.4193500" lon="6.2692800">
    <ele>488</ele>
   </trkpt>
   <trkpt lat="45.4194600" lon="6.2693500">
    <ele>487</ele>
   </trkpt>
   <trkpt lat="45.4197700" lon="6.2695400">
    <ele>484</ele>
   </trkpt>
   <trkpt lat="45.4199000" lon="6.2695800">
    <ele>484</ele>
   </trkpt>
   <trkpt lat="45.4200700" lon="6.2695500">
    <ele>485</ele>
   </trkpt>
   <trkpt lat="45.4204700" lon="6.2695200">
    <ele>487</ele>
   </trkpt>
   <trkpt lat="45.4208300" lon="6.2696300">
    <ele>487</ele>
   </trkpt>
   <trkpt lat="45.4212000" lon="6.2697000">
    <ele>481</ele>
   </trkpt>
   <trkpt lat="45.4215500" lon="6.2696200">
    <ele>480</ele>
   </trkpt>
   <trkpt lat="45.4219300" lon="6.2694700">
    <ele>480</ele>
   </trkpt>
   <trkpt lat="45.4221000" lon="6.2694100">
    <ele>480</ele>
   </trkpt>
   <trkpt lat="45.4223000" lon="6.2694000">
    <ele>478</ele>
   </trkpt>
   <trkpt lat="45.4226699" lon="6.2694100">
    <ele>474</ele>
   </trkpt>
   <trkpt lat="45.4228499" lon="6.2693899">
    <ele>472</ele>
   </trkpt>
   <trkpt lat="45.4229100" lon="6.2693700">
    <ele>472</ele>
   </trkpt>
   <trkpt lat="45.4229800" lon="6.2693300">
    <ele>472</ele>
   </trkpt>
   <trkpt lat="45.4230400" lon="6.2692500">
    <ele>473</ele>
   </trkpt>
   <trkpt lat="45.4232600" lon="6.2689400">
    <ele>477</ele>
   </trkpt>
   <trkpt lat="45.4233800" lon="6.2688100">
    <ele>480</ele>
   </trkpt>
   <trkpt lat="45.4235100" lon="6.2687099">
    <ele>481</ele>
   </trkpt>
   <trkpt lat="45.4239300" lon="6.2685300">
    <ele>483</ele>
   </trkpt>
   <trkpt lat="45.4241600" lon="6.2684900">
    <ele>483</ele>
   </trkpt>
   <trkpt lat="45.4243300" lon="6.2685000">
    <ele>485</ele>
   </trkpt>
   <trkpt lat="45.4244600" lon="6.2685500">
    <ele>485</ele>
   </trkpt>
   <trkpt lat="45.4245900" lon="6.2686800">
    <ele>483</ele>
   </trkpt>
   <trkpt lat="45.4247600" lon="6.2690800">
    <ele>474</ele>
   </trkpt>
   <trkpt lat="45.4248400" lon="6.2692300">
    <ele>470</ele>
   </trkpt>
   <trkpt lat="45.4249500" lon="6.2693100">
    <ele>468</ele>
   </trkpt>
   <trkpt lat="45.4250800" lon="6.2693600">
    <ele>468</ele>
   </trkpt>
   <trkpt lat="45.4256000" lon="6.2695400">
    <ele>465</ele>
   </trkpt>
   <trkpt lat="45.4259700" lon="6.2696900">
    <ele>463</ele>
   </trkpt>
   <trkpt lat="45.4260800" lon="6.2697300">
    <ele>462</ele>
   </trkpt>
   <trkpt lat="45.4262100" lon="6.2697200">
    <ele>462</ele>
   </trkpt>
   <trkpt lat="45.4264400" lon="6.2696600">
    <ele>463</ele>
   </trkpt>
   <trkpt lat="45.4266099" lon="6.2696500">
    <ele>464</ele>
   </trkpt>
   <trkpt lat="45.4268300" lon="6.2696600">
    <ele>465</ele>
   </trkpt>
   <trkpt lat="45.4269500" lon="6.2697000">
    <ele>464</ele>
   </trkpt>
   <trkpt lat="45.4270799" lon="6.2697700">
    <ele>463</ele>
   </trkpt>
   <trkpt lat="45.4271500" lon="6.2698600">
    <ele>461</ele>
   </trkpt>
   <trkpt lat="45.4272300" lon="6.2699600">
    <ele>459</ele>
   </trkpt>
   <trkpt lat="45.4272599" lon="6.2700300">
    <ele>458</ele>
   </trkpt>
   <trkpt lat="45.4272900" lon="6.2701200">
    <ele>457</ele>
   </trkpt>
   <trkpt lat="45.4273300" lon="6.2703400">
    <ele>454</ele>
   </trkpt>
   <trkpt lat="45.4273400" lon="6.2705900">
    <ele>451</ele>
   </trkpt>
   <trkpt lat="45.4273200" lon="6.2708300">
    <ele>448</ele>
   </trkpt>
   <trkpt lat="45.4273100" lon="6.2710300">
    <ele>446</ele>
   </trkpt>
   <trkpt lat="45.4273400" lon="6.2712000">
    <ele>445</ele>
   </trkpt>
   <trkpt lat="45.4274900" lon="6.2718100">
    <ele>442</ele>
   </trkpt>
   <trkpt lat="45.4275900" lon="6.2721100">
    <ele>440</ele>
   </trkpt>
   <trkpt lat="45.4276399" lon="6.2723400">
    <ele>438</ele>
   </trkpt>
   <trkpt lat="45.4277500" lon="6.2726499">
    <ele>436</ele>
   </trkpt>
   <trkpt lat="45.4278800" lon="6.2729700">
    <ele>434</ele>
   </trkpt>
   <trkpt lat="45.4279900" lon="6.2731800">
    <ele>433</ele>
   </trkpt>
   <trkpt lat="45.4281300" lon="6.2734300">
    <ele>431</ele>
   </trkpt>
   <trkpt lat="45.4283100" lon="6.2738500">
    <ele>430</ele>
   </trkpt>
   <trkpt lat="45.4284500" lon="6.2740600">
    <ele>429</ele>
   </trkpt>
   <trkpt lat="45.4286800" lon="6.2744799">
    <ele>426</ele>
   </trkpt>
   <trkpt lat="45.4289100" lon="6.2748200">
    <ele>424</ele>
   </trkpt>
   <trkpt lat="45.4290700" lon="6.2750000">
    <ele>423</ele>
   </trkpt>
   <trkpt lat="45.4297100" lon="6.2755300">
    <ele>414</ele>
   </trkpt>
   <trkpt lat="45.4298800" lon="6.2756400">
    <ele>412</ele>
   </trkpt>
   <trkpt lat="45.4301300" lon="6.2757699">
    <ele>409</ele>
   </trkpt>
   <trkpt lat="45.4302900" lon="6.2758300">
    <ele>407</ele>
   </trkpt>
   <trkpt lat="45.4304300" lon="6.2758500">
    <ele>406</ele>
   </trkpt>
   <trkpt lat="45.4306500" lon="6.2758400">
    <ele>404</ele>
   </trkpt>
   <trkpt lat="45.4311200" lon="6.2758600">
    <ele>403</ele>
   </trkpt>
   <trkpt lat="45.4313300" lon="6.2759100">
    <ele>402</ele>
   </trkpt>
   <trkpt lat="45.4315600" lon="6.2760300">
    <ele>399</ele>
   </trkpt>
   <trkpt lat="45.4318800" lon="6.2762100">
    <ele>398</ele>
   </trkpt>
   <trkpt lat="45.4320900" lon="6.2763200">
    <ele>396</ele>
   </trkpt>
   <trkpt lat="45.4322400" lon="6.2763600">
    <ele>396</ele>
   </trkpt>
   <trkpt lat="45.4326000" lon="6.2763600">
    <ele>400</ele>
   </trkpt>
   <trkpt lat="45.4326999" lon="6.2763700">
    <ele>403</ele>
   </trkpt>
   <trkpt lat="45.4327700" lon="6.2763900">
    <ele>404</ele>
   </trkpt>
   <trkpt lat="45.4330200" lon="6.2765500">
    <ele>403</ele>
   </trkpt>
   <trkpt lat="45.4334200" lon="6.2768800">
    <ele>400</ele>
   </trkpt>
   <trkpt lat="45.4335499" lon="6.2770100">
    <ele>400</ele>
   </trkpt>
   <trkpt lat="45.4336500" lon="6.2771400">
    <ele>398</ele>
   </trkpt>
   <trkpt lat="45.4337800" lon="6.2773400">
    <ele>394</ele>
   </trkpt>
   <trkpt lat="45.4339200" lon="6.2775600">
    <ele>390</ele>
   </trkpt>
   <trkpt lat="45.4343400" lon="6.2781300">
    <ele>388</ele>
   </trkpt>
   <trkpt lat="45.4344300" lon="6.2783200">
    <ele>387</ele>
   </trkpt>
   <trkpt lat="45.4347600" lon="6.2791300">
    <ele>383</ele>
   </trkpt>
   <trkpt lat="45.4348200" lon="6.2792400">
    <ele>383</ele>
   </trkpt>
   <trkpt lat="45.4348400" lon="6.2792700">
    <ele>383</ele>
   </trkpt>
   <trkpt lat="45.4349500" lon="6.2793900">
    <ele>383</ele>
   </trkpt>
   <trkpt lat="45.4354299" lon="6.2798800">
    <ele>381</ele>
   </trkpt>
   <trkpt lat="45.4355500" lon="6.2799600">
    <ele>381</ele>
   </trkpt>
   <trkpt lat="45.4356700" lon="6.2800000">
    <ele>381</ele>
   </trkpt>
   <trkpt lat="45.4358000" lon="6.2800200">
    <ele>381</ele>
   </trkpt>
   <trkpt lat="45.4361300" lon="6.2800399">
    <ele>380</ele>
   </trkpt>
   <trkpt lat="45.4363000" lon="6.2800800">
    <ele>380</ele>
   </trkpt>
   <trkpt lat="45.4364000" lon="6.2801200">
    <ele>380</ele>
   </trkpt>
   <trkpt lat="45.4364800" lon="6.2801800">
    <ele>379</ele>
   </trkpt>
   <trkpt lat="45.4368200" lon="6.2804000">
    <ele>379</ele>
   </trkpt>
   <trkpt lat="45.4375100" lon="6.2809200">
    <ele>380</ele>
   </trkpt>
   <trkpt lat="45.4376700" lon="6.2810400">
    <ele>379</ele>
   </trkpt>
   <trkpt lat="45.4379900" lon="6.2812900">
    <ele>377</ele>
   </trkpt>
   <trkpt lat="45.4380800" lon="6.2813700">
    <ele>377</ele>
   </trkpt>
   <trkpt lat="45.4385000" lon="6.2815100">
    <ele>376</ele>
   </trkpt>
   <trkpt lat="45.4393300" lon="6.2816200">
    <ele>378</ele>
   </trkpt>
   <trkpt lat="45.4399800" lon="6.2817500">
    <ele>377</ele>
   </trkpt>
   <trkpt lat="45.4404700" lon="6.2818400">
    <ele>377</ele>
   </trkpt>
   <trkpt lat="45.4413399" lon="6.2819100">
    <ele>377</ele>
   </trkpt>
   <trkpt lat="45.4423300" lon="6.2818900">
    <ele>375</ele>
   </trkpt>
   <trkpt lat="45.4427400" lon="6.2819000">
    <ele>375</ele>
   </trkpt>
   <trkpt lat="45.4428399" lon="6.2819000">
    <ele>375</ele>
   </trkpt>
   <trkpt lat="45.4434300" lon="6.2819100">
    <ele>374</ele>
   </trkpt>
   <trkpt lat="45.4443500" lon="6.2819100">
    <ele>373</ele>
   </trkpt>
   <trkpt lat="45.4445600" lon="6.2819100">
    <ele>372</ele>
   </trkpt>
   <trkpt lat="45.4448099" lon="6.2819900">
    <ele>371</ele>
   </trkpt>
   <trkpt lat="45.4454700" lon="6.2823000">
    <ele>369</ele>
   </trkpt>
   <trkpt lat="45.4457400" lon="6.2824200">
    <ele>368</ele>
   </trkpt>
   <trkpt lat="45.4461400" lon="6.2825800">
    <ele>369</ele>
   </trkpt>
   <trkpt lat="45.4466100" lon="6.2827300">
    <ele>371</ele>
   </trkpt>
   <trkpt lat="45.4474600" lon="6.2830199">
    <ele>372</ele>
   </trkpt>
   <trkpt lat="45.4479800" lon="6.2831900">
    <ele>374</ele>
   </trkpt>
   <trkpt lat="45.4482799" lon="6.2833600">
    <ele>373</ele>
   </trkpt>
   <trkpt lat="45.4485800" lon="6.2835800">
    <ele>376</ele>
   </trkpt>
   <trkpt lat="45.4487900" lon="6.2837300">
    <ele>377</ele>
   </trkpt>
   <trkpt lat="45.4489400" lon="6.2838200">
    <ele>377</ele>
   </trkpt>
   <trkpt lat="45.4498400" lon="6.2841900">
    <ele>379</ele>
   </trkpt>
   <trkpt lat="45.4500000" lon="6.2842800">
    <ele>379</ele>
   </trkpt>
   <trkpt lat="45.4501800" lon="6.2844300">
    <ele>379</ele>
   </trkpt>
   <trkpt lat="45.4502700" lon="6.2844900">
    <ele>379</ele>
   </trkpt>
   <trkpt lat="45.4504800" lon="6.2846200">
    <ele>379</ele>
   </trkpt>
   <trkpt lat="45.4508500" lon="6.2848600">
    <ele>376</ele>
   </trkpt>
   <trkpt lat="45.4511800" lon="6.2850600">
    <ele>376</ele>
   </trkpt>
   <trkpt lat="45.4513500" lon="6.2851200">
    <ele>377</ele>
   </trkpt>
   <trkpt lat="45.4517900" lon="6.2852400">
    <ele>382</ele>
   </trkpt>
   <trkpt lat="45.4519300" lon="6.2853000">
    <ele>383</ele>
   </trkpt>
   <trkpt lat="45.4524500" lon="6.2856400">
    <ele>380</ele>
   </trkpt>
   <trkpt lat="45.4526500" lon="6.2857200">
    <ele>381</ele>
   </trkpt>
   <trkpt lat="45.4529100" lon="6.2857900">
    <ele>385</ele>
   </trkpt>
   <trkpt lat="45.4530900" lon="6.2858900">
    <ele>387</ele>
   </trkpt>
   <trkpt lat="45.4532200" lon="6.2859999">
    <ele>387</ele>
   </trkpt>
   <trkpt lat="45.4534600" lon="6.2862000">
    <ele>387</ele>
   </trkpt>
   <trkpt lat="45.4536800" lon="6.2864100">
    <ele>386</ele>
   </trkpt>
   <trkpt lat="45.4540700" lon="6.2869400">
    <ele>383</ele>
   </trkpt>
   <trkpt lat="45.4543100" lon="6.2873300">
    <ele>382</ele>
   </trkpt>
   <trkpt lat="45.4544100" lon="6.2875400">
    <ele>381</ele>
   </trkpt>
   <trkpt lat="45.4546300" lon="6.2880300">
    <ele>377</ele>
   </trkpt>
   <trkpt lat="45.4546900" lon="6.2881300">
    <ele>376</ele>
   </trkpt>
   <trkpt lat="45.4547700" lon="6.2882200">
    <ele>375</ele>
   </trkpt>
   <trkpt lat="45.4548800" lon="6.2883100">
    <ele>374</ele>
   </trkpt>
   <trkpt lat="45.4550000" lon="6.2883900">
    <ele>373</ele>
   </trkpt>
   <trkpt lat="45.4551700" lon="6.2885200">
    <ele>378</ele>
   </trkpt>
   <trkpt lat="45.4553200" lon="6.2886700">
    <ele>381</ele>
   </trkpt>
   <trkpt lat="45.4557400" lon="6.2892300">
    <ele>379</ele>
   </trkpt>
   <trkpt lat="45.4559300" lon="6.2894600">
    <ele>379</ele>
   </trkpt>
   <trkpt lat="45.4560000" lon="6.2895300">
    <ele>380</ele>
   </trkpt>
   <trkpt lat="45.4560900" lon="6.2896000">
    <ele>380</ele>
   </trkpt>
   <trkpt lat="45.4564499" lon="6.2897800">
    <ele>382</ele>
   </trkpt>
   <trkpt lat="45.4566800" lon="6.2899200">
    <ele>380</ele>
   </trkpt>
   <trkpt lat="45.4569199" lon="6.2901000">
    <ele>388</ele>
   </trkpt>
   <trkpt lat="45.4570400" lon="6.2901999">
    <ele>391</ele>
   </trkpt>
   <trkpt lat="45.4574799" lon="6.2906900">
    <ele>386</ele>
   </trkpt>
   <trkpt lat="45.4579200" lon="6.2911200">
    <ele>386</ele>
   </trkpt>
   <trkpt lat="45.4580600" lon="6.2912400">
    <ele>385</ele>
   </trkpt>
   <trkpt lat="45.4581900" lon="6.2913200">
    <ele>385</ele>
   </trkpt>
   <trkpt lat="45.4583700" lon="6.2913900">
    <ele>384</ele>
   </trkpt>
   <trkpt lat="45.4585200" lon="6.2914300">
    <ele>382</ele>
   </trkpt>
   <trkpt lat="45.4588500" lon="6.2914700">
    <ele>380</ele>
   </trkpt>
   <trkpt lat="45.4592400" lon="6.2914800">
    <ele>379</ele>
   </trkpt>
   <trkpt lat="45.4596200" lon="6.2914600">
    <ele>376</ele>
   </trkpt>
   <trkpt lat="45.4599700" lon="6.2913500">
    <ele>376</ele>
   </trkpt>
   <trkpt lat="45.4603500" lon="6.2913200">
    <ele>372</ele>
   </trkpt>
   <trkpt lat="45.4604900" lon="6.2912900">
    <ele>370</ele>
   </trkpt>
   <trkpt lat="45.4607000" lon="6.2912300">
    <ele>368</ele>
   </trkpt>
   <trkpt lat="45.4607900" lon="6.2912000">
    <ele>366</ele>
   </trkpt>
   <trkpt lat="45.4608800" lon="6.2911600">
    <ele>365</ele>
   </trkpt>
   <trkpt lat="45.4610800" lon="6.2910300">
    <ele>365</ele>
   </trkpt>
   <trkpt lat="45.4611900" lon="6.2909499">
    <ele>365</ele>
   </trkpt>
   <trkpt lat="45.4612500" lon="6.2908700">
    <ele>365</ele>
   </trkpt>
   <trkpt lat="45.4612800" lon="6.2907900">
    <ele>366</ele>
   </trkpt>
   <trkpt lat="45.4612800" lon="6.2907300">
    <ele>367</ele>
   </trkpt>
   <trkpt lat="45.4612700" lon="6.2905500">
    <ele>371</ele>
   </trkpt>
   <trkpt lat="45.4612300" lon="6.2904700">
    <ele>374</ele>
   </trkpt>
   <trkpt lat="45.4610500" lon="6.2905700">
    <ele>375</ele>
   </trkpt>
   <trkpt lat="45.4609200" lon="6.2906700">
    <ele>373</ele>
   </trkpt>
   <trkpt lat="45.4608500" lon="6.2907400">
    <ele>371</ele>
   </trkpt>
   <trkpt lat="45.4607200" lon="6.2908900">
    <ele>371</ele>
   </trkpt>
   <trkpt lat="45.4606400" lon="6.2910199">
    <ele>372</ele>
   </trkpt>
   <trkpt lat="45.4605500" lon="6.2912100">
    <ele>371</ele>
   </trkpt>
   <trkpt lat="45.4605100" lon="6.2913000">
    <ele>370</ele>
   </trkpt>
   <trkpt lat="45.4604400" lon="6.2915300">
    <ele>366</ele>
   </trkpt>
   <trkpt lat="45.4603899" lon="6.2917500">
    <ele>363</ele>
   </trkpt>
   <trkpt lat="45.4603700" lon="6.2918700">
    <ele>363</ele>
   </trkpt>
   <trkpt lat="45.4603600" lon="6.2920900">
    <ele>364</ele>
   </trkpt>
   <trkpt lat="45.4603600" lon="6.2923300">
    <ele>364</ele>
   </trkpt>
   <trkpt lat="45.4603700" lon="6.2924300">
    <ele>364</ele>
   </trkpt>
   <trkpt lat="45.4603899" lon="6.2926600">
    <ele>364</ele>
   </trkpt>
   <trkpt lat="45.4604100" lon="6.2928900">
    <ele>364</ele>
   </trkpt>
   <trkpt lat="45.4604200" lon="6.2929800">
    <ele>364</ele>
   </trkpt>
   <trkpt lat="45.4604200" lon="6.2930900">
    <ele>364</ele>
   </trkpt>
   <trkpt lat="45.4604700" lon="6.2930700">
    <ele>364</ele>
   </trkpt>
   <trkpt lat="45.4605300" lon="6.2930100">
    <ele>364</ele>
   </trkpt>
   <trkpt lat="45.4606800" lon="6.2929500">
    <ele>365</ele>
   </trkpt>
   <trkpt lat="45.4613100" lon="6.2927300">
    <ele>364</ele>
   </trkpt>
   <trkpt lat="45.4618300" lon="6.2925100">
    <ele>363</ele>
   </trkpt>
   <trkpt lat="45.4620200" lon="6.2924600">
    <ele>363</ele>
   </trkpt>
   <trkpt lat="45.4623599" lon="6.2924100">
    <ele>364</ele>
   </trkpt>
   <trkpt lat="45.4624000" lon="6.2924400">
    <ele>364</ele>
   </trkpt>
   <trkpt lat="45.4630900" lon="6.2922900">
    <ele>363</ele>
   </trkpt>
   <trkpt lat="45.4640700" lon="6.2921300">
    <ele>364</ele>
   </trkpt>
   <trkpt lat="45.4658900" lon="6.2917700">
    <ele>372</ele>
   </trkpt>
   <trkpt lat="45.4670500" lon="6.2915599">
    <ele>374</ele>
   </trkpt>
   <trkpt lat="45.4694000" lon="6.2912300">
    <ele>361</ele>
   </trkpt>
   <trkpt lat="45.4699700" lon="6.2911300">
    <ele>360</ele>
   </trkpt>
   <trkpt lat="45.4703900" lon="6.2910899">
    <ele>359</ele>
   </trkpt>
   <trkpt lat="45.4707600" lon="6.2912100">
    <ele>357</ele>
   </trkpt>
   <trkpt lat="45.4707700" lon="6.2912400">
    <ele>357</ele>
   </trkpt>
   <trkpt lat="45.4708200" lon="6.2912800">
    <ele>357</ele>
   </trkpt>
   <trkpt lat="45.4708200" lon="6.2917200">
    <ele>357</ele>
   </trkpt>
   <trkpt lat="45.4708200" lon="6.2917500">
    <ele>357</ele>
   </trkpt>
   <trkpt lat="45.4708600" lon="6.2918000">
    <ele>357</ele>
   </trkpt>
   <trkpt lat="45.4710100" lon="6.2918700">
    <ele>357</ele>
   </trkpt>
   <trkpt lat="45.4717000" lon="6.2922900">
    <ele>356</ele>
   </trkpt>
   <trkpt lat="45.4730900" lon="6.2931200">
    <ele>357</ele>
   </trkpt>
   <trkpt lat="45.4733400" lon="6.2933000">
    <ele>357</ele>
   </trkpt>
   <trkpt lat="45.4734399" lon="6.2934100">
    <ele>357</ele>
   </trkpt>
   <trkpt lat="45.4735600" lon="6.2935600">
    <ele>357</ele>
   </trkpt>
   <trkpt lat="45.4737200" lon="6.2939800">
    <ele>357</ele>
   </trkpt>
   <trkpt lat="45.4739600" lon="6.2948400">
    <ele>362</ele>
   </trkpt>
   <trkpt lat="45.4741100" lon="6.2953100">
    <ele>373</ele>
   </trkpt>
   <trkpt lat="45.4742700" lon="6.2956000">
    <ele>378</ele>
   </trkpt>
   <trkpt lat="45.4746800" lon="6.2961300">
    <ele>376</ele>
   </trkpt>
   <trkpt lat="45.4750600" lon="6.2965000">
    <ele>366</ele>
   </trkpt>
   <trkpt lat="45.4773300" lon="6.2984300">
    <ele>361</ele>
   </trkpt>
   <trkpt lat="45.4782800" lon="6.2992100">
    <ele>364</ele>
   </trkpt>
   <trkpt lat="45.4785100" lon="6.2994100">
    <ele>367</ele>
   </trkpt>
   <trkpt lat="45.4787600" lon="6.2995500">
    <ele>366</ele>
   </trkpt>
   <trkpt lat="45.4789600" lon="6.2996000">
    <ele>362</ele>
   </trkpt>
   <trkpt lat="45.4790800" lon="6.2996200">
    <ele>359</ele>
   </trkpt>
   <trkpt lat="45.4801000" lon="6.2996600">
    <ele>355</ele>
   </trkpt>
   <trkpt lat="45.4802800" lon="6.2996800">
    <ele>355</ele>
   </trkpt>
   <trkpt lat="45.4803799" lon="6.2997100">
    <ele>355</ele>
   </trkpt>
   <trkpt lat="45.4812100" lon="6.3002100">
    <ele>356</ele>
   </trkpt>
   <trkpt lat="45.4819800" lon="6.3004500">
    <ele>358</ele>
   </trkpt>
   <trkpt lat="45.4822900" lon="6.3004900">
    <ele>358</ele>
   </trkpt>
   <trkpt lat="45.4824300" lon="6.3005300">
    <ele>358</ele>
   </trkpt>
   <trkpt lat="45.4826200" lon="6.3005900">
    <ele>358</ele>
   </trkpt>
   <trkpt lat="45.4830700" lon="6.3008100">
    <ele>359</ele>
   </trkpt>
   <trkpt lat="45.4835600" lon="6.3010200">
    <ele>359</ele>
   </trkpt>
   <trkpt lat="45.4838300" lon="6.3011500">
    <ele>358</ele>
   </trkpt>
   <trkpt lat="45.4840800" lon="6.3013000">
    <ele>358</ele>
   </trkpt>
   <trkpt lat="45.4844800" lon="6.3015200">
    <ele>356</ele>
   </trkpt>
   <trkpt lat="45.4847899" lon="6.3017500">
    <ele>353</ele>
   </trkpt>
   <trkpt lat="45.4853200" lon="6.3021800">
    <ele>350</ele>
   </trkpt>
   <trkpt lat="45.4858600" lon="6.3026600">
    <ele>349</ele>
   </trkpt>
   <trkpt lat="45.4860000" lon="6.3027400">
    <ele>349</ele>
   </trkpt>
   <trkpt lat="45.4861500" lon="6.3027800">
    <ele>349</ele>
   </trkpt>
   <trkpt lat="45.4862100" lon="6.3027700">
    <ele>349</ele>
   </trkpt>
   <trkpt lat="45.4862400" lon="6.3027400">
    <ele>349</ele>
   </trkpt>
   <trkpt lat="45.4863500" lon="6.3025900">
    <ele>349</ele>
   </trkpt>
   <trkpt lat="45.4865000" lon="6.3024300">
    <ele>349</ele>
   </trkpt>
   <trkpt lat="45.4866300" lon="6.3023200">
    <ele>349</ele>
   </trkpt>
   <trkpt lat="45.4867900" lon="6.3021200">
    <ele>348</ele>
   </trkpt>
   <trkpt lat="45.4868200" lon="6.3021700">
    <ele>348</ele>
   </trkpt>
   <trkpt lat="45.4868600" lon="6.3022100">
    <ele>348</ele>
   </trkpt>
   <trkpt lat="45.4869000" lon="6.3022400">
    <ele>348</ele>
   </trkpt>
   <trkpt lat="45.4871500" lon="6.3023400">
    <ele>348</ele>
   </trkpt>
   <trkpt lat="45.4872600" lon="6.3023999">
    <ele>348</ele>
   </trkpt>
   <trkpt lat="45.4882300" lon="6.3030500">
    <ele>347</ele>
   </trkpt>
   <trkpt lat="45.4888300" lon="6.3034600">
    <ele>347</ele>
   </trkpt>
   <trkpt lat="45.4889200" lon="6.3035500">
    <ele>347</ele>
   </trkpt>
   <trkpt lat="45.4890600" lon="6.3037200">
    <ele>347</ele>
   </trkpt>
   <trkpt lat="45.4891200" lon="6.3038100">
    <ele>346</ele>
   </trkpt>
   <trkpt lat="45.4893600" lon="6.3042500">
    <ele>346</ele>
   </trkpt>
   <trkpt lat="45.4894600" lon="6.3044000">
    <ele>347</ele>
   </trkpt>
   <trkpt lat="45.4895600" lon="6.3045200">
    <ele>347</ele>
   </trkpt>
   <trkpt lat="45.4897500" lon="6.3046900">
    <ele>347</ele>
   </trkpt>
   <trkpt lat="45.4901300" lon="6.3049900">
    <ele>347</ele>
   </trkpt>
   <trkpt lat="45.4903100" lon="6.3051000">
    <ele>348</ele>
   </trkpt>
   <trkpt lat="45.4909899" lon="6.3054400">
    <ele>349</ele>
   </trkpt>
   <trkpt lat="45.4911800" lon="6.3055600">
    <ele>349</ele>
   </trkpt>
   <trkpt lat="45.4920199" lon="6.3061400">
    <ele>351</ele>
   </trkpt>
   <trkpt lat="45.4922100" lon="6.3062900">
    <ele>351</ele>
   </trkpt>
   <trkpt lat="45.4923500" lon="6.3064600">
    <ele>352</ele>
   </trkpt>
   <trkpt lat="45.4923900" lon="6.3064500">
    <ele>352</ele>
   </trkpt>
   <trkpt lat="45.4924899" lon="6.3064500">
    <ele>352</ele>
   </trkpt>
   <trkpt lat="45.4925000" lon="6.3064500">
    <ele>352</ele>
   </trkpt>
   <trkpt lat="45.4929800" lon="6.3064600">
    <ele>353</ele>
   </trkpt>
   <trkpt lat="45.4934700" lon="6.3064300">
    <ele>354</ele>
   </trkpt>
   <trkpt lat="45.4942600" lon="6.3062800">
    <ele>353</ele>
   </trkpt>
   <trkpt lat="45.4951200" lon="6.3064000">
    <ele>359</ele>
   </trkpt>
   <trkpt lat="45.4955200" lon="6.3064099">
    <ele>359</ele>
   </trkpt>
   <trkpt lat="45.4959800" lon="6.3065100">
    <ele>359</ele>
   </trkpt>
   <trkpt lat="45.4961399" lon="6.3065400">
    <ele>359</ele>
   </trkpt>
   <trkpt lat="45.4962400" lon="6.3065700">
    <ele>360</ele>
   </trkpt>
   <trkpt lat="45.4963900" lon="6.3066100">
    <ele>360</ele>
   </trkpt>
   <trkpt lat="45.4964600" lon="6.3066400">
    <ele>360</ele>
   </trkpt>
   <trkpt lat="45.4967200" lon="6.3067200">
    <ele>360</ele>
   </trkpt>
   <trkpt lat="45.4974800" lon="6.3067500">
    <ele>359</ele>
   </trkpt>
   <trkpt lat="45.4975499" lon="6.3067600">
    <ele>359</ele>
   </trkpt>
   <trkpt lat="45.4982000" lon="6.3068600">
    <ele>355</ele>
   </trkpt>
   <trkpt lat="45.4987500" lon="6.3070600">
    <ele>350</ele>
   </trkpt>
   <trkpt lat="45.4988200" lon="6.3071100">
    <ele>350</ele>
   </trkpt>
   <trkpt lat="45.4991000" lon="6.3073200">
    <ele>348</ele>
   </trkpt>
   <trkpt lat="45.4996200" lon="6.3078300">
    <ele>344</ele>
   </trkpt>
   <trkpt lat="45.5003300" lon="6.3091000">
    <ele>344</ele>
   </trkpt>
   <trkpt lat="45.5007499" lon="6.3094599">
    <ele>342</ele>
   </trkpt>
   <trkpt lat="45.5012900" lon="6.3097400">
    <ele>341</ele>
   </trkpt>
   <trkpt lat="45.5014899" lon="6.3099299">
    <ele>341</ele>
   </trkpt>
   <trkpt lat="45.5016300" lon="6.3101400">
    <ele>342</ele>
   </trkpt>
   <trkpt lat="45.5018699" lon="6.3103500">
    <ele>343</ele>
   </trkpt>
   <trkpt lat="45.5019400" lon="6.3103900">
    <ele>343</ele>
   </trkpt>
   <trkpt lat="45.5025300" lon="6.3110799">
    <ele>346</ele>
   </trkpt>
   <trkpt lat="45.5029800" lon="6.3117400">
    <ele>344</ele>
   </trkpt>
   <trkpt lat="45.5034100" lon="6.3126200">
    <ele>344</ele>
   </trkpt>
   <trkpt lat="45.5037300" lon="6.3128700">
    <ele>343</ele>
   </trkpt>
   <trkpt lat="45.5039100" lon="6.3130100">
    <ele>343</ele>
   </trkpt>
   <trkpt lat="45.5039200" lon="6.3130100">
    <ele>343</ele>
   </trkpt>
   <trkpt lat="45.5064600" lon="6.3149900">
    <ele>341</ele>
   </trkpt>
   <trkpt lat="45.5074300" lon="6.3157800">
    <ele>341</ele>
   </trkpt>
   <trkpt lat="45.5077200" lon="6.3161100">
    <ele>341</ele>
   </trkpt>
   <trkpt lat="45.5077400" lon="6.3161800">
    <ele>342</ele>
   </trkpt>
   <trkpt lat="45.5077400" lon="6.3162700">
    <ele>342</ele>
   </trkpt>
   <trkpt lat="45.5078600" lon="6.3162600">
    <ele>341</ele>
   </trkpt>
   <trkpt lat="45.5081100" lon="6.3163100">
    <ele>341</ele>
   </trkpt>
   <trkpt lat="45.5088900" lon="6.3163700">
    <ele>340</ele>
   </trkpt>
   <trkpt lat="45.5092200" lon="6.3163700">
    <ele>340</ele>
   </trkpt>
   <trkpt lat="45.5093600" lon="6.3163600">
    <ele>340</ele>
   </trkpt>
   <trkpt lat="45.5097100" lon="6.3162500">
    <ele>341</ele>
   </trkpt>
   <trkpt lat="45.5102000" lon="6.3160600">
    <ele>341</ele>
   </trkpt>
   <trkpt lat="45.5107900" lon="6.3158000">
    <ele>342</ele>
   </trkpt>
   <trkpt lat="45.5110400" lon="6.3157600">
    <ele>342</ele>
   </trkpt>
   <trkpt lat="45.5115500" lon="6.3157100">
    <ele>342</ele>
   </trkpt>
   <trkpt lat="45.5119000" lon="6.3155100">
    <ele>341</ele>
   </trkpt>
   <trkpt lat="45.5122000" lon="6.3153100">
    <ele>340</ele>
   </trkpt>
   <trkpt lat="45.5123900" lon="6.3152100">
    <ele>339</ele>
   </trkpt>
   <trkpt lat="45.5125000" lon="6.3151600">
    <ele>339</ele>
   </trkpt>
   <trkpt lat="45.5125900" lon="6.3151400">
    <ele>339</ele>
   </trkpt>
   <trkpt lat="45.5132400" lon="6.3150600">
    <ele>342</ele>
   </trkpt>
   <trkpt lat="45.5133300" lon="6.3150700">
    <ele>342</ele>
   </trkpt>
   <trkpt lat="45.5134200" lon="6.3151200">
    <ele>343</ele>
   </trkpt>
   <trkpt lat="45.5134800" lon="6.3152100">
    <ele>343</ele>
   </trkpt>
   <trkpt lat="45.5135200" lon="6.3153100">
    <ele>344</ele>
   </trkpt>
   <trkpt lat="45.5135500" lon="6.3155200">
    <ele>345</ele>
   </trkpt>
   <trkpt lat="45.5135700" lon="6.3156900">
    <ele>346</ele>
   </trkpt>
   <trkpt lat="45.5136400" lon="6.3167700">
    <ele>351</ele>
   </trkpt>
   <trkpt lat="45.5136200" lon="6.3172800">
    <ele>353</ele>
   </trkpt>
   <trkpt lat="45.5133600" lon="6.3191700">
    <ele>363</ele>
   </trkpt>
   <trkpt lat="45.5133400" lon="6.3193800">
    <ele>364</ele>
   </trkpt>
   <trkpt lat="45.5133600" lon="6.3195400">
    <ele>364</ele>
   </trkpt>
   <trkpt lat="45.5134600" lon="6.3196700">
    <ele>365</ele>
   </trkpt>
   <trkpt lat="45.5135900" lon="6.3197700">
    <ele>366</ele>
   </trkpt>
   <trkpt lat="45.5145100" lon="6.3202700">
    <ele>372</ele>
   </trkpt>
   <trkpt lat="45.5147100" lon="6.3203699">
    <ele>373</ele>
   </trkpt>
   <trkpt lat="45.5149800" lon="6.3205100">
    <ele>375</ele>
   </trkpt>
   <trkpt lat="45.5152200" lon="6.3206400">
    <ele>375</ele>
   </trkpt>
   <trkpt lat="45.5153000" lon="6.3206600">
    <ele>376</ele>
   </trkpt>
   <trkpt lat="45.5154200" lon="6.3206700">
    <ele>376</ele>
   </trkpt>
   <trkpt lat="45.5157100" lon="6.3206100">
    <ele>375</ele>
   </trkpt>
   <trkpt lat="45.5158900" lon="6.3205400">
    <ele>375</ele>
   </trkpt>
   <trkpt lat="45.5160800" lon="6.3203400">
    <ele>372</ele>
   </trkpt>
   <trkpt lat="45.5162300" lon="6.3202100">
    <ele>370</ele>
   </trkpt>
   <trkpt lat="45.5163700" lon="6.3201500">
    <ele>369</ele>
   </trkpt>
   <trkpt lat="45.5165500" lon="6.3201400">
    <ele>367</ele>
   </trkpt>
   <trkpt lat="45.5173599" lon="6.3203100">
    <ele>370</ele>
   </trkpt>
   <trkpt lat="45.5175100" lon="6.3203400">
    <ele>371</ele>
   </trkpt>
   <trkpt lat="45.5176400" lon="6.3203100">
    <ele>373</ele>
   </trkpt>
   <trkpt lat="45.5177900" lon="6.3201800">
    <ele>373</ele>
   </trkpt>
   <trkpt lat="45.5181300" lon="6.3198700">
    <ele>369</ele>
   </trkpt>
   <trkpt lat="45.5184600" lon="6.3194500">
    <ele>369</ele>
   </trkpt>
   <trkpt lat="45.5185500" lon="6.3191700">
    <ele>366</ele>
   </trkpt>
   <trkpt lat="45.5186599" lon="6.3185800">
    <ele>358</ele>
   </trkpt>
   <trkpt lat="45.5187900" lon="6.3183500">
    <ele>355</ele>
   </trkpt>
   <trkpt lat="45.5189300" lon="6.3182300">
    <ele>355</ele>
   </trkpt>
   <trkpt lat="45.5191700" lon="6.3181500">
    <ele>356</ele>
   </trkpt>
   <trkpt lat="45.5193600" lon="6.3181200">
    <ele>362</ele>
   </trkpt>
   <trkpt lat="45.5195700" lon="6.3180100">
    <ele>365</ele>
   </trkpt>
   <trkpt lat="45.5197600" lon="6.3178300">
    <ele>360</ele>
   </trkpt>
   <trkpt lat="45.5199400" lon="6.3177000">
    <ele>355</ele>
   </trkpt>
   <trkpt lat="45.5205800" lon="6.3174200">
    <ele>352</ele>
   </trkpt>
   <trkpt lat="45.5212500" lon="6.3172700">
    <ele>363</ele>
   </trkpt>
   <trkpt lat="45.5219499" lon="6.3169600">
    <ele>355</ele>
   </trkpt>
   <trkpt lat="45.5224700" lon="6.3166200">
    <ele>346</ele>
   </trkpt>
   <trkpt lat="45.5231800" lon="6.3164999">
    <ele>336</ele>
   </trkpt>
   <trkpt lat="45.5233800" lon="6.3164900">
    <ele>334</ele>
   </trkpt>
   <trkpt lat="45.5235600" lon="6.3165400">
    <ele>333</ele>
   </trkpt>
   <trkpt lat="45.5237600" lon="6.3166399">
    <ele>333</ele>
   </trkpt>
   <trkpt lat="45.5254700" lon="6.3177600">
    <ele>331</ele>
   </trkpt>
   <trkpt lat="45.5256400" lon="6.3178200">
    <ele>331</ele>
   </trkpt>
   <trkpt lat="45.5257500" lon="6.3178300">
    <ele>331</ele>
   </trkpt>
   <trkpt lat="45.5278000" lon="6.3179700">
    <ele>332</ele>
   </trkpt>
   <trkpt lat="45.5289500" lon="6.3179299">
    <ele>329</ele>
   </trkpt>
   <trkpt lat="45.5293800" lon="6.3179600">
    <ele>328</ele>
   </trkpt>
   <trkpt lat="45.5295200" lon="6.3179700">
    <ele>327</ele>
   </trkpt>
   <trkpt lat="45.5301700" lon="6.3180100">
    <ele>327</ele>
   </trkpt>
   <trkpt lat="45.5302800" lon="6.3180100">
    <ele>328</ele>
   </trkpt>
   <trkpt lat="45.5303700" lon="6.3180200">
    <ele>328</ele>
   </trkpt>
   <trkpt lat="45.5304200" lon="6.3179999">
    <ele>329</ele>
   </trkpt>
   <trkpt lat="45.5304700" lon="6.3179800">
    <ele>329</ele>
   </trkpt>
   <trkpt lat="45.5305000" lon="6.3179700">
    <ele>329</ele>
   </trkpt>
   <trkpt lat="45.5305899" lon="6.3179400">
    <ele>329</ele>
   </trkpt>
   <trkpt lat="45.5307200" lon="6.3178100">
    <ele>329</ele>
   </trkpt>
   <trkpt lat="45.5308599" lon="6.3177899">
    <ele>329</ele>
   </trkpt>
   <trkpt lat="45.5310200" lon="6.3178599">
    <ele>330</ele>
   </trkpt>
   <trkpt lat="45.5312900" lon="6.3178300">
    <ele>330</ele>
   </trkpt>
   <trkpt lat="45.5319800" lon="6.3177500">
    <ele>329</ele>
   </trkpt>
   <trkpt lat="45.5321200" lon="6.3177300">
    <ele>329</ele>
   </trkpt>
   <trkpt lat="45.5324400" lon="6.3176900">
    <ele>329</ele>
   </trkpt>
   <trkpt lat="45.5325000" lon="6.3176800">
    <ele>329</ele>
   </trkpt>
   <trkpt lat="45.5333400" lon="6.3175800">
    <ele>328</ele>
   </trkpt>
   <trkpt lat="45.5338000" lon="6.3175300">
    <ele>330</ele>
   </trkpt>
   <trkpt lat="45.5340200" lon="6.3174900">
    <ele>331</ele>
   </trkpt>
   <trkpt lat="45.5340900" lon="6.3174800">
    <ele>331</ele>
   </trkpt>
   <trkpt lat="45.5342000" lon="6.3174600">
    <ele>332</ele>
   </trkpt>
   <trkpt lat="45.5347400" lon="6.3173600">
    <ele>335</ele>
   </trkpt>
   <trkpt lat="45.5353000" lon="6.3172000">
    <ele>337</ele>
   </trkpt>
   <trkpt lat="45.5358000" lon="6.3170500">
    <ele>339</ele>
   </trkpt>
   <trkpt lat="45.5363100" lon="6.3168700">
    <ele>333</ele>
   </trkpt>
   <trkpt lat="45.5364700" lon="6.3168200">
    <ele>332</ele>
   </trkpt>
   <trkpt lat="45.5367100" lon="6.3167900">
    <ele>331</ele>
   </trkpt>
   <trkpt lat="45.5369300" lon="6.3167700">
    <ele>330</ele>
   </trkpt>
   <trkpt lat="45.5371400" lon="6.3167700">
    <ele>330</ele>
   </trkpt>
   <trkpt lat="45.5373700" lon="6.3168000">
    <ele>331</ele>
   </trkpt>
   <trkpt lat="45.5384200" lon="6.3170900">
    <ele>332</ele>
   </trkpt>
   <trkpt lat="45.5385599" lon="6.3171099">
    <ele>332</ele>
   </trkpt>
   <trkpt lat="45.5389700" lon="6.3170100">
    <ele>330</ele>
   </trkpt>
   <trkpt lat="45.5392000" lon="6.3169200">
    <ele>329</ele>
   </trkpt>
   <trkpt lat="45.5393500" lon="6.3168300">
    <ele>328</ele>
   </trkpt>
   <trkpt lat="45.5394600" lon="6.3167500">
    <ele>328</ele>
   </trkpt>
   <trkpt lat="45.5396600" lon="6.3165600">
    <ele>328</ele>
   </trkpt>
   <trkpt lat="45.5396700" lon="6.3165500">
    <ele>328</ele>
   </trkpt>
   <trkpt lat="45.5401600" lon="6.3159100">
    <ele>325</ele>
   </trkpt>
   <trkpt lat="45.5402300" lon="6.3158400">
    <ele>325</ele>
   </trkpt>
   <trkpt lat="45.5404900" lon="6.3156400">
    <ele>324</ele>
   </trkpt>
   <trkpt lat="45.5415400" lon="6.3149300">
    <ele>326</ele>
   </trkpt>
   <trkpt lat="45.5417200" lon="6.3147900">
    <ele>326</ele>
   </trkpt>
   <trkpt lat="45.5418900" lon="6.3146800">
    <ele>325</ele>
   </trkpt>
   <trkpt lat="45.5420700" lon="6.3145600">
    <ele>325</ele>
   </trkpt>
   <trkpt lat="45.5421800" lon="6.3144000">
    <ele>325</ele>
   </trkpt>
   <trkpt lat="45.5422500" lon="6.3141900">
    <ele>325</ele>
   </trkpt>
   <trkpt lat="45.5422900" lon="6.3140599">
    <ele>325</ele>
   </trkpt>
   <trkpt lat="45.5423600" lon="6.3135899">
    <ele>327</ele>
   </trkpt>
   <trkpt lat="45.5424999" lon="6.3124399">
    <ele>326</ele>
   </trkpt>
   <trkpt lat="45.5425400" lon="6.3122900">
    <ele>326</ele>
   </trkpt>
   <trkpt lat="45.5426200" lon="6.3121200">
    <ele>327</ele>
   </trkpt>
   <trkpt lat="45.5427899" lon="6.3118900">
    <ele>327</ele>
   </trkpt>
   <trkpt lat="45.5429300" lon="6.3117500">
    <ele>328</ele>
   </trkpt>
   <trkpt lat="45.5430400" lon="6.3116700">
    <ele>328</ele>
   </trkpt>
   <trkpt lat="45.5431600" lon="6.3115800">
    <ele>328</ele>
   </trkpt>
   <trkpt lat="45.5432700" lon="6.3114700">
    <ele>328</ele>
   </trkpt>
   <trkpt lat="45.5434100" lon="6.3112899">
    <ele>328</ele>
   </trkpt>
   <trkpt lat="45.5435299" lon="6.3111499">
    <ele>329</ele>
   </trkpt>
   <trkpt lat="45.5436100" lon="6.3110600">
    <ele>329</ele>
   </trkpt>
   <trkpt lat="45.5437700" lon="6.3108500">
    <ele>328</ele>
   </trkpt>
   <trkpt lat="45.5437800" lon="6.3108300">
    <ele>328</ele>
   </trkpt>
   <trkpt lat="45.5438400" lon="6.3107500">
    <ele>328</ele>
   </trkpt>
   <trkpt lat="45.5440400" lon="6.3103900">
    <ele>327</ele>
   </trkpt>
   <trkpt lat="45.5441999" lon="6.3101200">
    <ele>326</ele>
   </trkpt>
   <trkpt lat="45.5442800" lon="6.3100200">
    <ele>326</ele>
   </trkpt>
   <trkpt lat="45.5444800" lon="6.3097300">
    <ele>326</ele>
   </trkpt>
   <trkpt lat="45.5445700" lon="6.3096200">
    <ele>326</ele>
   </trkpt>
   <trkpt lat="45.5446000" lon="6.3095200">
    <ele>326</ele>
   </trkpt>
   <trkpt lat="45.5446000" lon="6.3094599">
    <ele>326</ele>
   </trkpt>
   <trkpt lat="45.5445700" lon="6.3093600">
    <ele>325</ele>
   </trkpt>
   <trkpt lat="45.5445300" lon="6.3092800">
    <ele>325</ele>
   </trkpt>
   <trkpt lat="45.5444100" lon="6.3091200">
    <ele>324</ele>
   </trkpt>
   <trkpt lat="45.5448000" lon="6.3085900">
    <ele>324</ele>
   </trkpt>
   <trkpt lat="45.5448700" lon="6.3085500">
    <ele>324</ele>
   </trkpt>
   <trkpt lat="45.5449300" lon="6.3085300">
    <ele>324</ele>
   </trkpt>
   <trkpt lat="45.5451300" lon="6.3085300">
    <ele>325</ele>
   </trkpt>
   <trkpt lat="45.5451900" lon="6.3084900">
    <ele>326</ele>
   </trkpt>
   <trkpt lat="45.5452800" lon="6.3083200">
    <ele>327</ele>
   </trkpt>
   <trkpt lat="45.5453300" lon="6.3082200">
    <ele>327</ele>
   </trkpt>
   <trkpt lat="45.5454000" lon="6.3081300">
    <ele>328</ele>
   </trkpt>
   <trkpt lat="45.5454800" lon="6.3080600">
    <ele>329</ele>
   </trkpt>
   <trkpt lat="45.5457899" lon="6.3078700">
    <ele>333</ele>
   </trkpt>
   <trkpt lat="45.5458400" lon="6.3078300">
    <ele>333</ele>
   </trkpt>
   <trkpt lat="45.5458900" lon="6.3077800">
    <ele>334</ele>
   </trkpt>
   <trkpt lat="45.5460000" lon="6.3076299">
    <ele>334</ele>
   </trkpt>
   <trkpt lat="45.5460500" lon="6.3075599">
    <ele>334</ele>
   </trkpt>
   <trkpt lat="45.5460700" lon="6.3075400">
    <ele>334</ele>
   </trkpt>
   <trkpt lat="45.5461500" lon="6.3074300">
    <ele>335</ele>
   </trkpt>
   <trkpt lat="45.5462599" lon="6.3073200">
    <ele>335</ele>
   </trkpt>
   <trkpt lat="45.5463499" lon="6.3072400">
    <ele>336</ele>
   </trkpt>
   <trkpt lat="45.5464399" lon="6.3071500">
    <ele>336</ele>
   </trkpt>
   <trkpt lat="45.5465700" lon="6.3070600">
    <ele>337</ele>
   </trkpt>
   <trkpt lat="45.5467000" lon="6.3069800">
    <ele>338</ele>
   </trkpt>
   <trkpt lat="45.5468400" lon="6.3068500">
    <ele>339</ele>
   </trkpt>
   <trkpt lat="45.5471100" lon="6.3065400">
    <ele>339</ele>
   </trkpt>
   <trkpt lat="45.5472300" lon="6.3064099">
    <ele>339</ele>
   </trkpt>
   <trkpt lat="45.5475400" lon="6.3061100">
    <ele>338</ele>
   </trkpt>
   <trkpt lat="45.5475900" lon="6.3060600">
    <ele>338</ele>
   </trkpt>
   <trkpt lat="45.5476400" lon="6.3060100">
    <ele>337</ele>
   </trkpt>
   <trkpt lat="45.5476699" lon="6.3060000">
    <ele>337</ele>
   </trkpt>
   <trkpt lat="45.5478000" lon="6.3059600">
    <ele>337</ele>
   </trkpt>
   <trkpt lat="45.5480200" lon="6.3058700">
    <ele>336</ele>
   </trkpt>
   <trkpt lat="45.5484000" lon="6.3057299">
    <ele>336</ele>
   </trkpt>
   <trkpt lat="45.5486200" lon="6.3056400">
    <ele>336</ele>
   </trkpt>
   <trkpt lat="45.5489600" lon="6.3054900">
    <ele>337</ele>
   </trkpt>
   <trkpt lat="45.5491800" lon="6.3054000">
    <ele>338</ele>
   </trkpt>
   <trkpt lat="45.5494100" lon="6.3053000">
    <ele>339</ele>
   </trkpt>
   <trkpt lat="45.5495900" lon="6.3052200">
    <ele>340</ele>
   </trkpt>
   <trkpt lat="45.5501800" lon="6.3049900">
    <ele>342</ele>
   </trkpt>
   <trkpt lat="45.5505400" lon="6.3047200">
    <ele>341</ele>
   </trkpt>
   <trkpt lat="45.5510000" lon="6.3044100">
    <ele>339</ele>
   </trkpt>
   <trkpt lat="45.5513500" lon="6.3041400">
    <ele>336</ele>
   </trkpt>
   <trkpt lat="45.5521500" lon="6.3035000">
    <ele>333</ele>
   </trkpt>
   <trkpt lat="45.5524000" lon="6.3032100">
    <ele>332</ele>
   </trkpt>
   <trkpt lat="45.5522500" lon="6.3029800">
    <ele>331</ele>
   </trkpt>
   <trkpt lat="45.5524000" lon="6.3032100">
    <ele>332</ele>
   </trkpt>
   <trkpt lat="45.5524900" lon="6.3030300">
    <ele>331</ele>
   </trkpt>
   <trkpt lat="45.5528800" lon="6.3021800">
    <ele>328</ele>
   </trkpt>
   <trkpt lat="45.5540300" lon="6.2996500">
    <ele>325</ele>
   </trkpt>
   <trkpt lat="45.5543300" lon="6.2989700">
    <ele>323</ele>
   </trkpt>
   <trkpt lat="45.5548000" lon="6.2978500">
    <ele>324</ele>
   </trkpt>
   <trkpt lat="45.5554100" lon="6.2966200">
    <ele>326</ele>
   </trkpt>
   <trkpt lat="45.5556800" lon="6.2960200">
    <ele>326</ele>
   </trkpt>
   <trkpt lat="45.5558400" lon="6.2956800">
    <ele>326</ele>
   </trkpt>
   <trkpt lat="45.5563500" lon="6.2945600">
    <ele>338</ele>
   </trkpt>
   <trkpt lat="45.5568000" lon="6.2935800">
    <ele>336</ele>
   </trkpt>
   <trkpt lat="45.5576600" lon="6.2916700">
    <ele>344</ele>
   </trkpt>
   <trkpt lat="45.5578400" lon="6.2913300">
    <ele>346</ele>
   </trkpt>
   <trkpt lat="45.5580400" lon="6.2910199">
    <ele>346</ele>
   </trkpt>
   <trkpt lat="45.5584000" lon="6.2904400">
    <ele>347</ele>
   </trkpt>
   <trkpt lat="45.5585200" lon="6.2902400">
    <ele>351</ele>
   </trkpt>
   <trkpt lat="45.5586800" lon="6.2897800">
    <ele>351</ele>
   </trkpt>
   <trkpt lat="45.5591000" lon="6.2887200">
    <ele>351</ele>
   </trkpt>
   <trkpt lat="45.5591900" lon="6.2882999">
    <ele>347</ele>
   </trkpt>
   <trkpt lat="45.5593000" lon="6.2859600">
    <ele>341</ele>
   </trkpt>
   <trkpt lat="45.5593900" lon="6.2856700">
    <ele>343</ele>
   </trkpt>
   <trkpt lat="45.5595600" lon="6.2853000">
    <ele>346</ele>
   </trkpt>
   <trkpt lat="45.5604400" lon="6.2817200">
    <ele>328</ele>
   </trkpt>
   <trkpt lat="45.5605800" lon="6.2811899">
    <ele>331</ele>
   </trkpt>
   <trkpt lat="45.5606099" lon="6.2810600">
    <ele>331</ele>
   </trkpt>
   <trkpt lat="45.5607100" lon="6.2806900">
    <ele>333</ele>
   </trkpt>
   <trkpt lat="45.5607800" lon="6.2796400">
    <ele>333</ele>
   </trkpt>
   <trkpt lat="45.5607800" lon="6.2788400">
    <ele>334</ele>
   </trkpt>
   <trkpt lat="45.5607700" lon="6.2784200">
    <ele>334</ele>
   </trkpt>
   <trkpt lat="45.5607900" lon="6.2780200">
    <ele>333</ele>
   </trkpt>
   <trkpt lat="45.5608900" lon="6.2771900">
    <ele>335</ele>
   </trkpt>
   <trkpt lat="45.5609300" lon="6.2763900">
    <ele>338</ele>
   </trkpt>
   <trkpt lat="45.5610000" lon="6.2761300">
    <ele>340</ele>
   </trkpt>
   <trkpt lat="45.5612100" lon="6.2758500">
    <ele>346</ele>
   </trkpt>
   <trkpt lat="45.5612900" lon="6.2756700">
    <ele>347</ele>
   </trkpt>
   <trkpt lat="45.5613300" lon="6.2754800">
    <ele>347</ele>
   </trkpt>
   <trkpt lat="45.5614400" lon="6.2753100">
    <ele>349</ele>
   </trkpt>
   <trkpt lat="45.5616200" lon="6.2750600">
    <ele>352</ele>
   </trkpt>
   <trkpt lat="45.5617500" lon="6.2749800">
    <ele>355</ele>
   </trkpt>
   <trkpt lat="45.5618700" lon="6.2748900">
    <ele>357</ele>
   </trkpt>
   <trkpt lat="45.5619100" lon="6.2748100">
    <ele>358</ele>
   </trkpt>
   <trkpt lat="45.5619700" lon="6.2745600">
    <ele>358</ele>
   </trkpt>
   <trkpt lat="45.5620000" lon="6.2745100">
    <ele>358</ele>
   </trkpt>
   <trkpt lat="45.5620500" lon="6.2744900">
    <ele>360</ele>
   </trkpt>
   <trkpt lat="45.5620900" lon="6.2744900">
    <ele>361</ele>
   </trkpt>
   <trkpt lat="45.5621099" lon="6.2745100">
    <ele>362</ele>
   </trkpt>
   <trkpt lat="45.5621300" lon="6.2745600">
    <ele>363</ele>
   </trkpt>
   <trkpt lat="45.5621400" lon="6.2746100">
    <ele>363</ele>
   </trkpt>
   <trkpt lat="45.5621400" lon="6.2746700">
    <ele>363</ele>
   </trkpt>
   <trkpt lat="45.5621099" lon="6.2748400">
    <ele>363</ele>
   </trkpt>
   <trkpt lat="45.5620300" lon="6.2752100">
    <ele>364</ele>
   </trkpt>
   <trkpt lat="45.5620300" lon="6.2753900">
    <ele>365</ele>
   </trkpt>
   <trkpt lat="45.5620900" lon="6.2754800">
    <ele>367</ele>
   </trkpt>
   <trkpt lat="45.5621000" lon="6.2755000">
    <ele>367</ele>
   </trkpt>
   <trkpt lat="45.5621700" lon="6.2755500">
    <ele>369</ele>
   </trkpt>
   <trkpt lat="45.5622500" lon="6.2755300">
    <ele>371</ele>
   </trkpt>
   <trkpt lat="45.5624700" lon="6.2754800">
    <ele>375</ele>
   </trkpt>
   <trkpt lat="45.5626200" lon="6.2754000">
    <ele>379</ele>
   </trkpt>
   <trkpt lat="45.5627400" lon="6.2752600">
    <ele>382</ele>
   </trkpt>
   <trkpt lat="45.5627900" lon="6.2750600">
    <ele>384</ele>
   </trkpt>
   <trkpt lat="45.5627600" lon="6.2746300">
    <ele>383</ele>
   </trkpt>
   <trkpt lat="45.5627500" lon="6.2741200">
    <ele>383</ele>
   </trkpt>
   <trkpt lat="45.5627900" lon="6.2735000">
    <ele>387</ele>
   </trkpt>
   <trkpt lat="45.5626900" lon="6.2729799">
    <ele>386</ele>
   </trkpt>
   <trkpt lat="45.5625700" lon="6.2725099">
    <ele>386</ele>
   </trkpt>
   <trkpt lat="45.5622700" lon="6.2717300">
    <ele>382</ele>
   </trkpt>
   <trkpt lat="45.5621600" lon="6.2713500">
    <ele>381</ele>
   </trkpt>
   <trkpt lat="45.5620100" lon="6.2698400">
    <ele>395</ele>
   </trkpt>
   <trkpt lat="45.5618200" lon="6.2692900">
    <ele>393</ele>
   </trkpt>
   <trkpt lat="45.5617700" lon="6.2690600">
    <ele>393</ele>
   </trkpt>
   <trkpt lat="45.5617300" lon="6.2689100">
    <ele>393</ele>
   </trkpt>
   <trkpt lat="45.5616000" lon="6.2680700">
    <ele>393</ele>
   </trkpt>
   <trkpt lat="45.5615400" lon="6.2674500">
    <ele>395</ele>
   </trkpt>
   <trkpt lat="45.5615700" lon="6.2670400">
    <ele>398</ele>
   </trkpt>
   <trkpt lat="45.5615900" lon="6.2665100">
    <ele>401</ele>
   </trkpt>
   <trkpt lat="45.5616000" lon="6.2663100">
    <ele>402</ele>
   </trkpt>
   <trkpt lat="45.5615900" lon="6.2660700">
    <ele>402</ele>
   </trkpt>
   <trkpt lat="45.5615900" lon="6.2659000">
    <ele>403</ele>
   </trkpt>
   <trkpt lat="45.5615700" lon="6.2654900">
    <ele>404</ele>
   </trkpt>
   <trkpt lat="45.5615700" lon="6.2646900">
    <ele>408</ele>
   </trkpt>
   <trkpt lat="45.5615100" lon="6.2642200">
    <ele>407</ele>
   </trkpt>
   <trkpt lat="45.5613699" lon="6.2636900">
    <ele>405</ele>
   </trkpt>
   <trkpt lat="45.5612700" lon="6.2632899">
    <ele>404</ele>
   </trkpt>
   <trkpt lat="45.5612400" lon="6.2632000">
    <ele>404</ele>
   </trkpt>
   <trkpt lat="45.5611400" lon="6.2627300">
    <ele>404</ele>
   </trkpt>
   <trkpt lat="45.5611300" lon="6.2626500">
    <ele>404</ele>
   </trkpt>
   <trkpt lat="45.5611200" lon="6.2625300">
    <ele>405</ele>
   </trkpt>
   <trkpt lat="45.5611000" lon="6.2619000">
    <ele>407</ele>
   </trkpt>
   <trkpt lat="45.5610700" lon="6.2616300">
    <ele>407</ele>
   </trkpt>
   <trkpt lat="45.5610400" lon="6.2613500">
    <ele>407</ele>
   </trkpt>
   <trkpt lat="45.5609800" lon="6.2608200">
    <ele>408</ele>
   </trkpt>
   <trkpt lat="45.5608999" lon="6.2599500">
    <ele>408</ele>
   </trkpt>
   <trkpt lat="45.5608700" lon="6.2595599">
    <ele>410</ele>
   </trkpt>
   <trkpt lat="45.5608800" lon="6.2594600">
    <ele>411</ele>
   </trkpt>
   <trkpt lat="45.5608800" lon="6.2593900">
    <ele>412</ele>
   </trkpt>
   <trkpt lat="45.5609100" lon="6.2592900">
    <ele>413</ele>
   </trkpt>
   <trkpt lat="45.5610100" lon="6.2590300">
    <ele>416</ele>
   </trkpt>
   <trkpt lat="45.5610300" lon="6.2589400">
    <ele>416</ele>
   </trkpt>
   <trkpt lat="45.5610400" lon="6.2588200">
    <ele>416</ele>
   </trkpt>
   <trkpt lat="45.5610300" lon="6.2584700">
    <ele>415</ele>
   </trkpt>
   <trkpt lat="45.5610100" lon="6.2582000">
    <ele>415</ele>
   </trkpt>
   <trkpt lat="45.5609899" lon="6.2579100">
    <ele>413</ele>
   </trkpt>
   <trkpt lat="45.5609400" lon="6.2576900">
    <ele>412</ele>
   </trkpt>
   <trkpt lat="45.5608200" lon="6.2572800">
    <ele>410</ele>
   </trkpt>
   <trkpt lat="45.5607200" lon="6.2571300">
    <ele>408</ele>
   </trkpt>
   <trkpt lat="45.5606800" lon="6.2571000">
    <ele>407</ele>
   </trkpt>
   <trkpt lat="45.5606700" lon="6.2569800">
    <ele>407</ele>
   </trkpt>
   <trkpt lat="45.5606700" lon="6.2567700">
    <ele>407</ele>
   </trkpt>
   <trkpt lat="45.5606600" lon="6.2567100">
    <ele>407</ele>
   </trkpt>
   <trkpt lat="45.5606300" lon="6.2566200">
    <ele>406</ele>
   </trkpt>
   <trkpt lat="45.5604500" lon="6.2562800">
    <ele>400</ele>
   </trkpt>
   <trkpt lat="45.5601100" lon="6.2557200">
    <ele>394</ele>
   </trkpt>
   <trkpt lat="45.5600700" lon="6.2556300">
    <ele>394</ele>
   </trkpt>
   <trkpt lat="45.5600499" lon="6.2555600">
    <ele>394</ele>
   </trkpt>
   <trkpt lat="45.5600499" lon="6.2555200">
    <ele>393</ele>
   </trkpt>
   <trkpt lat="45.5600700" lon="6.2554100">
    <ele>393</ele>
   </trkpt>
   <trkpt lat="45.5602200" lon="6.2550900">
    <ele>392</ele>
   </trkpt>
   <trkpt lat="45.5602400" lon="6.2550200">
    <ele>391</ele>
   </trkpt>
   <trkpt lat="45.5602500" lon="6.2549700">
    <ele>391</ele>
   </trkpt>
   <trkpt lat="45.5602400" lon="6.2549100">
    <ele>390</ele>
   </trkpt>
   <trkpt lat="45.5602400" lon="6.2548600">
    <ele>389</ele>
   </trkpt>
   <trkpt lat="45.5602500" lon="6.2548000">
    <ele>388</ele>
   </trkpt>
   <trkpt lat="45.5603000" lon="6.2547200">
    <ele>387</ele>
   </trkpt>
   <trkpt lat="45.5603399" lon="6.2547000">
    <ele>386</ele>
   </trkpt>
   <trkpt lat="45.5604100" lon="6.2546900">
    <ele>385</ele>
   </trkpt>
   <trkpt lat="45.5604400" lon="6.2546900">
    <ele>385</ele>
   </trkpt>
   <trkpt lat="45.5609700" lon="6.2548100">
    <ele>385</ele>
   </trkpt>
   <trkpt lat="45.5611700" lon="6.2548100">
    <ele>384</ele>
   </trkpt>
   <trkpt lat="45.5612799" lon="6.2547900">
    <ele>384</ele>
   </trkpt>
   <trkpt lat="45.5613500" lon="6.2547499">
    <ele>382</ele>
   </trkpt>
   <trkpt lat="45.5617000" lon="6.2545000">
    <ele>375</ele>
   </trkpt>
   <trkpt lat="45.5618000" lon="6.2544400">
    <ele>374</ele>
   </trkpt>
   <trkpt lat="45.5619600" lon="6.2543600">
    <ele>373</ele>
   </trkpt>
   <trkpt lat="45.5621200" lon="6.2543300">
    <ele>372</ele>
   </trkpt>
   <trkpt lat="45.5622900" lon="6.2543300">
    <ele>373</ele>
   </trkpt>
   <trkpt lat="45.5625200" lon="6.2543600">
    <ele>374</ele>
   </trkpt>
   <trkpt lat="45.5626100" lon="6.2543600">
    <ele>375</ele>
   </trkpt>
   <trkpt lat="45.5626500" lon="6.2543500">
    <ele>375</ele>
   </trkpt>
   <trkpt lat="45.5626800" lon="6.2543300">
    <ele>374</ele>
   </trkpt>
   <trkpt lat="45.5627100" lon="6.2542700">
    <ele>373</ele>
   </trkpt>
   <trkpt lat="45.5627200" lon="6.2541900">
    <ele>371</ele>
   </trkpt>
   <trkpt lat="45.5627100" lon="6.2541600">
    <ele>370</ele>
   </trkpt>
   <trkpt lat="45.5626700" lon="6.2541200">
    <ele>369</ele>
   </trkpt>
   <trkpt lat="45.5626200" lon="6.2540900">
    <ele>368</ele>
   </trkpt>
   <trkpt lat="45.5620900" lon="6.2540100">
    <ele>364</ele>
   </trkpt>
   <trkpt lat="45.5619000" lon="6.2539400">
    <ele>362</ele>
   </trkpt>
   <trkpt lat="45.5616100" lon="6.2538200">
    <ele>359</ele>
   </trkpt>
   <trkpt lat="45.5614700" lon="6.2537800">
    <ele>358</ele>
   </trkpt>
   <trkpt lat="45.5613500" lon="6.2537700">
    <ele>358</ele>
   </trkpt>
   <trkpt lat="45.5610600" lon="6.2537800">
    <ele>360</ele>
   </trkpt>
   <trkpt lat="45.5609600" lon="6.2537700">
    <ele>360</ele>
   </trkpt>
   <trkpt lat="45.5608700" lon="6.2537300">
    <ele>359</ele>
   </trkpt>
   <trkpt lat="45.5608000" lon="6.2536900">
    <ele>358</ele>
   </trkpt>
   <trkpt lat="45.5603200" lon="6.2532300">
    <ele>353</ele>
   </trkpt>
   <trkpt lat="45.5601300" lon="6.2530100">
    <ele>349</ele>
   </trkpt>
   <trkpt lat="45.5599700" lon="6.2528700">
    <ele>347</ele>
   </trkpt>
   <trkpt lat="45.5598600" lon="6.2527799">
    <ele>344</ele>
   </trkpt>
   <trkpt lat="45.5597300" lon="6.2527100">
    <ele>341</ele>
   </trkpt>
   <trkpt lat="45.5595799" lon="6.2526600">
    <ele>339</ele>
   </trkpt>
   <trkpt lat="45.5595200" lon="6.2526600">
    <ele>339</ele>
   </trkpt>
   <trkpt lat="45.5593900" lon="6.2526900">
    <ele>340</ele>
   </trkpt>
   <trkpt lat="45.5593500" lon="6.2526900">
    <ele>340</ele>
   </trkpt>
   <trkpt lat="45.5593200" lon="6.2526700">
    <ele>339</ele>
   </trkpt>
   <trkpt lat="45.5592900" lon="6.2526300">
    <ele>337</ele>
   </trkpt>
   <trkpt lat="45.5592800" lon="6.2525800">
    <ele>334</ele>
   </trkpt>
   <trkpt lat="45.5592900" lon="6.2525300">
    <ele>332</ele>
   </trkpt>
   <trkpt lat="45.5593000" lon="6.2525000">
    <ele>331</ele>
   </trkpt>
   <trkpt lat="45.5593300" lon="6.2524700">
    <ele>330</ele>
   </trkpt>
   <trkpt lat="45.5593600" lon="6.2524499">
    <ele>330</ele>
   </trkpt>
   <trkpt lat="45.5594700" lon="6.2524300">
    <ele>330</ele>
   </trkpt>
   <trkpt lat="45.5595600" lon="6.2524300">
    <ele>331</ele>
   </trkpt>
   <trkpt lat="45.5597200" lon="6.2524600">
    <ele>333</ele>
   </trkpt>
   <trkpt lat="45.5602200" lon="6.2526300">
    <ele>336</ele>
   </trkpt>
   <trkpt lat="45.5603500" lon="6.2526700">
    <ele>335</ele>
   </trkpt>
   <trkpt lat="45.5605000" lon="6.2526900">
    <ele>333</ele>
   </trkpt>
   <trkpt lat="45.5607200" lon="6.2526900">
    <ele>330</ele>
   </trkpt>
   <trkpt lat="45.5608000" lon="6.2526600">
    <ele>328</ele>
   </trkpt>
   <trkpt lat="45.5608800" lon="6.2526100">
    <ele>326</ele>
   </trkpt>
   <trkpt lat="45.5610900" lon="6.2524600">
    <ele>322</ele>
   </trkpt>
   <trkpt lat="45.5612100" lon="6.2523799">
    <ele>321</ele>
   </trkpt>
   <trkpt lat="45.5613600" lon="6.2523099">
    <ele>319</ele>
   </trkpt>
   <trkpt lat="45.5614700" lon="6.2522399">
    <ele>318</ele>
   </trkpt>
   <trkpt lat="45.5618800" lon="6.2519300">
    <ele>312</ele>
   </trkpt>
   <trkpt lat="45.5620400" lon="6.2517600">
    <ele>308</ele>
   </trkpt>
   <trkpt lat="45.5621400" lon="6.2515200">
    <ele>305</ele>
   </trkpt>
   <trkpt lat="45.5622300" lon="6.2511300">
    <ele>304</ele>
   </trkpt>
   <trkpt lat="45.5622500" lon="6.2510199">
    <ele>303</ele>
   </trkpt>
   <trkpt lat="45.5623300" lon="6.2510199">
    <ele>303</ele>
   </trkpt>
   <trkpt lat="45.5623300" lon="6.2509600">
    <ele>302</ele>
   </trkpt>
   <trkpt lat="45.5623900" lon="6.2508000">
    <ele>301</ele>
   </trkpt>
   <trkpt lat="45.5624600" lon="6.2506199">
    <ele>301</ele>
   </trkpt>
   <trkpt lat="45.5626400" lon="6.2502400">
    <ele>300</ele>
   </trkpt>
   <trkpt lat="45.5626600" lon="6.2502000">
    <ele>300</ele>
   </trkpt>
   <trkpt lat="45.5628000" lon="6.2499300">
    <ele>300</ele>
   </trkpt>
   <trkpt lat="45.5628699" lon="6.2496800">
    <ele>299</ele>
   </trkpt>
   <trkpt lat="45.5628900" lon="6.2494500">
    <ele>299</ele>
   </trkpt>
   <trkpt lat="45.5629300" lon="6.2491899">
    <ele>298</ele>
   </trkpt>
   <trkpt lat="45.5629700" lon="6.2489400">
    <ele>298</ele>
   </trkpt>
   <trkpt lat="45.5631400" lon="6.2482500">
    <ele>298</ele>
   </trkpt>
   <trkpt lat="45.5631500" lon="6.2481700">
    <ele>298</ele>
   </trkpt>
   <trkpt lat="45.5631500" lon="6.2480600">
    <ele>298</ele>
   </trkpt>
   <trkpt lat="45.5631300" lon="6.2479600">
    <ele>298</ele>
   </trkpt>
   <trkpt lat="45.5631000" lon="6.2478900">
    <ele>298</ele>
   </trkpt>
   <trkpt lat="45.5630499" lon="6.2478200">
    <ele>298</ele>
   </trkpt>
   <trkpt lat="45.5625799" lon="6.2473800">
    <ele>298</ele>
   </trkpt>
   <trkpt lat="45.5625100" lon="6.2473000">
    <ele>298</ele>
   </trkpt>
   <trkpt lat="45.5624700" lon="6.2472200">
    <ele>298</ele>
   </trkpt>
   <trkpt lat="45.5624400" lon="6.2471300">
    <ele>298</ele>
   </trkpt>
   <trkpt lat="45.5624300" lon="6.2470200">
    <ele>298</ele>
   </trkpt>
   <trkpt lat="45.5624200" lon="6.2462400">
    <ele>298</ele>
   </trkpt>
   <trkpt lat="45.5623900" lon="6.2455000">
    <ele>297</ele>
   </trkpt>
   <trkpt lat="45.5623400" lon="6.2446700">
    <ele>296</ele>
   </trkpt>
   <trkpt lat="45.5622000" lon="6.2420300">
    <ele>299</ele>
   </trkpt>
   <trkpt lat="45.5621700" lon="6.2417999">
    <ele>298</ele>
   </trkpt>
   <trkpt lat="45.5621099" lon="6.2416400">
    <ele>298</ele>
   </trkpt>
   <trkpt lat="45.5620500" lon="6.2415200">
    <ele>299</ele>
   </trkpt>
   <trkpt lat="45.5619900" lon="6.2414100">
    <ele>299</ele>
   </trkpt>
   <trkpt lat="45.5619500" lon="6.2413600">
    <ele>299</ele>
   </trkpt>
   <trkpt lat="45.5613400" lon="6.2408700">
    <ele>298</ele>
   </trkpt>
   <trkpt lat="45.5610400" lon="6.2406700">
    <ele>299</ele>
   </trkpt>
   <trkpt lat="45.5609700" lon="6.2406300">
    <ele>299</ele>
   </trkpt>
   <trkpt lat="45.5607900" lon="6.2405700">
    <ele>299</ele>
   </trkpt>
   <trkpt lat="45.5604600" lon="6.2405200">
    <ele>300</ele>
   </trkpt>
   <trkpt lat="45.5599599" lon="6.2404400">
    <ele>301</ele>
   </trkpt>
   <trkpt lat="45.5597600" lon="6.2403500">
    <ele>301</ele>
   </trkpt>
   <trkpt lat="45.5595400" lon="6.2402400">
    <ele>301</ele>
   </trkpt>
   <trkpt lat="45.5593000" lon="6.2400700">
    <ele>300</ele>
   </trkpt>
   <trkpt lat="45.5586700" lon="6.2396300">
    <ele>301</ele>
   </trkpt>
   <trkpt lat="45.5582300" lon="6.2394100">
    <ele>300</ele>
   </trkpt>
   <trkpt lat="45.5575800" lon="6.2392200">
    <ele>302</ele>
   </trkpt>
   <trkpt lat="45.5572400" lon="6.2390100">
    <ele>301</ele>
   </trkpt>
   <trkpt lat="45.5570600" lon="6.2387200">
    <ele>300</ele>
   </trkpt>
   <trkpt lat="45.5569300" lon="6.2383700">
    <ele>299</ele>
   </trkpt>
   <trkpt lat="45.5568700" lon="6.2380100">
    <ele>299</ele>
   </trkpt>
   <trkpt lat="45.5568900" lon="6.2377399">
    <ele>300</ele>
   </trkpt>
   <trkpt lat="45.5595500" lon="6.2235600">
    <ele>295</ele>
   </trkpt>
   <trkpt lat="45.5603800" lon="6.2192900">
    <ele>293</ele>
   </trkpt>
   <trkpt lat="45.5618100" lon="6.2115400">
    <ele>297</ele>
   </trkpt>
   <trkpt lat="45.5625500" lon="6.2078500">
    <ele>291</ele>
   </trkpt>
   <trkpt lat="45.5625700" lon="6.2077500">
    <ele>291</ele>
   </trkpt>
   <trkpt lat="45.5628100" lon="6.2064600">
    <ele>292</ele>
   </trkpt>
   <trkpt lat="45.5628500" lon="6.2062799">
    <ele>292</ele>
   </trkpt>
   <trkpt lat="45.5627799" lon="6.2062500">
    <ele>292</ele>
   </trkpt>
   <trkpt lat="45.5621900" lon="6.2060400">
    <ele>296</ele>
   </trkpt>
   <trkpt lat="45.5621099" lon="6.2060100">
    <ele>297</ele>
   </trkpt>
   <trkpt lat="45.5623200" lon="6.2050000">
    <ele>300</ele>
   </trkpt>
   <trkpt lat="45.5624200" lon="6.2041600">
    <ele>298</ele>
   </trkpt>
   <trkpt lat="45.5624300" lon="6.2036900">
    <ele>296</ele>
   </trkpt>
   <trkpt lat="45.5624100" lon="6.2033600">
    <ele>295</ele>
   </trkpt>
   <trkpt lat="45.5622700" lon="6.2026700">
    <ele>294</ele>
   </trkpt>
   <trkpt lat="45.5620800" lon="6.2019399">
    <ele>295</ele>
   </trkpt>
   <trkpt lat="45.5619500" lon="6.2014600">
    <ele>296</ele>
   </trkpt>
   <trkpt lat="45.5618900" lon="6.2012600">
    <ele>296</ele>
   </trkpt>
   <trkpt lat="45.5618200" lon="6.2010400">
    <ele>296</ele>
   </trkpt>
   <trkpt lat="45.5616600" lon="6.2006700">
    <ele>296</ele>
   </trkpt>
   <trkpt lat="45.5614900" lon="6.2003500">
    <ele>294</ele>
   </trkpt>
   <trkpt lat="45.5614400" lon="6.2002499">
    <ele>294</ele>
   </trkpt>
   <trkpt lat="45.5612900" lon="6.1999900">
    <ele>293</ele>
   </trkpt>
   <trkpt lat="45.5612400" lon="6.1998500">
    <ele>293</ele>
   </trkpt>
   <trkpt lat="45.5612100" lon="6.1997600">
    <ele>292</ele>
   </trkpt>
   <trkpt lat="45.5612000" lon="6.1996600">
    <ele>292</ele>
   </trkpt>
   <trkpt lat="45.5612000" lon="6.1995800">
    <ele>292</ele>
   </trkpt>
   <trkpt lat="45.5612000" lon="6.1994800">
    <ele>291</ele>
   </trkpt>
   <trkpt lat="45.5612200" lon="6.1993900">
    <ele>291</ele>
   </trkpt>
   <trkpt lat="45.5612500" lon="6.1992900">
    <ele>290</ele>
   </trkpt>
   <trkpt lat="45.5613000" lon="6.1992000">
    <ele>289</ele>
   </trkpt>
   <trkpt lat="45.5613400" lon="6.1991200">
    <ele>289</ele>
   </trkpt>
   <trkpt lat="45.5614000" lon="6.1990700">
    <ele>289</ele>
   </trkpt>
   <trkpt lat="45.5614900" lon="6.1990100">
    <ele>289</ele>
   </trkpt>
   <trkpt lat="45.5626600" lon="6.1983300">
    <ele>290</ele>
   </trkpt>
   <trkpt lat="45.5628300" lon="6.1982300">
    <ele>292</ele>
   </trkpt>
   <trkpt lat="45.5633500" lon="6.1978400">
    <ele>292</ele>
   </trkpt>
   <trkpt lat="45.5641800" lon="6.1973500">
    <ele>293</ele>
   </trkpt>
   <trkpt lat="45.5672900" lon="6.1955300">
    <ele>291</ele>
   </trkpt>
   <trkpt lat="45.5676700" lon="6.1952200">
    <ele>290</ele>
   </trkpt>
   <trkpt lat="45.5682900" lon="6.1945499">
    <ele>287</ele>
   </trkpt>
   <trkpt lat="45.5700500" lon="6.1927000">
    <ele>285</ele>
   </trkpt>
   <trkpt lat="45.5707100" lon="6.1919900">
    <ele>285</ele>
   </trkpt>
   <trkpt lat="45.5711299" lon="6.1915300">
    <ele>285</ele>
   </trkpt>
   <trkpt lat="45.5718699" lon="6.1907600">
    <ele>287</ele>
   </trkpt>
   <trkpt lat="45.5719200" lon="6.1906900">
    <ele>287</ele>
   </trkpt>
   <trkpt lat="45.5719500" lon="6.1906300">
    <ele>287</ele>
   </trkpt>
   <trkpt lat="45.5720800" lon="6.1904500">
    <ele>287</ele>
   </trkpt>
   <trkpt lat="45.5721599" lon="6.1903200">
    <ele>287</ele>
   </trkpt>
   <trkpt lat="45.5726500" lon="6.1899200">
    <ele>288</ele>
   </trkpt>
   <trkpt lat="45.5728600" lon="6.1897500">
    <ele>289</ele>
   </trkpt>
   <trkpt lat="45.5734700" lon="6.1897700">
    <ele>291</ele>
   </trkpt>
   <trkpt lat="45.5735500" lon="6.1897900">
    <ele>292</ele>
   </trkpt>
   <trkpt lat="45.5736100" lon="6.1898099">
    <ele>293</ele>
   </trkpt>
   <trkpt lat="45.5736400" lon="6.1898500">
    <ele>293</ele>
   </trkpt>
   <trkpt lat="45.5736599" lon="6.1899100">
    <ele>293</ele>
   </trkpt>
   <trkpt lat="45.5737400" lon="6.1902500">
    <ele>293</ele>
   </trkpt>
   <trkpt lat="45.5737900" lon="6.1903200">
    <ele>293</ele>
   </trkpt>
   <trkpt lat="45.5738200" lon="6.1903400">
    <ele>293</ele>
   </trkpt>
   <trkpt lat="45.5738500" lon="6.1903400">
    <ele>294</ele>
   </trkpt>
   <trkpt lat="45.5739700" lon="6.1903100">
    <ele>295</ele>
   </trkpt>
   <trkpt lat="45.5740100" lon="6.1902799">
    <ele>295</ele>
   </trkpt>
   <trkpt lat="45.5740399" lon="6.1902400">
    <ele>295</ele>
   </trkpt>
   <trkpt lat="45.5740900" lon="6.1900900">
    <ele>296</ele>
   </trkpt>
   <trkpt lat="45.5741600" lon="6.1893900">
    <ele>299</ele>
   </trkpt>
   <trkpt lat="45.5741700" lon="6.1893000">
    <ele>300</ele>
   </trkpt>
   <trkpt lat="45.5742100" lon="6.1892500">
    <ele>300</ele>
   </trkpt>
   <trkpt lat="45.5742400" lon="6.1892300">
    <ele>301</ele>
   </trkpt>
   <trkpt lat="45.5742900" lon="6.1892400">
    <ele>302</ele>
   </trkpt>
   <trkpt lat="45.5743200" lon="6.1892600">
    <ele>302</ele>
   </trkpt>
   <trkpt lat="45.5746400" lon="6.1897600">
    <ele>305</ele>
   </trkpt>
   <trkpt lat="45.5748100" lon="6.1900200">
    <ele>305</ele>
   </trkpt>
   <trkpt lat="45.5754000" lon="6.1908800">
    <ele>310</ele>
   </trkpt>
   <trkpt lat="45.5755100" lon="6.1910500">
    <ele>311</ele>
   </trkpt>
   <trkpt lat="45.5755600" lon="6.1910800">
    <ele>312</ele>
   </trkpt>
   <trkpt lat="45.5756000" lon="6.1910800">
    <ele>313</ele>
   </trkpt>
   <trkpt lat="45.5756299" lon="6.1910700">
    <ele>313</ele>
   </trkpt>
   <trkpt lat="45.5756600" lon="6.1910299">
    <ele>314</ele>
   </trkpt>
   <trkpt lat="45.5756800" lon="6.1909800">
    <ele>314</ele>
   </trkpt>
   <trkpt lat="45.5756900" lon="6.1909100">
    <ele>315</ele>
   </trkpt>
   <trkpt lat="45.5757000" lon="6.1896699">
    <ele>318</ele>
   </trkpt>
   <trkpt lat="45.5757100" lon="6.1895900">
    <ele>319</ele>
   </trkpt>
   <trkpt lat="45.5757199" lon="6.1894200">
    <ele>320</ele>
   </trkpt>
   <trkpt lat="45.5757100" lon="6.1893399">
    <ele>320</ele>
   </trkpt>
   <trkpt lat="45.5756700" lon="6.1891500">
    <ele>321</ele>
   </trkpt>
   <trkpt lat="45.5754200" lon="6.1885600">
    <ele>321</ele>
   </trkpt>
   <trkpt lat="45.5751200" lon="6.1877400">
    <ele>323</ele>
   </trkpt>
   <trkpt lat="45.5747900" lon="6.1868000">
    <ele>323</ele>
   </trkpt>
   <trkpt lat="45.5744100" lon="6.1853700">
    <ele>325</ele>
   </trkpt>
   <trkpt lat="45.5741900" lon="6.1846800">
    <ele>325</ele>
   </trkpt>
   <trkpt lat="45.5740000" lon="6.1837900">
    <ele>323</ele>
   </trkpt>
   <trkpt lat="45.5739800" lon="6.1836000">
    <ele>323</ele>
   </trkpt>
   <trkpt lat="45.5739900" lon="6.1835400">
    <ele>323</ele>
   </trkpt>
   <trkpt lat="45.5740000" lon="6.1835200">
    <ele>323</ele>
   </trkpt>
   <trkpt lat="45.5740500" lon="6.1834500">
    <ele>324</ele>
   </trkpt>
   <trkpt lat="45.5741600" lon="6.1833600">
    <ele>325</ele>
   </trkpt>
   <trkpt lat="45.5742700" lon="6.1833200">
    <ele>326</ele>
   </trkpt>
   <trkpt lat="45.5750900" lon="6.1830100">
    <ele>334</ele>
   </trkpt>
   <trkpt lat="45.5749600" lon="6.1825000">
    <ele>333</ele>
   </trkpt>
   <trkpt lat="45.5746200" lon="6.1815100">
    <ele>337</ele>
   </trkpt>
   <trkpt lat="45.5743900" lon="6.1809300">
    <ele>338</ele>
   </trkpt>
   <trkpt lat="45.5741700" lon="6.1804400">
    <ele>341</ele>
   </trkpt>
   <trkpt lat="45.5741200" lon="6.1803600">
    <ele>342</ele>
   </trkpt>
   <trkpt lat="45.5740800" lon="6.1802900">
    <ele>342</ele>
   </trkpt>
   <trkpt lat="45.5739900" lon="6.1802000">
    <ele>343</ele>
   </trkpt>
   <trkpt lat="45.5735699" lon="6.1798500">
    <ele>346</ele>
   </trkpt>
   <trkpt lat="45.5733600" lon="6.1796300">
    <ele>348</ele>
   </trkpt>
   <trkpt lat="45.5732400" lon="6.1794500">
    <ele>349</ele>
   </trkpt>
   <trkpt lat="45.5730999" lon="6.1792200">
    <ele>350</ele>
   </trkpt>
   <trkpt lat="45.5730500" lon="6.1791000">
    <ele>350</ele>
   </trkpt>
   <trkpt lat="45.5730099" lon="6.1790000">
    <ele>351</ele>
   </trkpt>
   <trkpt lat="45.5729900" lon="6.1789100">
    <ele>351</ele>
   </trkpt>
   <trkpt lat="45.5729800" lon="6.1788299">
    <ele>351</ele>
   </trkpt>
   <trkpt lat="45.5730000" lon="6.1777600">
    <ele>356</ele>
   </trkpt>
   <trkpt lat="45.5730000" lon="6.1776000">
    <ele>356</ele>
   </trkpt>
   <trkpt lat="45.5729900" lon="6.1774400">
    <ele>357</ele>
   </trkpt>
   <trkpt lat="45.5729300" lon="6.1771100">
    <ele>358</ele>
   </trkpt>
   <trkpt lat="45.5728900" lon="6.1769200">
    <ele>359</ele>
   </trkpt>
   <trkpt lat="45.5728300" lon="6.1767300">
    <ele>360</ele>
   </trkpt>
   <trkpt lat="45.5724000" lon="6.1758300">
    <ele>362</ele>
   </trkpt>
   <trkpt lat="45.5723100" lon="6.1756500">
    <ele>361</ele>
   </trkpt>
   <trkpt lat="45.5722800" lon="6.1755900">
    <ele>361</ele>
   </trkpt>
   <trkpt lat="45.5721900" lon="6.1754400">
    <ele>360</ele>
   </trkpt>
   <trkpt lat="45.5718600" lon="6.1751500">
    <ele>357</ele>
   </trkpt>
   <trkpt lat="45.5717400" lon="6.1749400">
    <ele>357</ele>
   </trkpt>
   <trkpt lat="45.5715700" lon="6.1745900">
    <ele>358</ele>
   </trkpt>
   <trkpt lat="45.5714300" lon="6.1743300">
    <ele>358</ele>
   </trkpt>
   <trkpt lat="45.5712700" lon="6.1740199">
    <ele>360</ele>
   </trkpt>
   <trkpt lat="45.5711400" lon="6.1737100">
    <ele>362</ele>
   </trkpt>
   <trkpt lat="45.5710000" lon="6.1731200">
    <ele>367</ele>
   </trkpt>
   <trkpt lat="45.5709100" lon="6.1727500">
    <ele>368</ele>
   </trkpt>
   <trkpt lat="45.5708300" lon="6.1724700">
    <ele>369</ele>
   </trkpt>
   <trkpt lat="45.5705600" lon="6.1716100">
    <ele>370</ele>
   </trkpt>
   <trkpt lat="45.5704500" lon="6.1712000">
    <ele>370</ele>
   </trkpt>
   <trkpt lat="45.5703600" lon="6.1706700">
    <ele>371</ele>
   </trkpt>
   <trkpt lat="45.5702000" lon="6.1695700">
    <ele>372</ele>
   </trkpt>
   <trkpt lat="45.5701600" lon="6.1692800">
    <ele>372</ele>
   </trkpt>
   <trkpt lat="45.5698000" lon="6.1660600">
    <ele>381</ele>
   </trkpt>
   <trkpt lat="45.5694900" lon="6.1630200">
    <ele>392</ele>
   </trkpt>
   <trkpt lat="45.5694600" lon="6.1626600">
    <ele>394</ele>
   </trkpt>
   <trkpt lat="45.5693700" lon="6.1617499">
    <ele>399</ele>
   </trkpt>
   <trkpt lat="45.5693700" lon="6.1615800">
    <ele>399</ele>
   </trkpt>
   <trkpt lat="45.5693500" lon="6.1608400">
    <ele>401</ele>
   </trkpt>
   <trkpt lat="45.5693500" lon="6.1605900">
    <ele>401</ele>
   </trkpt>
   <trkpt lat="45.5693200" lon="6.1599000">
    <ele>402</ele>
   </trkpt>
   <trkpt lat="45.5692100" lon="6.1589600">
    <ele>406</ele>
   </trkpt>
   <trkpt lat="45.5691900" lon="6.1586500">
    <ele>406</ele>
   </trkpt>
   <trkpt lat="45.5691800" lon="6.1584800">
    <ele>406</ele>
   </trkpt>
   <trkpt lat="45.5691000" lon="6.1575500">
    <ele>407</ele>
   </trkpt>
   <trkpt lat="45.5691500" lon="6.1575500">
    <ele>408</ele>
   </trkpt>
   <trkpt lat="45.5692600" lon="6.1575700">
    <ele>409</ele>
   </trkpt>
   <trkpt lat="45.5693100" lon="6.1576000">
    <ele>409</ele>
   </trkpt>
   <trkpt lat="45.5693300" lon="6.1576300">
    <ele>409</ele>
   </trkpt>
   <trkpt lat="45.5693700" lon="6.1576700">
    <ele>410</ele>
   </trkpt>
   <trkpt lat="45.5694200" lon="6.1577400">
    <ele>410</ele>
   </trkpt>
   <trkpt lat="45.5694800" lon="6.1579300">
    <ele>410</ele>
   </trkpt>
   <trkpt lat="45.5695300" lon="6.1581300">
    <ele>410</ele>
   </trkpt>
   <trkpt lat="45.5695900" lon="6.1585800">
    <ele>410</ele>
   </trkpt>
   <trkpt lat="45.5696400" lon="6.1587700">
    <ele>410</ele>
   </trkpt>
   <trkpt lat="45.5697000" lon="6.1589100">
    <ele>410</ele>
   </trkpt>
   <trkpt lat="45.5697300" lon="6.1589800">
    <ele>410</ele>
   </trkpt>
   <trkpt lat="45.5698099" lon="6.1590900">
    <ele>410</ele>
   </trkpt>
   <trkpt lat="45.5698800" lon="6.1591699">
    <ele>410</ele>
   </trkpt>
   <trkpt lat="45.5699500" lon="6.1592300">
    <ele>410</ele>
   </trkpt>
   <trkpt lat="45.5706599" lon="6.1599900">
    <ele>416</ele>
   </trkpt>
   <trkpt lat="45.5706700" lon="6.1600100">
    <ele>416</ele>
   </trkpt>
   <trkpt lat="45.5712700" lon="6.1606400">
    <ele>420</ele>
   </trkpt>
   <trkpt lat="45.5719000" lon="6.1612900">
    <ele>425</ele>
   </trkpt>
   <trkpt lat="45.5721900" lon="6.1615900">
    <ele>428</ele>
   </trkpt>
   <trkpt lat="45.5723100" lon="6.1617200">
    <ele>429</ele>
   </trkpt>
   <trkpt lat="45.5724700" lon="6.1618900">
    <ele>430</ele>
   </trkpt>
   <trkpt lat="45.5728000" lon="6.1622400">
    <ele>433</ele>
   </trkpt>
   <trkpt lat="45.5728900" lon="6.1623300">
    <ele>433</ele>
   </trkpt>
   <trkpt lat="45.5731600" lon="6.1626200">
    <ele>436</ele>
   </trkpt>
   <trkpt lat="45.5732600" lon="6.1627700">
    <ele>438</ele>
   </trkpt>
   <trkpt lat="45.5733100" lon="6.1629200">
    <ele>439</ele>
   </trkpt>
   <trkpt lat="45.5733300" lon="6.1630100">
    <ele>440</ele>
   </trkpt>
   <trkpt lat="45.5734000" lon="6.1635099">
    <ele>445</ele>
   </trkpt>
   <trkpt lat="45.5734100" lon="6.1635799">
    <ele>446</ele>
   </trkpt>
   <trkpt lat="45.5734300" lon="6.1636500">
    <ele>447</ele>
   </trkpt>
   <trkpt lat="45.5734600" lon="6.1636800">
    <ele>449</ele>
   </trkpt>
   <trkpt lat="45.5734900" lon="6.1637100">
    <ele>451</ele>
   </trkpt>
   <trkpt lat="45.5735200" lon="6.1637200">
    <ele>452</ele>
   </trkpt>
   <trkpt lat="45.5735699" lon="6.1637200">
    <ele>455</ele>
   </trkpt>
   <trkpt lat="45.5736300" lon="6.1636700">
    <ele>457</ele>
   </trkpt>
   <trkpt lat="45.5736700" lon="6.1635700">
    <ele>458</ele>
   </trkpt>
   <trkpt lat="45.5736700" lon="6.1635300">
    <ele>458</ele>
   </trkpt>
   <trkpt lat="45.5736400" lon="6.1631700">
    <ele>453</ele>
   </trkpt>
   <trkpt lat="45.5736500" lon="6.1630900">
    <ele>453</ele>
   </trkpt>
   <trkpt lat="45.5736900" lon="6.1628500">
    <ele>452</ele>
   </trkpt>
   <trkpt lat="45.5737800" lon="6.1624200">
    <ele>452</ele>
   </trkpt>
   <trkpt lat="45.5738000" lon="6.1622400">
    <ele>452</ele>
   </trkpt>
   <trkpt lat="45.5738000" lon="6.1621100">
    <ele>452</ele>
   </trkpt>
   <trkpt lat="45.5737800" lon="6.1619700">
    <ele>451</ele>
   </trkpt>
   <trkpt lat="45.5737100" lon="6.1614500">
    <ele>451</ele>
   </trkpt>
   <trkpt lat="45.5736900" lon="6.1612400">
    <ele>451</ele>
   </trkpt>
   <trkpt lat="45.5736900" lon="6.1610699">
    <ele>452</ele>
   </trkpt>
   <trkpt lat="45.5737000" lon="6.1608400">
    <ele>454</ele>
   </trkpt>
   <trkpt lat="45.5737700" lon="6.1601300">
    <ele>455</ele>
   </trkpt>
   <trkpt lat="45.5737900" lon="6.1600000">
    <ele>455</ele>
   </trkpt>
   <trkpt lat="45.5738100" lon="6.1599000">
    <ele>456</ele>
   </trkpt>
   <trkpt lat="45.5738500" lon="6.1597700">
    <ele>457</ele>
   </trkpt>
   <trkpt lat="45.5739400" lon="6.1595000">
    <ele>459</ele>
   </trkpt>
   <trkpt lat="45.5739800" lon="6.1593000">
    <ele>460</ele>
   </trkpt>
   <trkpt lat="45.5740100" lon="6.1590700">
    <ele>461</ele>
   </trkpt>
   <trkpt lat="45.5740200" lon="6.1589400">
    <ele>461</ele>
   </trkpt>
   <trkpt lat="45.5740800" lon="6.1585300">
    <ele>463</ele>
   </trkpt>
   <trkpt lat="45.5741100" lon="6.1583300">
    <ele>463</ele>
   </trkpt>
   <trkpt lat="45.5742400" lon="6.1577800">
    <ele>467</ele>
   </trkpt>
   <trkpt lat="45.5742700" lon="6.1576500">
    <ele>468</ele>
   </trkpt>
   <trkpt lat="45.5743700" lon="6.1572200">
    <ele>470</ele>
   </trkpt>
   <trkpt lat="45.5745200" lon="6.1565899">
    <ele>474</ele>
   </trkpt>
   <trkpt lat="45.5746700" lon="6.1559700">
    <ele>478</ele>
   </trkpt>
   <trkpt lat="45.5747000" lon="6.1558600">
    <ele>478</ele>
   </trkpt>
   <trkpt lat="45.5747900" lon="6.1557100">
    <ele>479</ele>
   </trkpt>
   <trkpt lat="45.5748200" lon="6.1556700">
    <ele>479</ele>
   </trkpt>
   <trkpt lat="45.5749500" lon="6.1555300">
    <ele>480</ele>
   </trkpt>
   <trkpt lat="45.5750400" lon="6.1554399">
    <ele>481</ele>
   </trkpt>
   <trkpt lat="45.5751700" lon="6.1553500">
    <ele>483</ele>
   </trkpt>
   <trkpt lat="45.5758300" lon="6.1550700">
    <ele>493</ele>
   </trkpt>
   <trkpt lat="45.5758800" lon="6.1550399">
    <ele>494</ele>
   </trkpt>
   <trkpt lat="45.5759100" lon="6.1550100">
    <ele>494</ele>
   </trkpt>
   <trkpt lat="45.5759400" lon="6.1549300">
    <ele>495</ele>
   </trkpt>
   <trkpt lat="45.5759500" lon="6.1548800">
    <ele>496</ele>
   </trkpt>
   <trkpt lat="45.5759400" lon="6.1547300">
    <ele>497</ele>
   </trkpt>
   <trkpt lat="45.5759100" lon="6.1546700">
    <ele>497</ele>
   </trkpt>
   <trkpt lat="45.5758400" lon="6.1545700">
    <ele>497</ele>
   </trkpt>
   <trkpt lat="45.5756900" lon="6.1544800">
    <ele>495</ele>
   </trkpt>
   <trkpt lat="45.5756299" lon="6.1544200">
    <ele>494</ele>
   </trkpt>
   <trkpt lat="45.5755500" lon="6.1542700">
    <ele>493</ele>
   </trkpt>
   <trkpt lat="45.5755300" lon="6.1541700">
    <ele>493</ele>
   </trkpt>
   <trkpt lat="45.5755000" lon="6.1540500">
    <ele>494</ele>
   </trkpt>
   <trkpt lat="45.5754800" lon="6.1536500">
    <ele>498</ele>
   </trkpt>
   <trkpt lat="45.5754499" lon="6.1534400">
    <ele>499</ele>
   </trkpt>
   <trkpt lat="45.5753200" lon="6.1527200">
    <ele>499</ele>
   </trkpt>
   <trkpt lat="45.5753000" lon="6.1525400">
    <ele>500</ele>
   </trkpt>
   <trkpt lat="45.5753000" lon="6.1523800">
    <ele>500</ele>
   </trkpt>
   <trkpt lat="45.5753100" lon="6.1521900">
    <ele>501</ele>
   </trkpt>
   <trkpt lat="45.5753300" lon="6.1519899">
    <ele>502</ele>
   </trkpt>
   <trkpt lat="45.5753800" lon="6.1517500">
    <ele>503</ele>
   </trkpt>
   <trkpt lat="45.5754400" lon="6.1515900">
    <ele>505</ele>
   </trkpt>
   <trkpt lat="45.5755399" lon="6.1513600">
    <ele>507</ele>
   </trkpt>
   <trkpt lat="45.5756700" lon="6.1510600">
    <ele>510</ele>
   </trkpt>
   <trkpt lat="45.5758300" lon="6.1506299">
    <ele>514</ele>
   </trkpt>
   <trkpt lat="45.5760300" lon="6.1500100">
    <ele>518</ele>
   </trkpt>
   <trkpt lat="45.5761100" lon="6.1498000">
    <ele>519</ele>
   </trkpt>
   <trkpt lat="45.5761600" lon="6.1497400">
    <ele>520</ele>
   </trkpt>
   <trkpt lat="45.5762200" lon="6.1497200">
    <ele>522</ele>
   </trkpt>
   <trkpt lat="45.5762600" lon="6.1497200">
    <ele>523</ele>
   </trkpt>
   <trkpt lat="45.5763000" lon="6.1497300">
    <ele>524</ele>
   </trkpt>
   <trkpt lat="45.5763500" lon="6.1497600">
    <ele>526</ele>
   </trkpt>
   <trkpt lat="45.5763900" lon="6.1498400">
    <ele>527</ele>
   </trkpt>
   <trkpt lat="45.5764000" lon="6.1499000">
    <ele>528</ele>
   </trkpt>
   <trkpt lat="45.5764000" lon="6.1499800">
    <ele>528</ele>
   </trkpt>
   <trkpt lat="45.5763900" lon="6.1500400">
    <ele>528</ele>
   </trkpt>
   <trkpt lat="45.5763100" lon="6.1502800">
    <ele>526</ele>
   </trkpt>
   <trkpt lat="45.5763000" lon="6.1503800">
    <ele>526</ele>
   </trkpt>
   <trkpt lat="45.5762900" lon="6.1504899">
    <ele>526</ele>
   </trkpt>
   <trkpt lat="45.5763000" lon="6.1507200">
    <ele>527</ele>
   </trkpt>
   <trkpt lat="45.5763300" lon="6.1509100">
    <ele>527</ele>
   </trkpt>
   <trkpt lat="45.5764700" lon="6.1516400">
    <ele>529</ele>
   </trkpt>
   <trkpt lat="45.5765100" lon="6.1519199">
    <ele>530</ele>
   </trkpt>
   <trkpt lat="45.5765699" lon="6.1524599">
    <ele>532</ele>
   </trkpt>
   <trkpt lat="45.5766300" lon="6.1526300">
    <ele>533</ele>
   </trkpt>
   <trkpt lat="45.5767100" lon="6.1527500">
    <ele>534</ele>
   </trkpt>
   <trkpt lat="45.5767700" lon="6.1528100">
    <ele>535</ele>
   </trkpt>
   <trkpt lat="45.5768400" lon="6.1528500">
    <ele>536</ele>
   </trkpt>
   <trkpt lat="45.5769200" lon="6.1528800">
    <ele>537</ele>
   </trkpt>
   <trkpt lat="45.5771800" lon="6.1529299">
    <ele>541</ele>
   </trkpt>
   <trkpt lat="45.5774199" lon="6.1529999">
    <ele>543</ele>
   </trkpt>
   <trkpt lat="45.5776100" lon="6.1530699">
    <ele>545</ele>
   </trkpt>
   <trkpt lat="45.5779500" lon="6.1532600">
    <ele>549</ele>
   </trkpt>
   <trkpt lat="45.5780000" lon="6.1533000">
    <ele>550</ele>
   </trkpt>
   <trkpt lat="45.5781300" lon="6.1534700">
    <ele>550</ele>
   </trkpt>
   <trkpt lat="45.5782400" lon="6.1535900">
    <ele>551</ele>
   </trkpt>
   <trkpt lat="45.5783100" lon="6.1536099">
    <ele>552</ele>
   </trkpt>
   <trkpt lat="45.5783500" lon="6.1536000">
    <ele>553</ele>
   </trkpt>
   <trkpt lat="45.5783800" lon="6.1535800">
    <ele>554</ele>
   </trkpt>
   <trkpt lat="45.5784100" lon="6.1535000">
    <ele>556</ele>
   </trkpt>
   <trkpt lat="45.5784200" lon="6.1534300">
    <ele>557</ele>
   </trkpt>
   <trkpt lat="45.5784100" lon="6.1533700">
    <ele>557</ele>
   </trkpt>
   <trkpt lat="45.5783800" lon="6.1532900">
    <ele>558</ele>
   </trkpt>
   <trkpt lat="45.5783300" lon="6.1532200">
    <ele>558</ele>
   </trkpt>
   <trkpt lat="45.5779900" lon="6.1528700">
    <ele>556</ele>
   </trkpt>
   <trkpt lat="45.5779400" lon="6.1528200">
    <ele>556</ele>
   </trkpt>
   <trkpt lat="45.5779000" lon="6.1527600">
    <ele>556</ele>
   </trkpt>
   <trkpt lat="45.5778800" lon="6.1526700">
    <ele>557</ele>
   </trkpt>
   <trkpt lat="45.5778700" lon="6.1525900">
    <ele>558</ele>
   </trkpt>
   <trkpt lat="45.5778700" lon="6.1524900">
    <ele>560</ele>
   </trkpt>
   <trkpt lat="45.5779100" lon="6.1523400">
    <ele>561</ele>
   </trkpt>
   <trkpt lat="45.5779400" lon="6.1522600">
    <ele>562</ele>
   </trkpt>
   <trkpt lat="45.5781000" lon="6.1519300">
    <ele>568</ele>
   </trkpt>
   <trkpt lat="45.5781599" lon="6.1517500">
    <ele>571</ele>
   </trkpt>
   <trkpt lat="45.5781800" lon="6.1516200">
    <ele>572</ele>
   </trkpt>
   <trkpt lat="45.5781900" lon="6.1514900">
    <ele>574</ele>
   </trkpt>
   <trkpt lat="45.5781900" lon="6.1513400">
    <ele>576</ele>
   </trkpt>
   <trkpt lat="45.5781599" lon="6.1511500">
    <ele>577</ele>
   </trkpt>
   <trkpt lat="45.5781100" lon="6.1509900">
    <ele>577</ele>
   </trkpt>
   <trkpt lat="45.5780400" lon="6.1508200">
    <ele>576</ele>
   </trkpt>
   <trkpt lat="45.5778500" lon="6.1504700">
    <ele>570</ele>
   </trkpt>
   <trkpt lat="45.5778100" lon="6.1503100">
    <ele>569</ele>
   </trkpt>
   <trkpt lat="45.5778200" lon="6.1502000">
    <ele>569</ele>
   </trkpt>
   <trkpt lat="45.5778400" lon="6.1501300">
    <ele>570</ele>
   </trkpt>
   <trkpt lat="45.5778700" lon="6.1501000">
    <ele>571</ele>
   </trkpt>
   <trkpt lat="45.5779200" lon="6.1500899">
    <ele>573</ele>
   </trkpt>
   <trkpt lat="45.5779500" lon="6.1501000">
    <ele>574</ele>
   </trkpt>
   <trkpt lat="45.5780100" lon="6.1501400">
    <ele>576</ele>
   </trkpt>
   <trkpt lat="45.5780400" lon="6.1501900">
    <ele>577</ele>
   </trkpt>
   <trkpt lat="45.5780699" lon="6.1503500">
    <ele>578</ele>
   </trkpt>
   <trkpt lat="45.5781000" lon="6.1504899">
    <ele>578</ele>
   </trkpt>
   <trkpt lat="45.5781500" lon="6.1505900">
    <ele>580</ele>
   </trkpt>
   <trkpt lat="45.5783000" lon="6.1507800">
    <ele>585</ele>
   </trkpt>
   <trkpt lat="45.5784400" lon="6.1509700">
    <ele>588</ele>
   </trkpt>
   <trkpt lat="45.5785000" lon="6.1510700">
    <ele>589</ele>
   </trkpt>
   <trkpt lat="45.5787199" lon="6.1515000">
    <ele>590</ele>
   </trkpt>
   <trkpt lat="45.5787800" lon="6.1515800">
    <ele>591</ele>
   </trkpt>
   <trkpt lat="45.5790000" lon="6.1517799">
    <ele>594</ele>
   </trkpt>
   <trkpt lat="45.5791100" lon="6.1519199">
    <ele>594</ele>
   </trkpt>
   <trkpt lat="45.5792200" lon="6.1520300">
    <ele>595</ele>
   </trkpt>
   <trkpt lat="45.5793400" lon="6.1521200">
    <ele>596</ele>
   </trkpt>
   <trkpt lat="45.5797800" lon="6.1523800">
    <ele>601</ele>
   </trkpt>
   <trkpt lat="45.5801500" lon="6.1525700">
    <ele>606</ele>
   </trkpt>
   <trkpt lat="45.5802100" lon="6.1525800">
    <ele>607</ele>
   </trkpt>
   <trkpt lat="45.5802500" lon="6.1525600">
    <ele>608</ele>
   </trkpt>
   <trkpt lat="45.5802800" lon="6.1525100">
    <ele>609</ele>
   </trkpt>
   <trkpt lat="45.5803000" lon="6.1524500">
    <ele>610</ele>
   </trkpt>
   <trkpt lat="45.5803000" lon="6.1523899">
    <ele>611</ele>
   </trkpt>
   <trkpt lat="45.5802800" lon="6.1523400">
    <ele>612</ele>
   </trkpt>
   <trkpt lat="45.5802600" lon="6.1523100">
    <ele>612</ele>
   </trkpt>
   <trkpt lat="45.5802200" lon="6.1522800">
    <ele>612</ele>
   </trkpt>
   <trkpt lat="45.5800900" lon="6.1522400">
    <ele>610</ele>
   </trkpt>
   <trkpt lat="45.5800000" lon="6.1521800">
    <ele>610</ele>
   </trkpt>
   <trkpt lat="45.5799300" lon="6.1521100">
    <ele>609</ele>
   </trkpt>
   <trkpt lat="45.5798800" lon="6.1520400">
    <ele>610</ele>
   </trkpt>
   <trkpt lat="45.5796700" lon="6.1515800">
    <ele>614</ele>
   </trkpt>
   <trkpt lat="45.5795699" lon="6.1513900">
    <ele>615</ele>
   </trkpt>
   <trkpt lat="45.5794799" lon="6.1512800">
    <ele>615</ele>
   </trkpt>
   <trkpt lat="45.5791899" lon="6.1510100">
    <ele>613</ele>
   </trkpt>
   <trkpt lat="45.5791200" lon="6.1509400">
    <ele>612</ele>
   </trkpt>
   <trkpt lat="45.5790800" lon="6.1508700">
    <ele>612</ele>
   </trkpt>
   <trkpt lat="45.5790500" lon="6.1507800">
    <ele>612</ele>
   </trkpt>
   <trkpt lat="45.5790400" lon="6.1507200">
    <ele>611</ele>
   </trkpt>
   <trkpt lat="45.5790500" lon="6.1506600">
    <ele>612</ele>
   </trkpt>
   <trkpt lat="45.5790700" lon="6.1505900">
    <ele>612</ele>
   </trkpt>
   <trkpt lat="45.5790999" lon="6.1505400">
    <ele>613</ele>
   </trkpt>
   <trkpt lat="45.5791400" lon="6.1505000">
    <ele>615</ele>
   </trkpt>
   <trkpt lat="45.5791899" lon="6.1504800">
    <ele>616</ele>
   </trkpt>
   <trkpt lat="45.5792300" lon="6.1504899">
    <ele>617</ele>
   </trkpt>
   <trkpt lat="45.5793000" lon="6.1505300">
    <ele>619</ele>
   </trkpt>
   <trkpt lat="45.5793400" lon="6.1505800">
    <ele>620</ele>
   </trkpt>
   <trkpt lat="45.5794000" lon="6.1507300">
    <ele>622</ele>
   </trkpt>
   <trkpt lat="45.5795000" lon="6.1508700">
    <ele>623</ele>
   </trkpt>
   <trkpt lat="45.5796200" lon="6.1509700">
    <ele>624</ele>
   </trkpt>
   <trkpt lat="45.5798300" lon="6.1510900">
    <ele>627</ele>
   </trkpt>
   <trkpt lat="45.5799200" lon="6.1511500">
    <ele>628</ele>
   </trkpt>
   <trkpt lat="45.5802400" lon="6.1515100">
    <ele>627</ele>
   </trkpt>
   <trkpt lat="45.5803200" lon="6.1515700">
    <ele>627</ele>
   </trkpt>
   <trkpt lat="45.5804000" lon="6.1516100">
    <ele>628</ele>
   </trkpt>
   <trkpt lat="45.5805700" lon="6.1516400">
    <ele>631</ele>
   </trkpt>
   <trkpt lat="45.5807400" lon="6.1517000">
    <ele>633</ele>
   </trkpt>
   <trkpt lat="45.5810200" lon="6.1519400">
    <ele>634</ele>
   </trkpt>
   <trkpt lat="45.5811900" lon="6.1520300">
    <ele>635</ele>
   </trkpt>
   <trkpt lat="45.5812400" lon="6.1520400">
    <ele>636</ele>
   </trkpt>
   <trkpt lat="45.5813200" lon="6.1520500">
    <ele>637</ele>
   </trkpt>
   <trkpt lat="45.5815100" lon="6.1520300">
    <ele>641</ele>
   </trkpt>
   <trkpt lat="45.5815900" lon="6.1520400">
    <ele>643</ele>
   </trkpt>
   <trkpt lat="45.5816500" lon="6.1520500">
    <ele>644</ele>
   </trkpt>
   <trkpt lat="45.5817200" lon="6.1520700">
    <ele>644</ele>
   </trkpt>
   <trkpt lat="45.5820000" lon="6.1522400">
    <ele>645</ele>
   </trkpt>
   <trkpt lat="45.5821400" lon="6.1523100">
    <ele>645</ele>
   </trkpt>
   <trkpt lat="45.5822300" lon="6.1523400">
    <ele>645</ele>
   </trkpt>
   <trkpt lat="45.5823600" lon="6.1523600">
    <ele>646</ele>
   </trkpt>
   <trkpt lat="45.5824700" lon="6.1523400">
    <ele>649</ele>
   </trkpt>
   <trkpt lat="45.5826300" lon="6.1522800">
    <ele>653</ele>
   </trkpt>
   <trkpt lat="45.5829499" lon="6.1520500">
    <ele>666</ele>
   </trkpt>
   <trkpt lat="45.5831400" lon="6.1519400">
    <ele>673</ele>
   </trkpt>
   <trkpt lat="45.5833100" lon="6.1518700">
    <ele>679</ele>
   </trkpt>
   <trkpt lat="45.5834600" lon="6.1518300">
    <ele>683</ele>
   </trkpt>
   <trkpt lat="45.5835800" lon="6.1518300">
    <ele>684</ele>
   </trkpt>
   <trkpt lat="45.5837700" lon="6.1518700">
    <ele>685</ele>
   </trkpt>
   <trkpt lat="45.5839400" lon="6.1519700">
    <ele>683</ele>
   </trkpt>
   <trkpt lat="45.5840300" lon="6.1520500">
    <ele>682</ele>
   </trkpt>
   <trkpt lat="45.5841000" lon="6.1521500">
    <ele>680</ele>
   </trkpt>
   <trkpt lat="45.5843700" lon="6.1525999">
    <ele>671</ele>
   </trkpt>
   <trkpt lat="45.5844600" lon="6.1526900">
    <ele>670</ele>
   </trkpt>
   <trkpt lat="45.5845100" lon="6.1527000">
    <ele>671</ele>
   </trkpt>
   <trkpt lat="45.5846200" lon="6.1527000">
    <ele>673</ele>
   </trkpt>
   <trkpt lat="45.5847300" lon="6.1526800">
    <ele>676</ele>
   </trkpt>
   <trkpt lat="45.5849100" lon="6.1526200">
    <ele>682</ele>
   </trkpt>
   <trkpt lat="45.5851100" lon="6.1525600">
    <ele>688</ele>
   </trkpt>
   <trkpt lat="45.5852999" lon="6.1525500">
    <ele>692</ele>
   </trkpt>
   <trkpt lat="45.5853600" lon="6.1525700">
    <ele>692</ele>
   </trkpt>
   <trkpt lat="45.5854200" lon="6.1526100">
    <ele>693</ele>
   </trkpt>
   <trkpt lat="45.5857000" lon="6.1529299">
    <ele>689</ele>
   </trkpt>
   <trkpt lat="45.5864400" lon="6.1535200">
    <ele>695</ele>
   </trkpt>
   <trkpt lat="45.5865000" lon="6.1535500">
    <ele>696</ele>
   </trkpt>
   <trkpt lat="45.5865500" lon="6.1535500">
    <ele>697</ele>
   </trkpt>
   <trkpt lat="45.5865800" lon="6.1535300">
    <ele>699</ele>
   </trkpt>
   <trkpt lat="45.5866100" lon="6.1535000">
    <ele>700</ele>
   </trkpt>
   <trkpt lat="45.5866300" lon="6.1534600">
    <ele>701</ele>
   </trkpt>
   <trkpt lat="45.5866400" lon="6.1534000">
    <ele>702</ele>
   </trkpt>
   <trkpt lat="45.5866300" lon="6.1533400">
    <ele>703</ele>
   </trkpt>
   <trkpt lat="45.5866100" lon="6.1533000">
    <ele>704</ele>
   </trkpt>
   <trkpt lat="45.5865400" lon="6.1532200">
    <ele>704</ele>
   </trkpt>
   <trkpt lat="45.5863800" lon="6.1531100">
    <ele>703</ele>
   </trkpt>
   <trkpt lat="45.5862900" lon="6.1530400">
    <ele>703</ele>
   </trkpt>
   <trkpt lat="45.5862200" lon="6.1529500">
    <ele>704</ele>
   </trkpt>
   <trkpt lat="45.5860100" lon="6.1525299">
    <ele>709</ele>
   </trkpt>
   <trkpt lat="45.5858500" lon="6.1522800">
    <ele>712</ele>
   </trkpt>
   <trkpt lat="45.5856500" lon="6.1520700">
    <ele>715</ele>
   </trkpt>
   <trkpt lat="45.5855400" lon="6.1519800">
    <ele>717</ele>
   </trkpt>
   <trkpt lat="45.5852500" lon="6.1517700">
    <ele>719</ele>
   </trkpt>
   <trkpt lat="45.5851400" lon="6.1516900">
    <ele>720</ele>
   </trkpt>
   <trkpt lat="45.5850000" lon="6.1515500">
    <ele>721</ele>
   </trkpt>
   <trkpt lat="45.5847800" lon="6.1513099">
    <ele>722</ele>
   </trkpt>
   <trkpt lat="45.5843400" lon="6.1507800">
    <ele>722</ele>
   </trkpt>
   <trkpt lat="45.5842600" lon="6.1506200">
    <ele>723</ele>
   </trkpt>
   <trkpt lat="45.5841400" lon="6.1502600">
    <ele>725</ele>
   </trkpt>
   <trkpt lat="45.5840800" lon="6.1500800">
    <ele>726</ele>
   </trkpt>
   <trkpt lat="45.5840500" lon="6.1499200">
    <ele>729</ele>
   </trkpt>
   <trkpt lat="45.5839900" lon="6.1494799">
    <ele>738</ele>
   </trkpt>
   <trkpt lat="45.5839200" lon="6.1492200">
    <ele>743</ele>
   </trkpt>
   <trkpt lat="45.5838800" lon="6.1491300">
    <ele>744</ele>
   </trkpt>
   <trkpt lat="45.5837400" lon="6.1489300">
    <ele>746</ele>
   </trkpt>
   <trkpt lat="45.5835300" lon="6.1487100">
    <ele>745</ele>
   </trkpt>
   <trkpt lat="45.5833000" lon="6.1483500">
    <ele>745</ele>
   </trkpt>
   <trkpt lat="45.5831400" lon="6.1480600">
    <ele>747</ele>
   </trkpt>
   <trkpt lat="45.5829700" lon="6.1476499">
    <ele>750</ele>
   </trkpt>
   <trkpt lat="45.5829200" lon="6.1475500">
    <ele>751</ele>
   </trkpt>
   <trkpt lat="45.5828700" lon="6.1474800">
    <ele>751</ele>
   </trkpt>
   <trkpt lat="45.5828200" lon="6.1474300">
    <ele>751</ele>
   </trkpt>
   <trkpt lat="45.5827500" lon="6.1473900">
    <ele>750</ele>
   </trkpt>
   <trkpt lat="45.5826300" lon="6.1473300">
    <ele>747</ele>
   </trkpt>
   <trkpt lat="45.5825800" lon="6.1473000">
    <ele>746</ele>
   </trkpt>
   <trkpt lat="45.5825500" lon="6.1472400">
    <ele>747</ele>
   </trkpt>
   <trkpt lat="45.5825500" lon="6.1472000">
    <ele>748</ele>
   </trkpt>
   <trkpt lat="45.5825600" lon="6.1471600">
    <ele>749</ele>
   </trkpt>
   <trkpt lat="45.5826000" lon="6.1471000">
    <ele>752</ele>
   </trkpt>
   <trkpt lat="45.5826300" lon="6.1470900">
    <ele>754</ele>
   </trkpt>
   <trkpt lat="45.5826700" lon="6.1471000">
    <ele>755</ele>
   </trkpt>
   <trkpt lat="45.5827200" lon="6.1471300">
    <ele>756</ele>
   </trkpt>
   <trkpt lat="45.5831300" lon="6.1475500">
    <ele>758</ele>
   </trkpt>
   <trkpt lat="45.5833000" lon="6.1477300">
    <ele>759</ele>
   </trkpt>
   <trkpt lat="45.5836700" lon="6.1481800">
    <ele>766</ele>
   </trkpt>
   <trkpt lat="45.5837800" lon="6.1483000">
    <ele>767</ele>
   </trkpt>
   <trkpt lat="45.5841700" lon="6.1486300">
    <ele>772</ele>
   </trkpt>
   <trkpt lat="45.5842100" lon="6.1486800">
    <ele>773</ele>
   </trkpt>
   <trkpt lat="45.5842300" lon="6.1487200">
    <ele>773</ele>
   </trkpt>
   <trkpt lat="45.5842699" lon="6.1489200">
    <ele>768</ele>
   </trkpt>
   <trkpt lat="45.5843000" lon="6.1489500">
    <ele>769</ele>
   </trkpt>
   <trkpt lat="45.5843400" lon="6.1489600">
    <ele>771</ele>
   </trkpt>
   <trkpt lat="45.5843700" lon="6.1489700">
    <ele>773</ele>
   </trkpt>
   <trkpt lat="45.5844100" lon="6.1489500">
    <ele>777</ele>
   </trkpt>
   <trkpt lat="45.5844300" lon="6.1489300">
    <ele>779</ele>
   </trkpt>
   <trkpt lat="45.5844499" lon="6.1488800">
    <ele>783</ele>
   </trkpt>
   <trkpt lat="45.5844600" lon="6.1488300">
    <ele>786</ele>
   </trkpt>
   <trkpt lat="45.5844499" lon="6.1487800">
    <ele>788</ele>
   </trkpt>
   <trkpt lat="45.5844300" lon="6.1487400">
    <ele>788</ele>
   </trkpt>
   <trkpt lat="45.5843900" lon="6.1486900">
    <ele>788</ele>
   </trkpt>
   <trkpt lat="45.5842200" lon="6.1485400">
    <ele>780</ele>
   </trkpt>
   <trkpt lat="45.5840600" lon="6.1483800">
    <ele>777</ele>
   </trkpt>
   <trkpt lat="45.5839700" lon="6.1482700">
    <ele>777</ele>
   </trkpt>
   <trkpt lat="45.5839000" lon="6.1481500">
    <ele>778</ele>
   </trkpt>
   <trkpt lat="45.5832200" lon="6.1467700">
    <ele>785</ele>
   </trkpt>
   <trkpt lat="45.5830200" lon="6.1463599">
    <ele>787</ele>
   </trkpt>
   <trkpt lat="45.5829400" lon="6.1461600">
    <ele>787</ele>
   </trkpt>
   <trkpt lat="45.5829200" lon="6.1461000">
    <ele>788</ele>
   </trkpt>
   <trkpt lat="45.5829200" lon="6.1460500">
    <ele>789</ele>
   </trkpt>
   <trkpt lat="45.5829200" lon="6.1459700">
    <ele>790</ele>
   </trkpt>
   <trkpt lat="45.5829400" lon="6.1456400">
    <ele>797</ele>
   </trkpt>
   <trkpt lat="45.5829300" lon="6.1455600">
    <ele>798</ele>
   </trkpt>
   <trkpt lat="45.5829000" lon="6.1454800">
    <ele>798</ele>
   </trkpt>
   <trkpt lat="45.5828500" lon="6.1453700">
    <ele>798</ele>
   </trkpt>
   <trkpt lat="45.5827400" lon="6.1452000">
    <ele>796</ele>
   </trkpt>
   <trkpt lat="45.5822500" lon="6.1444300">
    <ele>797</ele>
   </trkpt>
   <trkpt lat="45.5821300" lon="6.1442700">
    <ele>796</ele>
   </trkpt>
   <trkpt lat="45.5818700" lon="6.1438800">
    <ele>801</ele>
   </trkpt>
   <trkpt lat="45.5818100" lon="6.1438000">
    <ele>801</ele>
   </trkpt>
   <trkpt lat="45.5816600" lon="6.1436700">
    <ele>799</ele>
   </trkpt>
   <trkpt lat="45.5816200" lon="6.1436000">
    <ele>799</ele>
   </trkpt>
   <trkpt lat="45.5816100" lon="6.1435600">
    <ele>800</ele>
   </trkpt>
   <trkpt lat="45.5816100" lon="6.1435200">
    <ele>802</ele>
   </trkpt>
   <trkpt lat="45.5816200" lon="6.1434800">
    <ele>804</ele>
   </trkpt>
   <trkpt lat="45.5816600" lon="6.1434300">
    <ele>809</ele>
   </trkpt>
   <trkpt lat="45.5816900" lon="6.1434200">
    <ele>811</ele>
   </trkpt>
   <trkpt lat="45.5817300" lon="6.1434300">
    <ele>813</ele>
   </trkpt>
   <trkpt lat="45.5817700" lon="6.1434700">
    <ele>813</ele>
   </trkpt>
   <trkpt lat="45.5819100" lon="6.1437400">
    <ele>809</ele>
   </trkpt>
   <trkpt lat="45.5820099" lon="6.1438700">
    <ele>808</ele>
   </trkpt>
   <trkpt lat="45.5822400" lon="6.1440900">
    <ele>808</ele>
   </trkpt>
   <trkpt lat="45.5823300" lon="6.1441500">
    <ele>809</ele>
   </trkpt>
   <trkpt lat="45.5825400" lon="6.1442700">
    <ele>815</ele>
   </trkpt>
   <trkpt lat="45.5828500" lon="6.1444200">
    <ele>823</ele>
   </trkpt>
   <trkpt lat="45.5832800" lon="6.1446700">
    <ele>831</ele>
   </trkpt>
   <trkpt lat="45.5833800" lon="6.1447500">
    <ele>833</ele>
   </trkpt>
   <trkpt lat="45.5834199" lon="6.1448000">
    <ele>834</ele>
   </trkpt>
   <trkpt lat="45.5835000" lon="6.1449299">
    <ele>834</ele>
   </trkpt>
   <trkpt lat="45.5835300" lon="6.1449500">
    <ele>835</ele>
   </trkpt>
   <trkpt lat="45.5835700" lon="6.1449400">
    <ele>838</ele>
   </trkpt>
   <trkpt lat="45.5835999" lon="6.1449299">
    <ele>840</ele>
   </trkpt>
   <trkpt lat="45.5836200" lon="6.1449000">
    <ele>841</ele>
   </trkpt>
   <trkpt lat="45.5836400" lon="6.1448600">
    <ele>844</ele>
   </trkpt>
   <trkpt lat="45.5836400" lon="6.1448200">
    <ele>845</ele>
   </trkpt>
   <trkpt lat="45.5836400" lon="6.1447700">
    <ele>846</ele>
   </trkpt>
   <trkpt lat="45.5836200" lon="6.1447400">
    <ele>846</ele>
   </trkpt>
   <trkpt lat="45.5835900" lon="6.1447100">
    <ele>845</ele>
   </trkpt>
   <trkpt lat="45.5834000" lon="6.1446200">
    <ele>838</ele>
   </trkpt>
   <trkpt lat="45.5833400" lon="6.1445600">
    <ele>838</ele>
   </trkpt>
   <trkpt lat="45.5831200" lon="6.1443400">
    <ele>836</ele>
   </trkpt>
   <trkpt lat="45.5830399" lon="6.1442600">
    <ele>836</ele>
   </trkpt>
   <trkpt lat="45.5829300" lon="6.1442000">
    <ele>833</ele>
   </trkpt>
   <trkpt lat="45.5827699" lon="6.1441400">
    <ele>829</ele>
   </trkpt>
   <trkpt lat="45.5827300" lon="6.1441100">
    <ele>829</ele>
   </trkpt>
   <trkpt lat="45.5826900" lon="6.1440800">
    <ele>829</ele>
   </trkpt>
   <trkpt lat="45.5826800" lon="6.1440500">
    <ele>830</ele>
   </trkpt>
   <trkpt lat="45.5826700" lon="6.1440100">
    <ele>832</ele>
   </trkpt>
   <trkpt lat="45.5826800" lon="6.1439700">
    <ele>835</ele>
   </trkpt>
   <trkpt lat="45.5827100" lon="6.1439199">
    <ele>839</ele>
   </trkpt>
   <trkpt lat="45.5827900" lon="6.1439300">
    <ele>842</ele>
   </trkpt>
   <trkpt lat="45.5830399" lon="6.1441000">
    <ele>843</ele>
   </trkpt>
   <trkpt lat="45.5835000" lon="6.1443199">
    <ele>852</ele>
   </trkpt>
   <trkpt lat="45.5835999" lon="6.1443800">
    <ele>854</ele>
   </trkpt>
   <trkpt lat="45.5837300" lon="6.1444800">
    <ele>857</ele>
   </trkpt>
   <trkpt lat="45.5837700" lon="6.1445000">
    <ele>858</ele>
   </trkpt>
   <trkpt lat="45.5837999" lon="6.1444900">
    <ele>860</ele>
   </trkpt>
   <trkpt lat="45.5838500" lon="6.1444400">
    <ele>863</ele>
   </trkpt>
   <trkpt lat="45.5838600" lon="6.1443600">
    <ele>865</ele>
   </trkpt>
   <trkpt lat="45.5838600" lon="6.1443100">
    <ele>865</ele>
   </trkpt>
   <trkpt lat="45.5838400" lon="6.1442700">
    <ele>865</ele>
   </trkpt>
   <trkpt lat="45.5838200" lon="6.1442400">
    <ele>865</ele>
   </trkpt>
   <trkpt lat="45.5837900" lon="6.1442200">
    <ele>865</ele>
   </trkpt>
   <trkpt lat="45.5836600" lon="6.1441700">
    <ele>862</ele>
   </trkpt>
   <trkpt lat="45.5835400" lon="6.1441200">
    <ele>860</ele>
   </trkpt>
   <trkpt lat="45.5832200" lon="6.1439400">
    <ele>860</ele>
   </trkpt>
   <trkpt lat="45.5826500" lon="6.1436400">
    <ele>853</ele>
   </trkpt>
   <trkpt lat="45.5826000" lon="6.1436000">
    <ele>853</ele>
   </trkpt>
   <trkpt lat="45.5825699" lon="6.1435600">
    <ele>854</ele>
   </trkpt>
   <trkpt lat="45.5825400" lon="6.1435200">
    <ele>855</ele>
   </trkpt>
   <trkpt lat="45.5824700" lon="6.1433400">
    <ele>862</ele>
   </trkpt>
   <trkpt lat="45.5824000" lon="6.1432000">
    <ele>865</ele>
   </trkpt>
   <trkpt lat="45.5823400" lon="6.1431100">
    <ele>867</ele>
   </trkpt>
   <trkpt lat="45.5819900" lon="6.1426600">
    <ele>870</ele>
   </trkpt>
   <trkpt lat="45.5817000" lon="6.1423200">
    <ele>868</ele>
   </trkpt>
   <trkpt lat="45.5816600" lon="6.1422500">
    <ele>869</ele>
   </trkpt>
   <trkpt lat="45.5816400" lon="6.1421700">
    <ele>871</ele>
   </trkpt>
   <trkpt lat="45.5816299" lon="6.1420199">
    <ele>878</ele>
   </trkpt>
   <trkpt lat="45.5816100" lon="6.1419000">
    <ele>882</ele>
   </trkpt>
   <trkpt lat="45.5815500" lon="6.1418000">
    <ele>884</ele>
   </trkpt>
   <trkpt lat="45.5815000" lon="6.1417500">
    <ele>883</ele>
   </trkpt>
   <trkpt lat="45.5812700" lon="6.1416500">
    <ele>874</ele>
   </trkpt>
   <trkpt lat="45.5812200" lon="6.1415900">
    <ele>874</ele>
   </trkpt>
   <trkpt lat="45.5811700" lon="6.1415100">
    <ele>875</ele>
   </trkpt>
   <trkpt lat="45.5810400" lon="6.1412400">
    <ele>881</ele>
   </trkpt>
   <trkpt lat="45.5809500" lon="6.1411000">
    <ele>883</ele>
   </trkpt>
   <trkpt lat="45.5805500" lon="6.1406100">
    <ele>880</ele>
   </trkpt>
   <trkpt lat="45.5805000" lon="6.1405000">
    <ele>880</ele>
   </trkpt>
   <trkpt lat="45.5804900" lon="6.1404500">
    <ele>881</ele>
   </trkpt>
   <trkpt lat="45.5804800" lon="6.1403800">
    <ele>882</ele>
   </trkpt>
   <trkpt lat="45.5805099" lon="6.1402000">
    <ele>891</ele>
   </trkpt>
   <trkpt lat="45.5805000" lon="6.1401500">
    <ele>891</ele>
   </trkpt>
   <trkpt lat="45.5804800" lon="6.1400100">
    <ele>895</ele>
   </trkpt>
   <trkpt lat="45.5803700" lon="6.1396900">
    <ele>894</ele>
   </trkpt>
   <trkpt lat="45.5803500" lon="6.1395900">
    <ele>894</ele>
   </trkpt>
   <trkpt lat="45.5803299" lon="6.1394800">
    <ele>895</ele>
   </trkpt>
   <trkpt lat="45.5803299" lon="6.1393000">
    <ele>899</ele>
   </trkpt>
   <trkpt lat="45.5803100" lon="6.1392300">
    <ele>899</ele>
   </trkpt>
   <trkpt lat="45.5802400" lon="6.1391200">
    <ele>896</ele>
   </trkpt>
   <trkpt lat="45.5801900" lon="6.1389800">
    <ele>897</ele>
   </trkpt>
   <trkpt lat="45.5801900" lon="6.1389200">
    <ele>899</ele>
   </trkpt>
   <trkpt lat="45.5802400" lon="6.1386500">
    <ele>913</ele>
   </trkpt>
   <trkpt lat="45.5802400" lon="6.1385700">
    <ele>916</ele>
   </trkpt>
   <trkpt lat="45.5802300" lon="6.1384999">
    <ele>917</ele>
   </trkpt>
   <trkpt lat="45.5801900" lon="6.1384299">
    <ele>916</ele>
   </trkpt>
   <trkpt lat="45.5801500" lon="6.1383700">
    <ele>915</ele>
   </trkpt>
   <trkpt lat="45.5800700" lon="6.1382800">
    <ele>913</ele>
   </trkpt>
   <trkpt lat="45.5799800" lon="6.1381600">
    <ele>911</ele>
   </trkpt>
   <trkpt lat="45.5799400" lon="6.1380600">
    <ele>913</ele>
   </trkpt>
   <trkpt lat="45.5798400" lon="6.1378100">
    <ele>916</ele>
   </trkpt>
   <trkpt lat="45.5797700" lon="6.1376799">
    <ele>917</ele>
   </trkpt>
   <trkpt lat="45.5797100" lon="6.1376000">
    <ele>916</ele>
   </trkpt>
   <trkpt lat="45.5796200" lon="6.1375200">
    <ele>913</ele>
   </trkpt>
   <trkpt lat="45.5793899" lon="6.1373600">
    <ele>900</ele>
   </trkpt>
   <trkpt lat="45.5793500" lon="6.1373100">
    <ele>898</ele>
   </trkpt>
   <trkpt lat="45.5793000" lon="6.1372099">
    <ele>898</ele>
   </trkpt>
   <trkpt lat="45.5791600" lon="6.1369300">
    <ele>897</ele>
   </trkpt>
   <trkpt lat="45.5790999" lon="6.1368400">
    <ele>894</ele>
   </trkpt>
   <trkpt lat="45.5789900" lon="6.1367400">
    <ele>886</ele>
   </trkpt>
   <trkpt lat="45.5789300" lon="6.1366400">
    <ele>883</ele>
   </trkpt>
   <trkpt lat="45.5789199" lon="6.1365999">
    <ele>883</ele>
   </trkpt>
   <trkpt lat="45.5789100" lon="6.1365100">
    <ele>883</ele>
   </trkpt>
   <trkpt lat="45.5789199" lon="6.1364700">
    <ele>885</ele>
   </trkpt>
   <trkpt lat="45.5789500" lon="6.1364300">
    <ele>888</ele>
   </trkpt>
   <trkpt lat="45.5790700" lon="6.1363200">
    <ele>901</ele>
   </trkpt>
   <trkpt lat="45.5791100" lon="6.1362800">
    <ele>906</ele>
   </trkpt>
   <trkpt lat="45.5791300" lon="6.1362300">
    <ele>909</ele>
   </trkpt>
   <trkpt lat="45.5791500" lon="6.1361800">
    <ele>911</ele>
   </trkpt>
   <trkpt lat="45.5791600" lon="6.1361200">
    <ele>913</ele>
   </trkpt>
   <trkpt lat="45.5791300" lon="6.1359400">
    <ele>913</ele>
   </trkpt>
   <trkpt lat="45.5790700" lon="6.1356300">
    <ele>913</ele>
   </trkpt>
   <trkpt lat="45.5790400" lon="6.1355400">
    <ele>912</ele>
   </trkpt>
   <trkpt lat="45.5789800" lon="6.1354600">
    <ele>908</ele>
   </trkpt>
   <trkpt lat="45.5789000" lon="6.1353799">
    <ele>903</ele>
   </trkpt>
   <trkpt lat="45.5788700" lon="6.1353300">
    <ele>902</ele>
   </trkpt>
   <trkpt lat="45.5788600" lon="6.1352700">
    <ele>902</ele>
   </trkpt>
   <trkpt lat="45.5788600" lon="6.1351900">
    <ele>904</ele>
   </trkpt>
   <trkpt lat="45.5788900" lon="6.1351100">
    <ele>909</ele>
   </trkpt>
   <trkpt lat="45.5789300" lon="6.1350700">
    <ele>913</ele>
   </trkpt>
   <trkpt lat="45.5789700" lon="6.1350500">
    <ele>917</ele>
   </trkpt>
   <trkpt lat="45.5790099" lon="6.1350500">
    <ele>920</ele>
   </trkpt>
   <trkpt lat="45.5790400" lon="6.1350600">
    <ele>922</ele>
   </trkpt>
   <trkpt lat="45.5790800" lon="6.1351000">
    <ele>925</ele>
   </trkpt>
   <trkpt lat="45.5791400" lon="6.1352200">
    <ele>928</ele>
   </trkpt>
   <trkpt lat="45.5791800" lon="6.1353400">
    <ele>928</ele>
   </trkpt>
   <trkpt lat="45.5792000" lon="6.1353900">
    <ele>927</ele>
   </trkpt>
   <trkpt lat="45.5793500" lon="6.1355200">
    <ele>928</ele>
   </trkpt>
   <trkpt lat="45.5794600" lon="6.1355800">
    <ele>929</ele>
   </trkpt>
   <trkpt lat="45.5799800" lon="6.1357900">
    <ele>940</ele>
   </trkpt>
   <trkpt lat="45.5802300" lon="6.1358700">
    <ele>942</ele>
   </trkpt>
   <trkpt lat="45.5803600" lon="6.1359000">
    <ele>943</ele>
   </trkpt>
   <trkpt lat="45.5805000" lon="6.1358900">
    <ele>944</ele>
   </trkpt>
   <trkpt lat="45.5806900" lon="6.1358400">
    <ele>944</ele>
   </trkpt>
   <trkpt lat="45.5807900" lon="6.1357900">
    <ele>945</ele>
   </trkpt>
   <trkpt lat="45.5812400" lon="6.1355200">
    <ele>953</ele>
   </trkpt>
   <trkpt lat="45.5814300" lon="6.1354600">
    <ele>956</ele>
   </trkpt>
   <trkpt lat="45.5815500" lon="6.1354400">
    <ele>958</ele>
   </trkpt>
   <trkpt lat="45.5816600" lon="6.1354300">
    <ele>960</ele>
   </trkpt>
   <trkpt lat="45.5820200" lon="6.1354400">
    <ele>961</ele>
   </trkpt>
   <trkpt lat="45.5822300" lon="6.1354700">
    <ele>962</ele>
   </trkpt>
   <trkpt lat="45.5823100" lon="6.1355000">
    <ele>962</ele>
   </trkpt>
   <trkpt lat="45.5824400" lon="6.1355800">
    <ele>962</ele>
   </trkpt>
   <trkpt lat="45.5826000" lon="6.1356700">
    <ele>962</ele>
   </trkpt>
   <trkpt lat="45.5828500" lon="6.1357799">
    <ele>961</ele>
   </trkpt>
   <trkpt lat="45.5835500" lon="6.1361000">
    <ele>964</ele>
   </trkpt>
   <trkpt lat="45.5836800" lon="6.1361500">
    <ele>964</ele>
   </trkpt>
   <trkpt lat="45.5839000" lon="6.1362300">
    <ele>964</ele>
   </trkpt>
   <trkpt lat="45.5844600" lon="6.1363600">
    <ele>960</ele>
   </trkpt>
   <trkpt lat="45.5854200" lon="6.1366699">
    <ele>946</ele>
   </trkpt>
   <trkpt lat="45.5859499" lon="6.1368400">
    <ele>944</ele>
   </trkpt>
   <trkpt lat="45.5861300" lon="6.1369100">
    <ele>944</ele>
   </trkpt>
   <trkpt lat="45.5862500" lon="6.1369600">
    <ele>944</ele>
   </trkpt>
   <trkpt lat="45.5870600" lon="6.1374200">
    <ele>937</ele>
   </trkpt>
   <trkpt lat="45.5871700" lon="6.1374700">
    <ele>936</ele>
   </trkpt>
   <trkpt lat="45.5873800" lon="6.1375200">
    <ele>934</ele>
   </trkpt>
   <trkpt lat="45.5879800" lon="6.1376000">
    <ele>933</ele>
   </trkpt>
   <trkpt lat="45.5882700" lon="6.1376500">
    <ele>932</ele>
   </trkpt>
   <trkpt lat="45.5884100" lon="6.1377000">
    <ele>932</ele>
   </trkpt>
   <trkpt lat="45.5887300" lon="6.1378500">
    <ele>929</ele>
   </trkpt>
   <trkpt lat="45.5888200" lon="6.1378800">
    <ele>928</ele>
   </trkpt>
   <trkpt lat="45.5889100" lon="6.1378899">
    <ele>927</ele>
   </trkpt>
   <trkpt lat="45.5890100" lon="6.1378899">
    <ele>927</ele>
   </trkpt>
   <trkpt lat="45.5894300" lon="6.1378600">
    <ele>925</ele>
   </trkpt>
   <trkpt lat="45.5897600" lon="6.1378500">
    <ele>922</ele>
   </trkpt>
   <trkpt lat="45.5899500" lon="6.1378700">
    <ele>920</ele>
   </trkpt>
   <trkpt lat="45.5902300" lon="6.1379600">
    <ele>917</ele>
   </trkpt>
   <trkpt lat="45.5903500" lon="6.1379500">
    <ele>916</ele>
   </trkpt>
   <trkpt lat="45.5905300" lon="6.1379000">
    <ele>915</ele>
   </trkpt>
   <trkpt lat="45.5906100" lon="6.1378600">
    <ele>915</ele>
   </trkpt>
   <trkpt lat="45.5906600" lon="6.1378100">
    <ele>916</ele>
   </trkpt>
   <trkpt lat="45.5908000" lon="6.1376700">
    <ele>916</ele>
   </trkpt>
   <trkpt lat="45.5908800" lon="6.1376200">
    <ele>916</ele>
   </trkpt>
   <trkpt lat="45.5909600" lon="6.1375800">
    <ele>915</ele>
   </trkpt>
   <trkpt lat="45.5910500" lon="6.1375700">
    <ele>914</ele>
   </trkpt>
   <trkpt lat="45.5914100" lon="6.1375600">
    <ele>908</ele>
   </trkpt>
   <trkpt lat="45.5915400" lon="6.1375700">
    <ele>906</ele>
   </trkpt>
   <trkpt lat="45.5918800" lon="6.1376300">
    <ele>901</ele>
   </trkpt>
   <trkpt lat="45.5921600" lon="6.1376600">
    <ele>897</ele>
   </trkpt>
   <trkpt lat="45.5929300" lon="6.1377000">
    <ele>892</ele>
   </trkpt>
   <trkpt lat="45.5930100" lon="6.1377000">
    <ele>892</ele>
   </trkpt>
   <trkpt lat="45.5931000" lon="6.1376799">
    <ele>892</ele>
   </trkpt>
   <trkpt lat="45.5932200" lon="6.1376400">
    <ele>892</ele>
   </trkpt>
   <trkpt lat="45.5936000" lon="6.1374700">
    <ele>887</ele>
   </trkpt>
   <trkpt lat="45.5936900" lon="6.1374200">
    <ele>885</ele>
   </trkpt>
   <trkpt lat="45.5937500" lon="6.1373700">
    <ele>883</ele>
   </trkpt>
   <trkpt lat="45.5938100" lon="6.1373100">
    <ele>882</ele>
   </trkpt>
   <trkpt lat="45.5939600" lon="6.1371100">
    <ele>878</ele>
   </trkpt>
   <trkpt lat="45.5939900" lon="6.1370900">
    <ele>877</ele>
   </trkpt>
   <trkpt lat="45.5940299" lon="6.1370699">
    <ele>877</ele>
   </trkpt>
   <trkpt lat="45.5940500" lon="6.1370800">
    <ele>876</ele>
   </trkpt>
   <trkpt lat="45.5941000" lon="6.1371000">
    <ele>875</ele>
   </trkpt>
   <trkpt lat="45.5941199" lon="6.1371300">
    <ele>875</ele>
   </trkpt>
   <trkpt lat="45.5941400" lon="6.1371800">
    <ele>875</ele>
   </trkpt>
   <trkpt lat="45.5941400" lon="6.1372600">
    <ele>875</ele>
   </trkpt>
   <trkpt lat="45.5941300" lon="6.1373100">
    <ele>876</ele>
   </trkpt>
   <trkpt lat="45.5940400" lon="6.1374400">
    <ele>878</ele>
   </trkpt>
   <trkpt lat="45.5938299" lon="6.1378300">
    <ele>882</ele>
   </trkpt>
   <trkpt lat="45.5937800" lon="6.1378899">
    <ele>882</ele>
   </trkpt>
   <trkpt lat="45.5936600" lon="6.1379800">
    <ele>885</ele>
   </trkpt>
   <trkpt lat="45.5936200" lon="6.1380300">
    <ele>885</ele>
   </trkpt>
   <trkpt lat="45.5936000" lon="6.1380800">
    <ele>886</ele>
   </trkpt>
   <trkpt lat="45.5936000" lon="6.1381700">
    <ele>886</ele>
   </trkpt>
   <trkpt lat="45.5936200" lon="6.1382300">
    <ele>885</ele>
   </trkpt>
   <trkpt lat="45.5936499" lon="6.1382700">
    <ele>884</ele>
   </trkpt>
   <trkpt lat="45.5937500" lon="6.1383200">
    <ele>882</ele>
   </trkpt>
   <trkpt lat="45.5944900" lon="6.1384400">
    <ele>869</ele>
   </trkpt>
   <trkpt lat="45.5945899" lon="6.1385100">
    <ele>867</ele>
   </trkpt>
   <trkpt lat="45.5947300" lon="6.1386700">
    <ele>866</ele>
   </trkpt>
   <trkpt lat="45.5947600" lon="6.1386800">
    <ele>865</ele>
   </trkpt>
   <trkpt lat="45.5947900" lon="6.1386700">
    <ele>865</ele>
   </trkpt>
   <trkpt lat="45.5948200" lon="6.1386500">
    <ele>864</ele>
   </trkpt>
   <trkpt lat="45.5948400" lon="6.1385800">
    <ele>863</ele>
   </trkpt>
   <trkpt lat="45.5948400" lon="6.1385300">
    <ele>863</ele>
   </trkpt>
   <trkpt lat="45.5948200" lon="6.1384800">
    <ele>863</ele>
   </trkpt>
   <trkpt lat="45.5947800" lon="6.1384200">
    <ele>863</ele>
   </trkpt>
   <trkpt lat="45.5945100" lon="6.1382199">
    <ele>867</ele>
   </trkpt>
   <trkpt lat="45.5944700" lon="6.1381600">
    <ele>868</ele>
   </trkpt>
   <trkpt lat="45.5944500" lon="6.1381000">
    <ele>869</ele>
   </trkpt>
   <trkpt lat="45.5944500" lon="6.1380300">
    <ele>869</ele>
   </trkpt>
   <trkpt lat="45.5944700" lon="6.1379500">
    <ele>869</ele>
   </trkpt>
   <trkpt lat="45.5945899" lon="6.1376500">
    <ele>867</ele>
   </trkpt>
   <trkpt lat="45.5946400" lon="6.1375800">
    <ele>866</ele>
   </trkpt>
   <trkpt lat="45.5947000" lon="6.1375200">
    <ele>864</ele>
   </trkpt>
   <trkpt lat="45.5947900" lon="6.1374700">
    <ele>863</ele>
   </trkpt>
   <trkpt lat="45.5950100" lon="6.1373900">
    <ele>858</ele>
   </trkpt>
   <trkpt lat="45.5953200" lon="6.1372799">
    <ele>857</ele>
   </trkpt>
   <trkpt lat="45.5954600" lon="6.1372400">
    <ele>856</ele>
   </trkpt>
   <trkpt lat="45.5955500" lon="6.1372200">
    <ele>855</ele>
   </trkpt>
   <trkpt lat="45.5956600" lon="6.1371700">
    <ele>855</ele>
   </trkpt>
   <trkpt lat="45.5958500" lon="6.1370699">
    <ele>854</ele>
   </trkpt>
   <trkpt lat="45.5962699" lon="6.1369300">
    <ele>852</ele>
   </trkpt>
   <trkpt lat="45.5964500" lon="6.1368800">
    <ele>851</ele>
   </trkpt>
   <trkpt lat="45.5967500" lon="6.1367800">
    <ele>849</ele>
   </trkpt>
   <trkpt lat="45.5968500" lon="6.1367800">
    <ele>848</ele>
   </trkpt>
   <trkpt lat="45.5969800" lon="6.1368200">
    <ele>847</ele>
   </trkpt>
   <trkpt lat="45.5977500" lon="6.1371000">
    <ele>838</ele>
   </trkpt>
   <trkpt lat="45.5979600" lon="6.1371700">
    <ele>836</ele>
   </trkpt>
   <trkpt lat="45.5981100" lon="6.1372400">
    <ele>835</ele>
   </trkpt>
   <trkpt lat="45.5981700" lon="6.1372700">
    <ele>834</ele>
   </trkpt>
   <trkpt lat="45.5982700" lon="6.1373600">
    <ele>834</ele>
   </trkpt>
   <trkpt lat="45.5983900" lon="6.1375400">
    <ele>833</ele>
   </trkpt>
   <trkpt lat="45.5986199" lon="6.1380200">
    <ele>831</ele>
   </trkpt>
   <trkpt lat="45.5986700" lon="6.1381100">
    <ele>831</ele>
   </trkpt>
   <trkpt lat="45.5987300" lon="6.1381900">
    <ele>831</ele>
   </trkpt>
   <trkpt lat="45.5988300" lon="6.1382700">
    <ele>830</ele>
   </trkpt>
   <trkpt lat="45.5989500" lon="6.1383200">
    <ele>829</ele>
   </trkpt>
   <trkpt lat="45.5995300" lon="6.1385500">
    <ele>827</ele>
   </trkpt>
   <trkpt lat="45.5996300" lon="6.1386100">
    <ele>827</ele>
   </trkpt>
   <trkpt lat="45.5997400" lon="6.1386800">
    <ele>826</ele>
   </trkpt>
   <trkpt lat="45.6000900" lon="6.1389300">
    <ele>825</ele>
   </trkpt>
   <trkpt lat="45.6006200" lon="6.1392900">
    <ele>821</ele>
   </trkpt>
   <trkpt lat="45.6007800" lon="6.1393900">
    <ele>820</ele>
   </trkpt>
   <trkpt lat="45.6037100" lon="6.1409200">
    <ele>808</ele>
   </trkpt>
   <trkpt lat="45.6043600" lon="6.1412800">
    <ele>808</ele>
   </trkpt>
   <trkpt lat="45.6044700" lon="6.1413200">
    <ele>808</ele>
   </trkpt>
   <trkpt lat="45.6045600" lon="6.1413399">
    <ele>808</ele>
   </trkpt>
   <trkpt lat="45.6046700" lon="6.1413200">
    <ele>808</ele>
   </trkpt>
   <trkpt lat="45.6048199" lon="6.1412200">
    <ele>808</ele>
   </trkpt>
   <trkpt lat="45.6054200" lon="6.1406400">
    <ele>814</ele>
   </trkpt>
   <trkpt lat="45.6054800" lon="6.1406000">
    <ele>814</ele>
   </trkpt>
   <trkpt lat="45.6055500" lon="6.1405600">
    <ele>816</ele>
   </trkpt>
   <trkpt lat="45.6056100" lon="6.1405400">
    <ele>816</ele>
   </trkpt>
   <trkpt lat="45.6056900" lon="6.1405400">
    <ele>817</ele>
   </trkpt>
   <trkpt lat="45.6058800" lon="6.1405700">
    <ele>817</ele>
   </trkpt>
   <trkpt lat="45.6067200" lon="6.1408100">
    <ele>812</ele>
   </trkpt>
   <trkpt lat="45.6069800" lon="6.1409100">
    <ele>810</ele>
   </trkpt>
   <trkpt lat="45.6076000" lon="6.1411700">
    <ele>808</ele>
   </trkpt>
   <trkpt lat="45.6077100" lon="6.1412500">
    <ele>807</ele>
   </trkpt>
   <trkpt lat="45.6082700" lon="6.1417700">
    <ele>803</ele>
   </trkpt>
   <trkpt lat="45.6084500" lon="6.1419000">
    <ele>803</ele>
   </trkpt>
   <trkpt lat="45.6096700" lon="6.1427300">
    <ele>799</ele>
   </trkpt>
   <trkpt lat="45.6100900" lon="6.1429700">
    <ele>799</ele>
   </trkpt>
   <trkpt lat="45.6104200" lon="6.1431200">
    <ele>799</ele>
   </trkpt>
   <trkpt lat="45.6107500" lon="6.1432300">
    <ele>798</ele>
   </trkpt>
   <trkpt lat="45.6112300" lon="6.1433200">
    <ele>798</ele>
   </trkpt>
   <trkpt lat="45.6113100" lon="6.1433300">
    <ele>798</ele>
   </trkpt>
   <trkpt lat="45.6113700" lon="6.1433300">
    <ele>798</ele>
   </trkpt>
   <trkpt lat="45.6114400" lon="6.1432900">
    <ele>798</ele>
   </trkpt>
   <trkpt lat="45.6114900" lon="6.1432500">
    <ele>798</ele>
   </trkpt>
   <trkpt lat="45.6116800" lon="6.1429900">
    <ele>799</ele>
   </trkpt>
   <trkpt lat="45.6118600" lon="6.1428100">
    <ele>799</ele>
   </trkpt>
   <trkpt lat="45.6120000" lon="6.1427200">
    <ele>798</ele>
   </trkpt>
   <trkpt lat="45.6121200" lon="6.1426700">
    <ele>797</ele>
   </trkpt>
   <trkpt lat="45.6122299" lon="6.1426400">
    <ele>796</ele>
   </trkpt>
   <trkpt lat="45.6123800" lon="6.1426299">
    <ele>794</ele>
   </trkpt>
   <trkpt lat="45.6125900" lon="6.1426600">
    <ele>793</ele>
   </trkpt>
   <trkpt lat="45.6142600" lon="6.1430600">
    <ele>790</ele>
   </trkpt>
   <trkpt lat="45.6142700" lon="6.1431200">
    <ele>790</ele>
   </trkpt>
   <trkpt lat="45.6142800" lon="6.1431500">
    <ele>790</ele>
   </trkpt>
   <trkpt lat="45.6143300" lon="6.1431600">
    <ele>790</ele>
   </trkpt>
   <trkpt lat="45.6143500" lon="6.1431500">
    <ele>790</ele>
   </trkpt>
   <trkpt lat="45.6143700" lon="6.1430900">
    <ele>789</ele>
   </trkpt>
   <trkpt lat="45.6147300" lon="6.1431699">
    <ele>787</ele>
   </trkpt>
   <trkpt lat="45.6153000" lon="6.1433099">
    <ele>785</ele>
   </trkpt>
   <trkpt lat="45.6158000" lon="6.1434300">
    <ele>782</ele>
   </trkpt>
   <trkpt lat="45.6169300" lon="6.1437099">
    <ele>778</ele>
   </trkpt>
   <trkpt lat="45.6172500" lon="6.1438400">
    <ele>777</ele>
   </trkpt>
   <trkpt lat="45.6176400" lon="6.1440500">
    <ele>776</ele>
   </trkpt>
   <trkpt lat="45.6193200" lon="6.1450200">
    <ele>776</ele>
   </trkpt>
   <trkpt lat="45.6193700" lon="6.1450400">
    <ele>776</ele>
   </trkpt>
   <trkpt lat="45.6196000" lon="6.1451700">
    <ele>776</ele>
   </trkpt>
   <trkpt lat="45.6223400" lon="6.1467100">
    <ele>771</ele>
   </trkpt>
   <trkpt lat="45.6225300" lon="6.1468299">
    <ele>771</ele>
   </trkpt>
   <trkpt lat="45.6226500" lon="6.1469300">
    <ele>771</ele>
   </trkpt>
   <trkpt lat="45.6227500" lon="6.1470200">
    <ele>771</ele>
   </trkpt>
   <trkpt lat="45.6230300" lon="6.1473699">
    <ele>769</ele>
   </trkpt>
   <trkpt lat="45.6259200" lon="6.1510900">
    <ele>758</ele>
   </trkpt>
   <trkpt lat="45.6267500" lon="6.1521700">
    <ele>755</ele>
   </trkpt>
   <trkpt lat="45.6272000" lon="6.1527100">
    <ele>755</ele>
   </trkpt>
   <trkpt lat="45.6274700" lon="6.1529999">
    <ele>754</ele>
   </trkpt>
   <trkpt lat="45.6276400" lon="6.1531800">
    <ele>754</ele>
   </trkpt>
   <trkpt lat="45.6279800" lon="6.1534700">
    <ele>753</ele>
   </trkpt>
   <trkpt lat="45.6286800" lon="6.1540800">
    <ele>750</ele>
   </trkpt>
   <trkpt lat="45.6304900" lon="6.1557000">
    <ele>750</ele>
   </trkpt>
   <trkpt lat="45.6325800" lon="6.1575500">
    <ele>750</ele>
   </trkpt>
   <trkpt lat="45.6326600" lon="6.1576300">
    <ele>750</ele>
   </trkpt>
   <trkpt lat="45.6332700" lon="6.1581500">
    <ele>749</ele>
   </trkpt>
   <trkpt lat="45.6334800" lon="6.1583100">
    <ele>747</ele>
   </trkpt>
   <trkpt lat="45.6337199" lon="6.1584700">
    <ele>747</ele>
   </trkpt>
   <trkpt lat="45.6339600" lon="6.1586299">
    <ele>746</ele>
   </trkpt>
   <trkpt lat="45.6342700" lon="6.1587900">
    <ele>745</ele>
   </trkpt>
   <trkpt lat="45.6369400" lon="6.1601600">
    <ele>735</ele>
   </trkpt>
   <trkpt lat="45.6374799" lon="6.1604300">
    <ele>734</ele>
   </trkpt>
   <trkpt lat="45.6400600" lon="6.1617400">
    <ele>732</ele>
   </trkpt>
   <trkpt lat="45.6401600" lon="6.1618000">
    <ele>731</ele>
   </trkpt>
   <trkpt lat="45.6402600" lon="6.1618500">
    <ele>731</ele>
   </trkpt>
   <trkpt lat="45.6408400" lon="6.1621800">
    <ele>730</ele>
   </trkpt>
   <trkpt lat="45.6412000" lon="6.1624000">
    <ele>730</ele>
   </trkpt>
   <trkpt lat="45.6417500" lon="6.1627800">
    <ele>729</ele>
   </trkpt>
   <trkpt lat="45.6442600" lon="6.1646100">
    <ele>727</ele>
   </trkpt>
   <trkpt lat="45.6444100" lon="6.1647000">
    <ele>727</ele>
   </trkpt>
   <trkpt lat="45.6445900" lon="6.1647900">
    <ele>727</ele>
   </trkpt>
   <trkpt lat="45.6447700" lon="6.1648500">
    <ele>727</ele>
   </trkpt>
   <trkpt lat="45.6448700" lon="6.1648800">
    <ele>727</ele>
   </trkpt>
   <trkpt lat="45.6464400" lon="6.1653500">
    <ele>728</ele>
   </trkpt>
   <trkpt lat="45.6466600" lon="6.1654000">
    <ele>728</ele>
   </trkpt>
   <trkpt lat="45.6468599" lon="6.1654099">
    <ele>728</ele>
   </trkpt>
   <trkpt lat="45.6471000" lon="6.1654099">
    <ele>727</ele>
   </trkpt>
   <trkpt lat="45.6475000" lon="6.1654099">
    <ele>727</ele>
   </trkpt>
   <trkpt lat="45.6476900" lon="6.1654300">
    <ele>727</ele>
   </trkpt>
   <trkpt lat="45.6478700" lon="6.1654700">
    <ele>727</ele>
   </trkpt>
   <trkpt lat="45.6480500" lon="6.1655300">
    <ele>727</ele>
   </trkpt>
   <trkpt lat="45.6487900" lon="6.1658000">
    <ele>730</ele>
   </trkpt>
   <trkpt lat="45.6492200" lon="6.1659600">
    <ele>731</ele>
   </trkpt>
   <trkpt lat="45.6496400" lon="6.1661000">
    <ele>732</ele>
   </trkpt>
   <trkpt lat="45.6500200" lon="6.1662300">
    <ele>733</ele>
   </trkpt>
   <trkpt lat="45.6501100" lon="6.1662800">
    <ele>733</ele>
   </trkpt>
   <trkpt lat="45.6501300" lon="6.1662900">
    <ele>733</ele>
   </trkpt>
   <trkpt lat="45.6503100" lon="6.1663700">
    <ele>734</ele>
   </trkpt>
   <trkpt lat="45.6504000" lon="6.1663800">
    <ele>734</ele>
   </trkpt>
   <trkpt lat="45.6504400" lon="6.1663800">
    <ele>734</ele>
   </trkpt>
   <trkpt lat="45.6505200" lon="6.1663900">
    <ele>734</ele>
   </trkpt>
   <trkpt lat="45.6506800" lon="6.1664500">
    <ele>734</ele>
   </trkpt>
   <trkpt lat="45.6508700" lon="6.1665700">
    <ele>735</ele>
   </trkpt>
   <trkpt lat="45.6509700" lon="6.1666400">
    <ele>734</ele>
   </trkpt>
   <trkpt lat="45.6511700" lon="6.1667600">
    <ele>733</ele>
   </trkpt>
   <trkpt lat="45.6512699" lon="6.1668100">
    <ele>733</ele>
   </trkpt>
   <trkpt lat="45.6515200" lon="6.1668700">
    <ele>732</ele>
   </trkpt>
   <trkpt lat="45.6516100" lon="6.1669000">
    <ele>731</ele>
   </trkpt>
   <trkpt lat="45.6516800" lon="6.1669300">
    <ele>731</ele>
   </trkpt>
   <trkpt lat="45.6518200" lon="6.1669700">
    <ele>730</ele>
   </trkpt>
   <trkpt lat="45.6519000" lon="6.1669900">
    <ele>730</ele>
   </trkpt>
   <trkpt lat="45.6519600" lon="6.1669800">
    <ele>730</ele>
   </trkpt>
   <trkpt lat="45.6520000" lon="6.1669700">
    <ele>730</ele>
   </trkpt>
   <trkpt lat="45.6522300" lon="6.1668500">
    <ele>729</ele>
   </trkpt>
   <trkpt lat="45.6530500" lon="6.1663200">
    <ele>726</ele>
   </trkpt>
   <trkpt lat="45.6556700" lon="6.1646500">
    <ele>716</ele>
   </trkpt>
   <trkpt lat="45.6573600" lon="6.1635200">
    <ele>708</ele>
   </trkpt>
   <trkpt lat="45.6575800" lon="6.1633600">
    <ele>708</ele>
   </trkpt>
   <trkpt lat="45.6582900" lon="6.1628400">
    <ele>719</ele>
   </trkpt>
   <trkpt lat="45.6583700" lon="6.1628000">
    <ele>720</ele>
   </trkpt>
   <trkpt lat="45.6584600" lon="6.1627900">
    <ele>720</ele>
   </trkpt>
   <trkpt lat="45.6596100" lon="6.1626700">
    <ele>718</ele>
   </trkpt>
   <trkpt lat="45.6599200" lon="6.1626400">
    <ele>716</ele>
   </trkpt>
   <trkpt lat="45.6600600" lon="6.1626100">
    <ele>716</ele>
   </trkpt>
   <trkpt lat="45.6601799" lon="6.1625700">
    <ele>714</ele>
   </trkpt>
   <trkpt lat="45.6605000" lon="6.1624300">
    <ele>712</ele>
   </trkpt>
   <trkpt lat="45.6606200" lon="6.1623599">
    <ele>712</ele>
   </trkpt>
   <trkpt lat="45.6608300" lon="6.1622100">
    <ele>713</ele>
   </trkpt>
   <trkpt lat="45.6609399" lon="6.1620900">
    <ele>714</ele>
   </trkpt>
   <trkpt lat="45.6611600" lon="6.1618000">
    <ele>715</ele>
   </trkpt>
   <trkpt lat="45.6613200" lon="6.1615600">
    <ele>715</ele>
   </trkpt>
   <trkpt lat="45.6616500" lon="6.1609999">
    <ele>716</ele>
   </trkpt>
   <trkpt lat="45.6617700" lon="6.1608599">
    <ele>716</ele>
   </trkpt>
   <trkpt lat="45.6618900" lon="6.1607300">
    <ele>716</ele>
   </trkpt>
   <trkpt lat="45.6620300" lon="6.1606500">
    <ele>713</ele>
   </trkpt>
   <trkpt lat="45.6622800" lon="6.1605299">
    <ele>706</ele>
   </trkpt>
   <trkpt lat="45.6623400" lon="6.1604900">
    <ele>704</ele>
   </trkpt>
   <trkpt lat="45.6631799" lon="6.1598700">
    <ele>696</ele>
   </trkpt>
   <trkpt lat="45.6639300" lon="6.1592900">
    <ele>694</ele>
   </trkpt>
   <trkpt lat="45.6651500" lon="6.1583800">
    <ele>691</ele>
   </trkpt>
   <trkpt lat="45.6653000" lon="6.1582700">
    <ele>691</ele>
   </trkpt>
   <trkpt lat="45.6663600" lon="6.1574799">
    <ele>690</ele>
   </trkpt>
   <trkpt lat="45.6665900" lon="6.1573100">
    <ele>690</ele>
   </trkpt>
   <trkpt lat="45.6669600" lon="6.1570400">
    <ele>689</ele>
   </trkpt>
   <trkpt lat="45.6670800" lon="6.1569300">
    <ele>689</ele>
   </trkpt>
   <trkpt lat="45.6672600" lon="6.1567400">
    <ele>688</ele>
   </trkpt>
   <trkpt lat="45.6674000" lon="6.1565800">
    <ele>687</ele>
   </trkpt>
   <trkpt lat="45.6675300" lon="6.1564000">
    <ele>685</ele>
   </trkpt>
   <trkpt lat="45.6676400" lon="6.1562100">
    <ele>685</ele>
   </trkpt>
   <trkpt lat="45.6677500" lon="6.1559700">
    <ele>684</ele>
   </trkpt>
   <trkpt lat="45.6678500" lon="6.1557200">
    <ele>683</ele>
   </trkpt>
   <trkpt lat="45.6679200" lon="6.1554800">
    <ele>683</ele>
   </trkpt>
   <trkpt lat="45.6681200" lon="6.1546400">
    <ele>682</ele>
   </trkpt>
   <trkpt lat="45.6696200" lon="6.1483500">
    <ele>675</ele>
   </trkpt>
   <trkpt lat="45.6700100" lon="6.1467599">
    <ele>676</ele>
   </trkpt>
   <trkpt lat="45.6700700" lon="6.1465400">
    <ele>676</ele>
   </trkpt>
   <trkpt lat="45.6701300" lon="6.1463800">
    <ele>675</ele>
   </trkpt>
   <trkpt lat="45.6702100" lon="6.1462000">
    <ele>675</ele>
   </trkpt>
   <trkpt lat="45.6703100" lon="6.1460400">
    <ele>675</ele>
   </trkpt>
   <trkpt lat="45.6704300" lon="6.1458700">
    <ele>674</ele>
   </trkpt>
   <trkpt lat="45.6705300" lon="6.1457800">
    <ele>674</ele>
   </trkpt>
   <trkpt lat="45.6706800" lon="6.1456700">
    <ele>674</ele>
   </trkpt>
   <trkpt lat="45.6709000" lon="6.1455500">
    <ele>673</ele>
   </trkpt>
   <trkpt lat="45.6715400" lon="6.1452800">
    <ele>677</ele>
   </trkpt>
   <trkpt lat="45.6731200" lon="6.1446200">
    <ele>679</ele>
   </trkpt>
   <trkpt lat="45.6735700" lon="6.1444400">
    <ele>679</ele>
   </trkpt>
   <trkpt lat="45.6737400" lon="6.1442900">
    <ele>678</ele>
   </trkpt>
   <trkpt lat="45.6738100" lon="6.1441700">
    <ele>678</ele>
   </trkpt>
   <trkpt lat="45.6740000" lon="6.1437099">
    <ele>677</ele>
   </trkpt>
   <trkpt lat="45.6740400" lon="6.1436600">
    <ele>677</ele>
   </trkpt>
   <trkpt lat="45.6740799" lon="6.1436300">
    <ele>676</ele>
   </trkpt>
   <trkpt lat="45.6743800" lon="6.1435800">
    <ele>679</ele>
   </trkpt>
   <trkpt lat="45.6744100" lon="6.1435600">
    <ele>679</ele>
   </trkpt>
   <trkpt lat="45.6744500" lon="6.1435200">
    <ele>680</ele>
   </trkpt>
   <trkpt lat="45.6745500" lon="6.1433700">
    <ele>682</ele>
   </trkpt>
   <trkpt lat="45.6748100" lon="6.1429200">
    <ele>684</ele>
   </trkpt>
   <trkpt lat="45.6748700" lon="6.1428000">
    <ele>684</ele>
   </trkpt>
   <trkpt lat="45.6749099" lon="6.1426700">
    <ele>683</ele>
   </trkpt>
   <trkpt lat="45.6749500" lon="6.1426000">
    <ele>683</ele>
   </trkpt>
   <trkpt lat="45.6749900" lon="6.1425800">
    <ele>683</ele>
   </trkpt>
   <trkpt lat="45.6750300" lon="6.1425800">
    <ele>684</ele>
   </trkpt>
   <trkpt lat="45.6750700" lon="6.1426000">
    <ele>685</ele>
   </trkpt>
   <trkpt lat="45.6751000" lon="6.1426500">
    <ele>686</ele>
   </trkpt>
   <trkpt lat="45.6751099" lon="6.1426999">
    <ele>687</ele>
   </trkpt>
   <trkpt lat="45.6751000" lon="6.1427800">
    <ele>687</ele>
   </trkpt>
   <trkpt lat="45.6749500" lon="6.1431800">
    <ele>689</ele>
   </trkpt>
   <trkpt lat="45.6748900" lon="6.1434500">
    <ele>689</ele>
   </trkpt>
   <trkpt lat="45.6748700" lon="6.1436000">
    <ele>688</ele>
   </trkpt>
   <trkpt lat="45.6748700" lon="6.1437099">
    <ele>688</ele>
   </trkpt>
   <trkpt lat="45.6748800" lon="6.1438000">
    <ele>688</ele>
   </trkpt>
   <trkpt lat="45.6749200" lon="6.1439000">
    <ele>688</ele>
   </trkpt>
   <trkpt lat="45.6749600" lon="6.1439700">
    <ele>689</ele>
   </trkpt>
   <trkpt lat="45.6750400" lon="6.1440500">
    <ele>690</ele>
   </trkpt>
   <trkpt lat="45.6757300" lon="6.1447400">
    <ele>703</ele>
   </trkpt>
   <trkpt lat="45.6758900" lon="6.1448900">
    <ele>706</ele>
   </trkpt>
   <trkpt lat="45.6759700" lon="6.1449299">
    <ele>707</ele>
   </trkpt>
   <trkpt lat="45.6760499" lon="6.1449299">
    <ele>709</ele>
   </trkpt>
   <trkpt lat="45.6761500" lon="6.1449100">
    <ele>710</ele>
   </trkpt>
   <trkpt lat="45.6765800" lon="6.1447400">
    <ele>716</ele>
   </trkpt>
   <trkpt lat="45.6770200" lon="6.1445200">
    <ele>719</ele>
   </trkpt>
   <trkpt lat="45.6771100" lon="6.1444400">
    <ele>719</ele>
   </trkpt>
   <trkpt lat="45.6772300" lon="6.1443199">
    <ele>718</ele>
   </trkpt>
   <trkpt lat="45.6779700" lon="6.1431300">
    <ele>719</ele>
   </trkpt>
   <trkpt lat="45.6781099" lon="6.1429800">
    <ele>721</ele>
   </trkpt>
   <trkpt lat="45.6788900" lon="6.1422700">
    <ele>731</ele>
   </trkpt>
   <trkpt lat="45.6790900" lon="6.1421000">
    <ele>733</ele>
   </trkpt>
   <trkpt lat="45.6792000" lon="6.1419800">
    <ele>735</ele>
   </trkpt>
   <trkpt lat="45.6793000" lon="6.1418600">
    <ele>738</ele>
   </trkpt>
   <trkpt lat="45.6795300" lon="6.1414799">
    <ele>744</ele>
   </trkpt>
   <trkpt lat="45.6804599" lon="6.1398100">
    <ele>761</ele>
   </trkpt>
   <trkpt lat="45.6806500" lon="6.1394700">
    <ele>762</ele>
   </trkpt>
   <trkpt lat="45.6810400" lon="6.1387600">
    <ele>766</ele>
   </trkpt>
   <trkpt lat="45.6811900" lon="6.1384999">
    <ele>768</ele>
   </trkpt>
   <trkpt lat="45.6813500" lon="6.1381800">
    <ele>768</ele>
   </trkpt>
   <trkpt lat="45.6815600" lon="6.1376799">
    <ele>768</ele>
   </trkpt>
   <trkpt lat="45.6816200" lon="6.1375900">
    <ele>767</ele>
   </trkpt>
   <trkpt lat="45.6817800" lon="6.1374500">
    <ele>766</ele>
   </trkpt>
   <trkpt lat="45.6818800" lon="6.1373200">
    <ele>764</ele>
   </trkpt>
   <trkpt lat="45.6819599" lon="6.1372400">
    <ele>763</ele>
   </trkpt>
   <trkpt lat="45.6820200" lon="6.1372200">
    <ele>762</ele>
   </trkpt>
   <trkpt lat="45.6820900" lon="6.1372200">
    <ele>762</ele>
   </trkpt>
   <trkpt lat="45.6822600" lon="6.1373100">
    <ele>763</ele>
   </trkpt>
   <trkpt lat="45.6824800" lon="6.1374100">
    <ele>765</ele>
   </trkpt>
   <trkpt lat="45.6825900" lon="6.1374200">
    <ele>765</ele>
   </trkpt>
   <trkpt lat="45.6826999" lon="6.1374000">
    <ele>765</ele>
   </trkpt>
   <trkpt lat="45.6829500" lon="6.1372700">
    <ele>759</ele>
   </trkpt>
   <trkpt lat="45.6831000" lon="6.1372200">
    <ele>757</ele>
   </trkpt>
   <trkpt lat="45.6833500" lon="6.1371800">
    <ele>754</ele>
   </trkpt>
   <trkpt lat="45.6836399" lon="6.1371500">
    <ele>754</ele>
   </trkpt>
   <trkpt lat="45.6837800" lon="6.1371000">
    <ele>753</ele>
   </trkpt>
   <trkpt lat="45.6839400" lon="6.1370600">
    <ele>752</ele>
   </trkpt>
   <trkpt lat="45.6844200" lon="6.1370500">
    <ele>754</ele>
   </trkpt>
   <trkpt lat="45.6845500" lon="6.1370300">
    <ele>754</ele>
   </trkpt>
   <trkpt lat="45.6848400" lon="6.1369400">
    <ele>752</ele>
   </trkpt>
   <trkpt lat="45.6850600" lon="6.1368600">
    <ele>750</ele>
   </trkpt>
   <trkpt lat="45.6851700" lon="6.1368000">
    <ele>748</ele>
   </trkpt>
   <trkpt lat="45.6854500" lon="6.1366200">
    <ele>742</ele>
   </trkpt>
   <trkpt lat="45.6855600" lon="6.1365200">
    <ele>741</ele>
   </trkpt>
   <trkpt lat="45.6857000" lon="6.1363899">
    <ele>740</ele>
   </trkpt>
   <trkpt lat="45.6858700" lon="6.1362500">
    <ele>740</ele>
   </trkpt>
   <trkpt lat="45.6864700" lon="6.1357300">
    <ele>740</ele>
   </trkpt>
   <trkpt lat="45.6870199" lon="6.1352800">
    <ele>740</ele>
   </trkpt>
   <trkpt lat="45.6870900" lon="6.1352300">
    <ele>740</ele>
   </trkpt>
   <trkpt lat="45.6871900" lon="6.1351500">
    <ele>740</ele>
   </trkpt>
   <trkpt lat="45.6873700" lon="6.1350000">
    <ele>740</ele>
   </trkpt>
   <trkpt lat="45.6876000" lon="6.1348100">
    <ele>740</ele>
   </trkpt>
   <trkpt lat="45.6876300" lon="6.1348399">
    <ele>740</ele>
   </trkpt>
   <trkpt lat="45.6876600" lon="6.1348500">
    <ele>741</ele>
   </trkpt>
   <trkpt lat="45.6876900" lon="6.1348300">
    <ele>741</ele>
   </trkpt>
   <trkpt lat="45.6877100" lon="6.1348000">
    <ele>740</ele>
   </trkpt>
   <trkpt lat="45.6877200" lon="6.1347699">
    <ele>740</ele>
   </trkpt>
   <trkpt lat="45.6877100" lon="6.1347300">
    <ele>740</ele>
   </trkpt>
   <trkpt lat="45.6887900" lon="6.1338200">
    <ele>740</ele>
   </trkpt>
   <trkpt lat="45.6888700" lon="6.1337400">
    <ele>740</ele>
   </trkpt>
   <trkpt lat="45.6889100" lon="6.1336800">
    <ele>740</ele>
   </trkpt>
   <trkpt lat="45.6889899" lon="6.1335700">
    <ele>740</ele>
   </trkpt>
   <trkpt lat="45.6890600" lon="6.1333900">
    <ele>740</ele>
   </trkpt>
   <trkpt lat="45.6892300" lon="6.1327900">
    <ele>739</ele>
   </trkpt>
   <trkpt lat="45.6893300" lon="6.1326100">
    <ele>739</ele>
   </trkpt>
   <trkpt lat="45.6894300" lon="6.1324700">
    <ele>739</ele>
   </trkpt>
   <trkpt lat="45.6895700" lon="6.1323299">
    <ele>739</ele>
   </trkpt>
   <trkpt lat="45.6899400" lon="6.1320200">
    <ele>739</ele>
   </trkpt>
   <trkpt lat="45.6900600" lon="6.1319300">
    <ele>739</ele>
   </trkpt>
   <trkpt lat="45.6912300" lon="6.1310500">
    <ele>736</ele>
   </trkpt>
   <trkpt lat="45.6915000" lon="6.1308400">
    <ele>735</ele>
   </trkpt>
   <trkpt lat="45.6916200" lon="6.1307400">
    <ele>734</ele>
   </trkpt>
   <trkpt lat="45.6917400" lon="6.1305700">
    <ele>734</ele>
   </trkpt>
   <trkpt lat="45.6918000" lon="6.1304400">
    <ele>733</ele>
   </trkpt>
   <trkpt lat="45.6918600" lon="6.1302700">
    <ele>733</ele>
   </trkpt>
   <trkpt lat="45.6922000" lon="6.1288400">
    <ele>730</ele>
   </trkpt>
   <trkpt lat="45.6922700" lon="6.1286100">
    <ele>729</ele>
   </trkpt>
   <trkpt lat="45.6923300" lon="6.1284500">
    <ele>729</ele>
   </trkpt>
   <trkpt lat="45.6924000" lon="6.1283000">
    <ele>728</ele>
   </trkpt>
   <trkpt lat="45.6924800" lon="6.1281600">
    <ele>727</ele>
   </trkpt>
   <trkpt lat="45.6925800" lon="6.1280200">
    <ele>726</ele>
   </trkpt>
   <trkpt lat="45.6927200" lon="6.1278600">
    <ele>724</ele>
   </trkpt>
   <trkpt lat="45.6928600" lon="6.1277500">
    <ele>723</ele>
   </trkpt>
   <trkpt lat="45.6930500" lon="6.1276400">
    <ele>722</ele>
   </trkpt>
   <trkpt lat="45.6932300" lon="6.1275600">
    <ele>721</ele>
   </trkpt>
   <trkpt lat="45.6940600" lon="6.1273600">
    <ele>718</ele>
   </trkpt>
   <trkpt lat="45.6950200" lon="6.1271000">
    <ele>715</ele>
   </trkpt>
   <trkpt lat="45.6952400" lon="6.1270100">
    <ele>714</ele>
   </trkpt>
   <trkpt lat="45.6954200" lon="6.1269200">
    <ele>713</ele>
   </trkpt>
   <trkpt lat="45.6954900" lon="6.1268500">
    <ele>712</ele>
   </trkpt>
   <trkpt lat="45.6955800" lon="6.1267600">
    <ele>711</ele>
   </trkpt>
   <trkpt lat="45.6956700" lon="6.1268700">
    <ele>713</ele>
   </trkpt>
   <trkpt lat="45.6958100" lon="6.1269800">
    <ele>714</ele>
   </trkpt>
   <trkpt lat="45.6962900" lon="6.1271699">
    <ele>718</ele>
   </trkpt>
   <trkpt lat="45.6965999" lon="6.1272800">
    <ele>721</ele>
   </trkpt>
   <trkpt lat="45.6973500" lon="6.1273400">
    <ele>718</ele>
   </trkpt>
   <trkpt lat="45.6977500" lon="6.1273600">
    <ele>717</ele>
   </trkpt>
   <trkpt lat="45.6982100" lon="6.1273799">
    <ele>715</ele>
   </trkpt>
   <trkpt lat="45.6986900" lon="6.1274400">
    <ele>714</ele>
   </trkpt>
   <trkpt lat="45.6987499" lon="6.1274600">
    <ele>714</ele>
   </trkpt>
   <trkpt lat="45.6990300" lon="6.1276300">
    <ele>716</ele>
   </trkpt>
   <trkpt lat="45.6996800" lon="6.1280200">
    <ele>716</ele>
   </trkpt>
   <trkpt lat="45.6998000" lon="6.1281300">
    <ele>716</ele>
   </trkpt>
   <trkpt lat="45.6999400" lon="6.1282700">
    <ele>715</ele>
   </trkpt>
   <trkpt lat="45.7001500" lon="6.1288900">
    <ele>716</ele>
   </trkpt>
   <trkpt lat="45.7004000" lon="6.1293200">
    <ele>716</ele>
   </trkpt>
   <trkpt lat="45.7004900" lon="6.1294800">
    <ele>717</ele>
   </trkpt>
   <trkpt lat="45.7005600" lon="6.1294300">
    <ele>716</ele>
   </trkpt>
   <trkpt lat="45.7007800" lon="6.1294300">
    <ele>716</ele>
   </trkpt>
   <trkpt lat="45.7009400" lon="6.1294000">
    <ele>716</ele>
   </trkpt>
   <trkpt lat="45.7011100" lon="6.1293200">
    <ele>716</ele>
   </trkpt>
   <trkpt lat="45.7013000" lon="6.1292300">
    <ele>716</ele>
   </trkpt>
   <trkpt lat="45.7015900" lon="6.1290300">
    <ele>715</ele>
   </trkpt>
   <trkpt lat="45.7020900" lon="6.1287100">
    <ele>716</ele>
   </trkpt>
   <trkpt lat="45.7023500" lon="6.1287000">
    <ele>718</ele>
   </trkpt>
   <trkpt lat="45.7025099" lon="6.1286800">
    <ele>719</ele>
   </trkpt>
   <trkpt lat="45.7025400" lon="6.1287300">
    <ele>720</ele>
   </trkpt>
   <trkpt lat="45.7025900" lon="6.1287800">
    <ele>721</ele>
   </trkpt>
   <trkpt lat="45.7031800" lon="6.1285600">
    <ele>723</ele>
   </trkpt>
   <trkpt lat="45.7040300" lon="6.1282000">
    <ele>725</ele>
   </trkpt>
   <trkpt lat="45.7044300" lon="6.1280000">
    <ele>726</ele>
   </trkpt>
   <trkpt lat="45.7047300" lon="6.1279100">
    <ele>727</ele>
   </trkpt>
   <trkpt lat="45.7054000" lon="6.1278200">
    <ele>730</ele>
   </trkpt>
   <trkpt lat="45.7062200" lon="6.1276200">
    <ele>734</ele>
   </trkpt>
   <trkpt lat="45.7063900" lon="6.1275800">
    <ele>735</ele>
   </trkpt>
   <trkpt lat="45.7068200" lon="6.1276100">
    <ele>739</ele>
   </trkpt>
   <trkpt lat="45.7071200" lon="6.1276000">
    <ele>740</ele>
   </trkpt>
   <trkpt lat="45.7072999" lon="6.1275700">
    <ele>740</ele>
   </trkpt>
   <trkpt lat="45.7080800" lon="6.1274000">
    <ele>741</ele>
   </trkpt>
   <trkpt lat="45.7082400" lon="6.1273799">
    <ele>742</ele>
   </trkpt>
   <trkpt lat="45.7083800" lon="6.1273700">
    <ele>742</ele>
   </trkpt>
   <trkpt lat="45.7085300" lon="6.1273799">
    <ele>743</ele>
   </trkpt>
   <trkpt lat="45.7087999" lon="6.1274499">
    <ele>744</ele>
   </trkpt>
   <trkpt lat="45.7088800" lon="6.1274900">
    <ele>744</ele>
   </trkpt>
   <trkpt lat="45.7092500" lon="6.1277100">
    <ele>748</ele>
   </trkpt>
   <trkpt lat="45.7093800" lon="6.1277799">
    <ele>750</ele>
   </trkpt>
   <trkpt lat="45.7094900" lon="6.1278100">
    <ele>751</ele>
   </trkpt>
   <trkpt lat="45.7097600" lon="6.1278400">
    <ele>753</ele>
   </trkpt>
   <trkpt lat="45.7103200" lon="6.1278200">
    <ele>757</ele>
   </trkpt>
   <trkpt lat="45.7104500" lon="6.1277799">
    <ele>757</ele>
   </trkpt>
   <trkpt lat="45.7111400" lon="6.1275800">
    <ele>760</ele>
   </trkpt>
   <trkpt lat="45.7113200" lon="6.1275400">
    <ele>762</ele>
   </trkpt>
   <trkpt lat="45.7118400" lon="6.1274300">
    <ele>764</ele>
   </trkpt>
   <trkpt lat="45.7122100" lon="6.1274100">
    <ele>765</ele>
   </trkpt>
   <trkpt lat="45.7132700" lon="6.1275400">
    <ele>775</ele>
   </trkpt>
   <trkpt lat="45.7137500" lon="6.1274499">
    <ele>779</ele>
   </trkpt>
   <trkpt lat="45.7141000" lon="6.1273300">
    <ele>781</ele>
   </trkpt>
   <trkpt lat="45.7145000" lon="6.1272100">
    <ele>782</ele>
   </trkpt>
   <trkpt lat="45.7146199" lon="6.1272000">
    <ele>782</ele>
   </trkpt>
   <trkpt lat="45.7147200" lon="6.1272100">
    <ele>783</ele>
   </trkpt>
   <trkpt lat="45.7148100" lon="6.1272500">
    <ele>784</ele>
   </trkpt>
   <trkpt lat="45.7149200" lon="6.1273300">
    <ele>786</ele>
   </trkpt>
   <trkpt lat="45.7150300" lon="6.1274700">
    <ele>788</ele>
   </trkpt>
   <trkpt lat="45.7154500" lon="6.1278700">
    <ele>789</ele>
   </trkpt>
   <trkpt lat="45.7156000" lon="6.1279800">
    <ele>789</ele>
   </trkpt>
   <trkpt lat="45.7156400" lon="6.1280100">
    <ele>789</ele>
   </trkpt>
   <trkpt lat="45.7157800" lon="6.1280700">
    <ele>788</ele>
   </trkpt>
   <trkpt lat="45.7161300" lon="6.1282100">
    <ele>790</ele>
   </trkpt>
   <trkpt lat="45.7162099" lon="6.1282300">
    <ele>790</ele>
   </trkpt>
   <trkpt lat="45.7163800" lon="6.1282400">
    <ele>790</ele>
   </trkpt>
   <trkpt lat="45.7165000" lon="6.1282200">
    <ele>790</ele>
   </trkpt>
   <trkpt lat="45.7172000" lon="6.1279500">
    <ele>791</ele>
   </trkpt>
   <trkpt lat="45.7177000" lon="6.1279400">
    <ele>795</ele>
   </trkpt>
   <trkpt lat="45.7193200" lon="6.1280100">
    <ele>802</ele>
   </trkpt>
   <trkpt lat="45.7194600" lon="6.1280500">
    <ele>803</ele>
   </trkpt>
   <trkpt lat="45.7195800" lon="6.1281200">
    <ele>804</ele>
   </trkpt>
   <trkpt lat="45.7197400" lon="6.1282700">
    <ele>806</ele>
   </trkpt>
   <trkpt lat="45.7199800" lon="6.1285200">
    <ele>808</ele>
   </trkpt>
   <trkpt lat="45.7201800" lon="6.1286100">
    <ele>810</ele>
   </trkpt>
   <trkpt lat="45.7207000" lon="6.1287100">
    <ele>811</ele>
   </trkpt>
   <trkpt lat="45.7207200" lon="6.1287200">
    <ele>811</ele>
   </trkpt>
   <trkpt lat="45.7208500" lon="6.1288300">
    <ele>812</ele>
   </trkpt>
   <trkpt lat="45.7209300" lon="6.1289700">
    <ele>812</ele>
   </trkpt>
   <trkpt lat="45.7210899" lon="6.1292700">
    <ele>814</ele>
   </trkpt>
   <trkpt lat="45.7211300" lon="6.1294400">
    <ele>816</ele>
   </trkpt>
   <trkpt lat="45.7211600" lon="6.1296799">
    <ele>819</ele>
   </trkpt>
   <trkpt lat="45.7212500" lon="6.1301000">
    <ele>823</ele>
   </trkpt>
   <trkpt lat="45.7212800" lon="6.1302000">
    <ele>824</ele>
   </trkpt>
   <trkpt lat="45.7213300" lon="6.1302899">
    <ele>825</ele>
   </trkpt>
   <trkpt lat="45.7213600" lon="6.1303400">
    <ele>826</ele>
   </trkpt>
   <trkpt lat="45.7214200" lon="6.1304000">
    <ele>826</ele>
   </trkpt>
   <trkpt lat="45.7214900" lon="6.1304400">
    <ele>826</ele>
   </trkpt>
   <trkpt lat="45.7216400" lon="6.1304700">
    <ele>826</ele>
   </trkpt>
   <trkpt lat="45.7217300" lon="6.1304600">
    <ele>827</ele>
   </trkpt>
   <trkpt lat="45.7218400" lon="6.1304100">
    <ele>828</ele>
   </trkpt>
   <trkpt lat="45.7221800" lon="6.1302300">
    <ele>830</ele>
   </trkpt>
   <trkpt lat="45.7229000" lon="6.1296900">
    <ele>834</ele>
   </trkpt>
   <trkpt lat="45.7230500" lon="6.1296200">
    <ele>836</ele>
   </trkpt>
   <trkpt lat="45.7233800" lon="6.1295500">
    <ele>839</ele>
   </trkpt>
   <trkpt lat="45.7236700" lon="6.1295400">
    <ele>841</ele>
   </trkpt>
   <trkpt lat="45.7238800" lon="6.1295700">
    <ele>842</ele>
   </trkpt>
   <trkpt lat="45.7244000" lon="6.1297200">
    <ele>844</ele>
   </trkpt>
   <trkpt lat="45.7244800" lon="6.1297200">
    <ele>844</ele>
   </trkpt>
   <trkpt lat="45.7250200" lon="6.1297700">
    <ele>844</ele>
   </trkpt>
   <trkpt lat="45.7255300" lon="6.1297700">
    <ele>843</ele>
   </trkpt>
   <trkpt lat="45.7257700" lon="6.1297200">
    <ele>843</ele>
   </trkpt>
   <trkpt lat="45.7259000" lon="6.1296900">
    <ele>842</ele>
   </trkpt>
   <trkpt lat="45.7271600" lon="6.1289700">
    <ele>834</ele>
   </trkpt>
   <trkpt lat="45.7272800" lon="6.1289100">
    <ele>833</ele>
   </trkpt>
   <trkpt lat="45.7274200" lon="6.1288900">
    <ele>833</ele>
   </trkpt>
   <trkpt lat="45.7275800" lon="6.1288900">
    <ele>832</ele>
   </trkpt>
   <trkpt lat="45.7277400" lon="6.1289300">
    <ele>830</ele>
   </trkpt>
   <trkpt lat="45.7278200" lon="6.1289900">
    <ele>829</ele>
   </trkpt>
   <trkpt lat="45.7280299" lon="6.1291600">
    <ele>828</ele>
   </trkpt>
   <trkpt lat="45.7287500" lon="6.1300100">
    <ele>826</ele>
   </trkpt>
   <trkpt lat="45.7291100" lon="6.1304600">
    <ele>823</ele>
   </trkpt>
   <trkpt lat="45.7298400" lon="6.1317800">
    <ele>818</ele>
   </trkpt>
   <trkpt lat="45.7300100" lon="6.1322599">
    <ele>812</ele>
   </trkpt>
   <trkpt lat="45.7301200" lon="6.1327700">
    <ele>808</ele>
   </trkpt>
   <trkpt lat="45.7302400" lon="6.1340700">
    <ele>806</ele>
   </trkpt>
   <trkpt lat="45.7303600" lon="6.1343100">
    <ele>805</ele>
   </trkpt>
   <trkpt lat="45.7305000" lon="6.1344500">
    <ele>803</ele>
   </trkpt>
   <trkpt lat="45.7311400" lon="6.1345400">
    <ele>793</ele>
   </trkpt>
   <trkpt lat="45.7313300" lon="6.1347400">
    <ele>791</ele>
   </trkpt>
   <trkpt lat="45.7315300" lon="6.1351100">
    <ele>789</ele>
   </trkpt>
   <trkpt lat="45.7316700" lon="6.1356400">
    <ele>791</ele>
   </trkpt>
   <trkpt lat="45.7317800" lon="6.1364100">
    <ele>788</ele>
   </trkpt>
   <trkpt lat="45.7319100" lon="6.1366800">
    <ele>785</ele>
   </trkpt>
   <trkpt lat="45.7320600" lon="6.1369900">
    <ele>784</ele>
   </trkpt>
   <trkpt lat="45.7321100" lon="6.1372300">
    <ele>784</ele>
   </trkpt>
   <trkpt lat="45.7321200" lon="6.1375500">
    <ele>786</ele>
   </trkpt>
   <trkpt lat="45.7321700" lon="6.1377499">
    <ele>787</ele>
   </trkpt>
   <trkpt lat="45.7323100" lon="6.1378400">
    <ele>785</ele>
   </trkpt>
   <trkpt lat="45.7324800" lon="6.1380800">
    <ele>784</ele>
   </trkpt>
   <trkpt lat="45.7325700" lon="6.1383700">
    <ele>785</ele>
   </trkpt>
   <trkpt lat="45.7326400" lon="6.1384700">
    <ele>784</ele>
   </trkpt>
   <trkpt lat="45.7326800" lon="6.1384800">
    <ele>783</ele>
   </trkpt>
   <trkpt lat="45.7327400" lon="6.1384700">
    <ele>781</ele>
   </trkpt>
   <trkpt lat="45.7327900" lon="6.1384200">
    <ele>779</ele>
   </trkpt>
   <trkpt lat="45.7328000" lon="6.1383500">
    <ele>778</ele>
   </trkpt>
   <trkpt lat="45.7328000" lon="6.1382899">
    <ele>778</ele>
   </trkpt>
   <trkpt lat="45.7327700" lon="6.1381900">
    <ele>778</ele>
   </trkpt>
   <trkpt lat="45.7325900" lon="6.1378899">
    <ele>779</ele>
   </trkpt>
   <trkpt lat="45.7325800" lon="6.1377700">
    <ele>778</ele>
   </trkpt>
   <trkpt lat="45.7325900" lon="6.1376799">
    <ele>777</ele>
   </trkpt>
   <trkpt lat="45.7326300" lon="6.1376400">
    <ele>776</ele>
   </trkpt>
   <trkpt lat="45.7327000" lon="6.1376300">
    <ele>774</ele>
   </trkpt>
   <trkpt lat="45.7327700" lon="6.1376500">
    <ele>773</ele>
   </trkpt>
   <trkpt lat="45.7328400" lon="6.1377200">
    <ele>772</ele>
   </trkpt>
   <trkpt lat="45.7330200" lon="6.1379400">
    <ele>769</ele>
   </trkpt>
   <trkpt lat="45.7332899" lon="6.1384700">
    <ele>766</ele>
   </trkpt>
   <trkpt lat="45.7334300" lon="6.1388200">
    <ele>768</ele>
   </trkpt>
   <trkpt lat="45.7334800" lon="6.1388800">
    <ele>768</ele>
   </trkpt>
   <trkpt lat="45.7335300" lon="6.1388999">
    <ele>768</ele>
   </trkpt>
   <trkpt lat="45.7335600" lon="6.1388999">
    <ele>768</ele>
   </trkpt>
   <trkpt lat="45.7336300" lon="6.1388600">
    <ele>767</ele>
   </trkpt>
   <trkpt lat="45.7338200" lon="6.1386400">
    <ele>766</ele>
   </trkpt>
   <trkpt lat="45.7338700" lon="6.1385800">
    <ele>765</ele>
   </trkpt>
   <trkpt lat="45.7340000" lon="6.1384100">
    <ele>765</ele>
   </trkpt>
   <trkpt lat="45.7340500" lon="6.1383200">
    <ele>765</ele>
   </trkpt>
   <trkpt lat="45.7341200" lon="6.1381300">
    <ele>764</ele>
   </trkpt>
   <trkpt lat="45.7341600" lon="6.1379300">
    <ele>764</ele>
   </trkpt>
   <trkpt lat="45.7341900" lon="6.1376099">
    <ele>764</ele>
   </trkpt>
   <trkpt lat="45.7342500" lon="6.1370699">
    <ele>760</ele>
   </trkpt>
   <trkpt lat="45.7342700" lon="6.1369100">
    <ele>759</ele>
   </trkpt>
   <trkpt lat="45.7343100" lon="6.1368400">
    <ele>759</ele>
   </trkpt>
   <trkpt lat="45.7343700" lon="6.1368100">
    <ele>760</ele>
   </trkpt>
   <trkpt lat="45.7344300" lon="6.1368300">
    <ele>761</ele>
   </trkpt>
   <trkpt lat="45.7344600" lon="6.1368600">
    <ele>762</ele>
   </trkpt>
   <trkpt lat="45.7344900" lon="6.1369200">
    <ele>763</ele>
   </trkpt>
   <trkpt lat="45.7344900" lon="6.1369600">
    <ele>764</ele>
   </trkpt>
   <trkpt lat="45.7344900" lon="6.1373000">
    <ele>768</ele>
   </trkpt>
   <trkpt lat="45.7345000" lon="6.1375300">
    <ele>770</ele>
   </trkpt>
   <trkpt lat="45.7345300" lon="6.1377800">
    <ele>772</ele>
   </trkpt>
   <trkpt lat="45.7345400" lon="6.1379000">
    <ele>772</ele>
   </trkpt>
   <trkpt lat="45.7345300" lon="6.1380300">
    <ele>773</ele>
   </trkpt>
   <trkpt lat="45.7344900" lon="6.1382800">
    <ele>773</ele>
   </trkpt>
   <trkpt lat="45.7345000" lon="6.1383500">
    <ele>773</ele>
   </trkpt>
   <trkpt lat="45.7345400" lon="6.1383900">
    <ele>774</ele>
   </trkpt>
   <trkpt lat="45.7345700" lon="6.1384000">
    <ele>775</ele>
   </trkpt>
   <trkpt lat="45.7346100" lon="6.1383900">
    <ele>776</ele>
   </trkpt>
   <trkpt lat="45.7346500" lon="6.1383400">
    <ele>777</ele>
   </trkpt>
   <trkpt lat="45.7346600" lon="6.1383200">
    <ele>777</ele>
   </trkpt>
   <trkpt lat="45.7347100" lon="6.1378300">
    <ele>776</ele>
   </trkpt>
   <trkpt lat="45.7347300" lon="6.1377499">
    <ele>776</ele>
   </trkpt>
   <trkpt lat="45.7347700" lon="6.1376300">
    <ele>777</ele>
   </trkpt>
   <trkpt lat="45.7348100" lon="6.1375800">
    <ele>777</ele>
   </trkpt>
   <trkpt lat="45.7348799" lon="6.1374900">
    <ele>778</ele>
   </trkpt>
   <trkpt lat="45.7349699" lon="6.1374400">
    <ele>780</ele>
   </trkpt>
   <trkpt lat="45.7350900" lon="6.1374200">
    <ele>781</ele>
   </trkpt>
   <trkpt lat="45.7353100" lon="6.1374200">
    <ele>782</ele>
   </trkpt>
   <trkpt lat="45.7358900" lon="6.1374500">
    <ele>787</ele>
   </trkpt>
   <trkpt lat="45.7360000" lon="6.1374300">
    <ele>788</ele>
   </trkpt>
   <trkpt lat="45.7362300" lon="6.1373200">
    <ele>790</ele>
   </trkpt>
   <trkpt lat="45.7363200" lon="6.1373200">
    <ele>791</ele>
   </trkpt>
   <trkpt lat="45.7364000" lon="6.1373400">
    <ele>792</ele>
   </trkpt>
   <trkpt lat="45.7364800" lon="6.1373900">
    <ele>793</ele>
   </trkpt>
   <trkpt lat="45.7366900" lon="6.1376300">
    <ele>796</ele>
   </trkpt>
   <trkpt lat="45.7367700" lon="6.1376600">
    <ele>798</ele>
   </trkpt>
   <trkpt lat="45.7368400" lon="6.1376600">
    <ele>799</ele>
   </trkpt>
   <trkpt lat="45.7368800" lon="6.1376400">
    <ele>800</ele>
   </trkpt>
   <trkpt lat="45.7369400" lon="6.1375700">
    <ele>800</ele>
   </trkpt>
   <trkpt lat="45.7369700" lon="6.1374800">
    <ele>800</ele>
   </trkpt>
   <trkpt lat="45.7371500" lon="6.1366300">
    <ele>800</ele>
   </trkpt>
   <trkpt lat="45.7371700" lon="6.1365800">
    <ele>800</ele>
   </trkpt>
   <trkpt lat="45.7372100" lon="6.1365100">
    <ele>800</ele>
   </trkpt>
   <trkpt lat="45.7372600" lon="6.1364700">
    <ele>801</ele>
   </trkpt>
   <trkpt lat="45.7373300" lon="6.1364500">
    <ele>802</ele>
   </trkpt>
   <trkpt lat="45.7373900" lon="6.1364599">
    <ele>804</ele>
   </trkpt>
   <trkpt lat="45.7373199" lon="6.1369500">
    <ele>804</ele>
   </trkpt>
   <trkpt lat="45.7373100" lon="6.1370800">
    <ele>805</ele>
   </trkpt>
   <trkpt lat="45.7373199" lon="6.1372900">
    <ele>805</ele>
   </trkpt>
   <trkpt lat="45.7373600" lon="6.1376099">
    <ele>807</ele>
   </trkpt>
   <trkpt lat="45.7374300" lon="6.1379800">
    <ele>810</ele>
   </trkpt>
   <trkpt lat="45.7375000" lon="6.1382300">
    <ele>813</ele>
   </trkpt>
   <trkpt lat="45.7375700" lon="6.1384500">
    <ele>815</ele>
   </trkpt>
   <trkpt lat="45.7376800" lon="6.1387400">
    <ele>818</ele>
   </trkpt>
   <trkpt lat="45.7377200" lon="6.1388700">
    <ele>820</ele>
   </trkpt>
   <trkpt lat="45.7377400" lon="6.1389699">
    <ele>820</ele>
   </trkpt>
   <trkpt lat="45.7377400" lon="6.1390900">
    <ele>821</ele>
   </trkpt>
   <trkpt lat="45.7377200" lon="6.1391800">
    <ele>821</ele>
   </trkpt>
   <trkpt lat="45.7375300" lon="6.1397500">
    <ele>823</ele>
   </trkpt>
   <trkpt lat="45.7373800" lon="6.1401899">
    <ele>826</ele>
   </trkpt>
   <trkpt lat="45.7373400" lon="6.1403000">
    <ele>826</ele>
   </trkpt>
   <trkpt lat="45.7372500" lon="6.1404500">
    <ele>827</ele>
   </trkpt>
   <trkpt lat="45.7370200" lon="6.1407299">
    <ele>827</ele>
   </trkpt>
   <trkpt lat="45.7369800" lon="6.1408300">
    <ele>828</ele>
   </trkpt>
   <trkpt lat="45.7369300" lon="6.1410100">
    <ele>829</ele>
   </trkpt>
   <trkpt lat="45.7368900" lon="6.1411900">
    <ele>830</ele>
   </trkpt>
   <trkpt lat="45.7368000" lon="6.1422100">
    <ele>837</ele>
   </trkpt>
   <trkpt lat="45.7367900" lon="6.1422900">
    <ele>838</ele>
   </trkpt>
   <trkpt lat="45.7367500" lon="6.1424500">
    <ele>839</ele>
   </trkpt>
   <trkpt lat="45.7367200" lon="6.1425200">
    <ele>839</ele>
   </trkpt>
   <trkpt lat="45.7366500" lon="6.1426500">
    <ele>840</ele>
   </trkpt>
   <trkpt lat="45.7362600" lon="6.1430800">
    <ele>837</ele>
   </trkpt>
   <trkpt lat="45.7361999" lon="6.1431500">
    <ele>836</ele>
   </trkpt>
   <trkpt lat="45.7361600" lon="6.1432300">
    <ele>837</ele>
   </trkpt>
   <trkpt lat="45.7361300" lon="6.1433500">
    <ele>838</ele>
   </trkpt>
   <trkpt lat="45.7361300" lon="6.1434800">
    <ele>839</ele>
   </trkpt>
   <trkpt lat="45.7361400" lon="6.1435500">
    <ele>839</ele>
   </trkpt>
   <trkpt lat="45.7361700" lon="6.1436000">
    <ele>840</ele>
   </trkpt>
   <trkpt lat="45.7362300" lon="6.1436800">
    <ele>842</ele>
   </trkpt>
   <trkpt lat="45.7362700" lon="6.1437000">
    <ele>844</ele>
   </trkpt>
   <trkpt lat="45.7363600" lon="6.1437200">
    <ele>846</ele>
   </trkpt>
   <trkpt lat="45.7364200" lon="6.1436900">
    <ele>847</ele>
   </trkpt>
   <trkpt lat="45.7364500" lon="6.1436700">
    <ele>847</ele>
   </trkpt>
   <trkpt lat="45.7365100" lon="6.1436000">
    <ele>848</ele>
   </trkpt>
   <trkpt lat="45.7365300" lon="6.1435500">
    <ele>848</ele>
   </trkpt>
   <trkpt lat="45.7366400" lon="6.1432800">
    <ele>848</ele>
   </trkpt>
   <trkpt lat="45.7367200" lon="6.1430500">
    <ele>846</ele>
   </trkpt>
   <trkpt lat="45.7367700" lon="6.1429500">
    <ele>845</ele>
   </trkpt>
   <trkpt lat="45.7368499" lon="6.1428500">
    <ele>845</ele>
   </trkpt>
   <trkpt lat="45.7369000" lon="6.1428100">
    <ele>845</ele>
   </trkpt>
   <trkpt lat="45.7372400" lon="6.1426299">
    <ele>847</ele>
   </trkpt>
   <trkpt lat="45.7374099" lon="6.1425200">
    <ele>847</ele>
   </trkpt>
   <trkpt lat="45.7376099" lon="6.1423500">
    <ele>848</ele>
   </trkpt>
   <trkpt lat="45.7377100" lon="6.1422700">
    <ele>848</ele>
   </trkpt>
   <trkpt lat="45.7377800" lon="6.1422500">
    <ele>849</ele>
   </trkpt>
   <trkpt lat="45.7378200" lon="6.1422500">
    <ele>849</ele>
   </trkpt>
   <trkpt lat="45.7382200" lon="6.1421900">
    <ele>852</ele>
   </trkpt>
   <trkpt lat="45.7382500" lon="6.1421800">
    <ele>852</ele>
   </trkpt>
   <trkpt lat="45.7383700" lon="6.1421599">
    <ele>853</ele>
   </trkpt>
   <trkpt lat="45.7384400" lon="6.1421200">
    <ele>853</ele>
   </trkpt>
   <trkpt lat="45.7386000" lon="6.1419600">
    <ele>853</ele>
   </trkpt>
   <trkpt lat="45.7387500" lon="6.1417900">
    <ele>853</ele>
   </trkpt>
   <trkpt lat="45.7393000" lon="6.1412100">
    <ele>854</ele>
   </trkpt>
   <trkpt lat="45.7394900" lon="6.1410000">
    <ele>855</ele>
   </trkpt>
   <trkpt lat="45.7396200" lon="6.1408400">
    <ele>855</ele>
   </trkpt>
   <trkpt lat="45.7397500" lon="6.1406200">
    <ele>856</ele>
   </trkpt>
   <trkpt lat="45.7398000" lon="6.1405200">
    <ele>857</ele>
   </trkpt>
   <trkpt lat="45.7399000" lon="6.1402300">
    <ele>858</ele>
   </trkpt>
   <trkpt lat="45.7400000" lon="6.1399200">
    <ele>859</ele>
   </trkpt>
   <trkpt lat="45.7400499" lon="6.1397500">
    <ele>860</ele>
   </trkpt>
   <trkpt lat="45.7400700" lon="6.1395700">
    <ele>860</ele>
   </trkpt>
   <trkpt lat="45.7400700" lon="6.1393000">
    <ele>860</ele>
   </trkpt>
   <trkpt lat="45.7399800" lon="6.1384100">
    <ele>860</ele>
   </trkpt>
   <trkpt lat="45.7399300" lon="6.1379200">
    <ele>859</ele>
   </trkpt>
   <trkpt lat="45.7399200" lon="6.1378400">
    <ele>858</ele>
   </trkpt>
   <trkpt lat="45.7399300" lon="6.1377600">
    <ele>858</ele>
   </trkpt>
   <trkpt lat="45.7399600" lon="6.1376099">
    <ele>859</ele>
   </trkpt>
   <trkpt lat="45.7400100" lon="6.1375000">
    <ele>859</ele>
   </trkpt>
   <trkpt lat="45.7402500" lon="6.1371300">
    <ele>861</ele>
   </trkpt>
   <trkpt lat="45.7403400" lon="6.1369700">
    <ele>862</ele>
   </trkpt>
   <trkpt lat="45.7404000" lon="6.1367700">
    <ele>862</ele>
   </trkpt>
   <trkpt lat="45.7406300" lon="6.1358499">
    <ele>860</ele>
   </trkpt>
   <trkpt lat="45.7406900" lon="6.1356700">
    <ele>859</ele>
   </trkpt>
   <trkpt lat="45.7407899" lon="6.1355300">
    <ele>860</ele>
   </trkpt>
   <trkpt lat="45.7408400" lon="6.1354700">
    <ele>860</ele>
   </trkpt>
   <trkpt lat="45.7409600" lon="6.1353799">
    <ele>860</ele>
   </trkpt>
   <trkpt lat="45.7410200" lon="6.1353500">
    <ele>860</ele>
   </trkpt>
   <trkpt lat="45.7411500" lon="6.1353099">
    <ele>860</ele>
   </trkpt>
   <trkpt lat="45.7424700" lon="6.1353099">
    <ele>866</ele>
   </trkpt>
   <trkpt lat="45.7425300" lon="6.1353000">
    <ele>866</ele>
   </trkpt>
   <trkpt lat="45.7430100" lon="6.1352700">
    <ele>867</ele>
   </trkpt>
   <trkpt lat="45.7446900" lon="6.1349400">
    <ele>872</ele>
   </trkpt>
   <trkpt lat="45.7449400" lon="6.1349100">
    <ele>873</ele>
   </trkpt>
   <trkpt lat="45.7451900" lon="6.1349600">
    <ele>872</ele>
   </trkpt>
   <trkpt lat="45.7454600" lon="6.1351300">
    <ele>873</ele>
   </trkpt>
   <trkpt lat="45.7480600" lon="6.1374500">
    <ele>879</ele>
   </trkpt>
   <trkpt lat="45.7482100" lon="6.1376600">
    <ele>880</ele>
   </trkpt>
   <trkpt lat="45.7486800" lon="6.1384999">
    <ele>891</ele>
   </trkpt>
   <trkpt lat="45.7488000" lon="6.1386000">
    <ele>892</ele>
   </trkpt>
   <trkpt lat="45.7489599" lon="6.1385900">
    <ele>891</ele>
   </trkpt>
   <trkpt lat="45.7493200" lon="6.1384100">
    <ele>888</ele>
   </trkpt>
   <trkpt lat="45.7497100" lon="6.1381900">
    <ele>885</ele>
   </trkpt>
   <trkpt lat="45.7498800" lon="6.1381300">
    <ele>885</ele>
   </trkpt>
   <trkpt lat="45.7500300" lon="6.1381000">
    <ele>885</ele>
   </trkpt>
   <trkpt lat="45.7504100" lon="6.1381000">
    <ele>886</ele>
   </trkpt>
   <trkpt lat="45.7507300" lon="6.1381000">
    <ele>888</ele>
   </trkpt>
   <trkpt lat="45.7508600" lon="6.1380500">
    <ele>889</ele>
   </trkpt>
   <trkpt lat="45.7510100" lon="6.1379400">
    <ele>889</ele>
   </trkpt>
   <trkpt lat="45.7511100" lon="6.1378000">
    <ele>889</ele>
   </trkpt>
   <trkpt lat="45.7512400" lon="6.1375100">
    <ele>888</ele>
   </trkpt>
   <trkpt lat="45.7518500" lon="6.1361300">
    <ele>886</ele>
   </trkpt>
   <trkpt lat="45.7519700" lon="6.1357799">
    <ele>885</ele>
   </trkpt>
   <trkpt lat="45.7520900" lon="6.1354400">
    <ele>885</ele>
   </trkpt>
   <trkpt lat="45.7521500" lon="6.1352900">
    <ele>885</ele>
   </trkpt>
   <trkpt lat="45.7522100" lon="6.1351900">
    <ele>885</ele>
   </trkpt>
   <trkpt lat="45.7523000" lon="6.1351100">
    <ele>886</ele>
   </trkpt>
   <trkpt lat="45.7524200" lon="6.1350600">
    <ele>887</ele>
   </trkpt>
   <trkpt lat="45.7525100" lon="6.1350500">
    <ele>887</ele>
   </trkpt>
   <trkpt lat="45.7526100" lon="6.1350600">
    <ele>887</ele>
   </trkpt>
   <trkpt lat="45.7527700" lon="6.1351000">
    <ele>886</ele>
   </trkpt>
   <trkpt lat="45.7528400" lon="6.1351300">
    <ele>886</ele>
   </trkpt>
   <trkpt lat="45.7530000" lon="6.1352399">
    <ele>885</ele>
   </trkpt>
   <trkpt lat="45.7530800" lon="6.1353099">
    <ele>885</ele>
   </trkpt>
   <trkpt lat="45.7531600" lon="6.1354400">
    <ele>886</ele>
   </trkpt>
   <trkpt lat="45.7534400" lon="6.1359899">
    <ele>890</ele>
   </trkpt>
   <trkpt lat="45.7535200" lon="6.1361200">
    <ele>891</ele>
   </trkpt>
   <trkpt lat="45.7536800" lon="6.1363200">
    <ele>892</ele>
   </trkpt>
   <trkpt lat="45.7539600" lon="6.1365500">
    <ele>892</ele>
   </trkpt>
   <trkpt lat="45.7551200" lon="6.1374100">
    <ele>892</ele>
   </trkpt>
   <trkpt lat="45.7553500" lon="6.1375700">
    <ele>894</ele>
   </trkpt>
   <trkpt lat="45.7556600" lon="6.1377499">
    <ele>896</ele>
   </trkpt>
   <trkpt lat="45.7559600" lon="6.1378899">
    <ele>898</ele>
   </trkpt>
   <trkpt lat="45.7563900" lon="6.1379800">
    <ele>901</ele>
   </trkpt>
   <trkpt lat="45.7564900" lon="6.1379600">
    <ele>901</ele>
   </trkpt>
   <trkpt lat="45.7566200" lon="6.1379100">
    <ele>901</ele>
   </trkpt>
   <trkpt lat="45.7568000" lon="6.1377800">
    <ele>902</ele>
   </trkpt>
   <trkpt lat="45.7568600" lon="6.1377499">
    <ele>903</ele>
   </trkpt>
   <trkpt lat="45.7569400" lon="6.1376900">
    <ele>903</ele>
   </trkpt>
   <trkpt lat="45.7570200" lon="6.1376000">
    <ele>903</ele>
   </trkpt>
   <trkpt lat="45.7570800" lon="6.1375200">
    <ele>904</ele>
   </trkpt>
   <trkpt lat="45.7571200" lon="6.1374300">
    <ele>904</ele>
   </trkpt>
   <trkpt lat="45.7571299" lon="6.1373400">
    <ele>903</ele>
   </trkpt>
   <trkpt lat="45.7571299" lon="6.1372700">
    <ele>903</ele>
   </trkpt>
   <trkpt lat="45.7571100" lon="6.1370200">
    <ele>902</ele>
   </trkpt>
   <trkpt lat="45.7570700" lon="6.1367900">
    <ele>900</ele>
   </trkpt>
   <trkpt lat="45.7569200" lon="6.1359100">
    <ele>898</ele>
   </trkpt>
   <trkpt lat="45.7568399" lon="6.1356100">
    <ele>898</ele>
   </trkpt>
   <trkpt lat="45.7566200" lon="6.1352700">
    <ele>896</ele>
   </trkpt>
   <trkpt lat="45.7563300" lon="6.1348100">
    <ele>895</ele>
   </trkpt>
   <trkpt lat="45.7561700" lon="6.1345300">
    <ele>894</ele>
   </trkpt>
   <trkpt lat="45.7560900" lon="6.1344300">
    <ele>894</ele>
   </trkpt>
   <trkpt lat="45.7557600" lon="6.1342400">
    <ele>889</ele>
   </trkpt>
   <trkpt lat="45.7556299" lon="6.1340300">
    <ele>888</ele>
   </trkpt>
   <trkpt lat="45.7555700" lon="6.1338200">
    <ele>887</ele>
   </trkpt>
   <trkpt lat="45.7555600" lon="6.1334200">
    <ele>888</ele>
   </trkpt>
   <trkpt lat="45.7556100" lon="6.1327400">
    <ele>888</ele>
   </trkpt>
   <trkpt lat="45.7557199" lon="6.1318800">
    <ele>890</ele>
   </trkpt>
   <trkpt lat="45.7557900" lon="6.1317100">
    <ele>891</ele>
   </trkpt>
   <trkpt lat="45.7559100" lon="6.1315099">
    <ele>893</ele>
   </trkpt>
   <trkpt lat="45.7560700" lon="6.1314000">
    <ele>895</ele>
   </trkpt>
   <trkpt lat="45.7562500" lon="6.1313200">
    <ele>898</ele>
   </trkpt>
   <trkpt lat="45.7563300" lon="6.1312500">
    <ele>900</ele>
   </trkpt>
   <trkpt lat="45.7563600" lon="6.1311700">
    <ele>900</ele>
   </trkpt>
   <trkpt lat="45.7563699" lon="6.1310500">
    <ele>900</ele>
   </trkpt>
   <trkpt lat="45.7563400" lon="6.1309400">
    <ele>898</ele>
   </trkpt>
   <trkpt lat="45.7562600" lon="6.1308800">
    <ele>896</ele>
   </trkpt>
   <trkpt lat="45.7560100" lon="6.1308400">
    <ele>891</ele>
   </trkpt>
   <trkpt lat="45.7557500" lon="6.1307600">
    <ele>886</ele>
   </trkpt>
   <trkpt lat="45.7555900" lon="6.1306300">
    <ele>883</ele>
   </trkpt>
   <trkpt lat="45.7555300" lon="6.1304600">
    <ele>882</ele>
   </trkpt>
   <trkpt lat="45.7555300" lon="6.1302500">
    <ele>881</ele>
   </trkpt>
   <trkpt lat="45.7555800" lon="6.1296000">
    <ele>885</ele>
   </trkpt>
   <trkpt lat="45.7555500" lon="6.1294100">
    <ele>886</ele>
   </trkpt>
   <trkpt lat="45.7555000" lon="6.1292500">
    <ele>885</ele>
   </trkpt>
   <trkpt lat="45.7551300" lon="6.1285100">
    <ele>880</ele>
   </trkpt>
   <trkpt lat="45.7549800" lon="6.1282200">
    <ele>879</ele>
   </trkpt>
   <trkpt lat="45.7549200" lon="6.1279800">
    <ele>878</ele>
   </trkpt>
   <trkpt lat="45.7549200" lon="6.1277400">
    <ele>878</ele>
   </trkpt>
   <trkpt lat="45.7550000" lon="6.1275600">
    <ele>879</ele>
   </trkpt>
   <trkpt lat="45.7551100" lon="6.1274000">
    <ele>879</ele>
   </trkpt>
   <trkpt lat="45.7553100" lon="6.1272800">
    <ele>880</ele>
   </trkpt>
   <trkpt lat="45.7554800" lon="6.1272500">
    <ele>881</ele>
   </trkpt>
   <trkpt lat="45.7565300" lon="6.1272900">
    <ele>889</ele>
   </trkpt>
   <trkpt lat="45.7570600" lon="6.1274100">
    <ele>888</ele>
   </trkpt>
   <trkpt lat="45.7575600" lon="6.1275900">
    <ele>887</ele>
   </trkpt>
   <trkpt lat="45.7578000" lon="6.1276300">
    <ele>889</ele>
   </trkpt>
   <trkpt lat="45.7579600" lon="6.1275700">
    <ele>889</ele>
   </trkpt>
   <trkpt lat="45.7581900" lon="6.1272399">
    <ele>887</ele>
   </trkpt>
   <trkpt lat="45.7583399" lon="6.1270900">
    <ele>886</ele>
   </trkpt>
   <trkpt lat="45.7591600" lon="6.1269600">
    <ele>886</ele>
   </trkpt>
   <trkpt lat="45.7592900" lon="6.1269700">
    <ele>885</ele>
   </trkpt>
   <trkpt lat="45.7593300" lon="6.1269700">
    <ele>885</ele>
   </trkpt>
   <trkpt lat="45.7604100" lon="6.1275900">
    <ele>888</ele>
   </trkpt>
   <trkpt lat="45.7608900" lon="6.1276200">
    <ele>884</ele>
   </trkpt>
   <trkpt lat="45.7612300" lon="6.1277500">
    <ele>882</ele>
   </trkpt>
   <trkpt lat="45.7616000" lon="6.1280000">
    <ele>882</ele>
   </trkpt>
   <trkpt lat="45.7620099" lon="6.1286200">
    <ele>885</ele>
   </trkpt>
   <trkpt lat="45.7623500" lon="6.1295200">
    <ele>885</ele>
   </trkpt>
   <trkpt lat="45.7625600" lon="6.1304999">
    <ele>886</ele>
   </trkpt>
   <trkpt lat="45.7627200" lon="6.1313100">
    <ele>889</ele>
   </trkpt>
   <trkpt lat="45.7629900" lon="6.1326900">
    <ele>895</ele>
   </trkpt>
   <trkpt lat="45.7631200" lon="6.1333600">
    <ele>895</ele>
   </trkpt>
   <trkpt lat="45.7631700" lon="6.1334300">
    <ele>896</ele>
   </trkpt>
   <trkpt lat="45.7632199" lon="6.1334600">
    <ele>896</ele>
   </trkpt>
   <trkpt lat="45.7633300" lon="6.1335100">
    <ele>896</ele>
   </trkpt>
   <trkpt lat="45.7634100" lon="6.1335300">
    <ele>896</ele>
   </trkpt>
   <trkpt lat="45.7635099" lon="6.1335200">
    <ele>895</ele>
   </trkpt>
   <trkpt lat="45.7637300" lon="6.1334600">
    <ele>892</ele>
   </trkpt>
   <trkpt lat="45.7639200" lon="6.1334400">
    <ele>891</ele>
   </trkpt>
   <trkpt lat="45.7640300" lon="6.1334700">
    <ele>891</ele>
   </trkpt>
   <trkpt lat="45.7641400" lon="6.1335300">
    <ele>891</ele>
   </trkpt>
   <trkpt lat="45.7644400" lon="6.1338500">
    <ele>897</ele>
   </trkpt>
   <trkpt lat="45.7645200" lon="6.1339000">
    <ele>897</ele>
   </trkpt>
   <trkpt lat="45.7645600" lon="6.1339100">
    <ele>897</ele>
   </trkpt>
   <trkpt lat="45.7646100" lon="6.1339100">
    <ele>897</ele>
   </trkpt>
   <trkpt lat="45.7647300" lon="6.1338300">
    <ele>895</ele>
   </trkpt>
   <trkpt lat="45.7647700" lon="6.1337700">
    <ele>894</ele>
   </trkpt>
   <trkpt lat="45.7648100" lon="6.1336900">
    <ele>893</ele>
   </trkpt>
   <trkpt lat="45.7648300" lon="6.1336100">
    <ele>892</ele>
   </trkpt>
   <trkpt lat="45.7648400" lon="6.1335000">
    <ele>890</ele>
   </trkpt>
   <trkpt lat="45.7648400" lon="6.1334099">
    <ele>889</ele>
   </trkpt>
   <trkpt lat="45.7648100" lon="6.1332900">
    <ele>888</ele>
   </trkpt>
   <trkpt lat="45.7646100" lon="6.1325500">
    <ele>884</ele>
   </trkpt>
   <trkpt lat="45.7645399" lon="6.1322400">
    <ele>882</ele>
   </trkpt>
   <trkpt lat="45.7645000" lon="6.1319600">
    <ele>881</ele>
   </trkpt>
   <trkpt lat="45.7645100" lon="6.1318400">
    <ele>881</ele>
   </trkpt>
   <trkpt lat="45.7645300" lon="6.1316900">
    <ele>881</ele>
   </trkpt>
   <trkpt lat="45.7645700" lon="6.1315400">
    <ele>880</ele>
   </trkpt>
   <trkpt lat="45.7646200" lon="6.1314200">
    <ele>880</ele>
   </trkpt>
   <trkpt lat="45.7646900" lon="6.1313000">
    <ele>880</ele>
   </trkpt>
   <trkpt lat="45.7647600" lon="6.1312000">
    <ele>880</ele>
   </trkpt>
   <trkpt lat="45.7648300" lon="6.1311200">
    <ele>880</ele>
   </trkpt>
   <trkpt lat="45.7649000" lon="6.1310500">
    <ele>881</ele>
   </trkpt>
   <trkpt lat="45.7650099" lon="6.1309900">
    <ele>881</ele>
   </trkpt>
   <trkpt lat="45.7651300" lon="6.1309600">
    <ele>881</ele>
   </trkpt>
   <trkpt lat="45.7654400" lon="6.1309400">
    <ele>881</ele>
   </trkpt>
   <trkpt lat="45.7654900" lon="6.1309500">
    <ele>881</ele>
   </trkpt>
   <trkpt lat="45.7656000" lon="6.1309699">
    <ele>881</ele>
   </trkpt>
   <trkpt lat="45.7656900" lon="6.1310300">
    <ele>882</ele>
   </trkpt>
   <trkpt lat="45.7663700" lon="6.1316800">
    <ele>888</ele>
   </trkpt>
   <trkpt lat="45.7674700" lon="6.1327600">
    <ele>900</ele>
   </trkpt>
   <trkpt lat="45.7676600" lon="6.1329200">
    <ele>902</ele>
   </trkpt>
   <trkpt lat="45.7677400" lon="6.1329300">
    <ele>901</ele>
   </trkpt>
   <trkpt lat="45.7678299" lon="6.1329100">
    <ele>901</ele>
   </trkpt>
   <trkpt lat="45.7681800" lon="6.1326100">
    <ele>894</ele>
   </trkpt>
   <trkpt lat="45.7682500" lon="6.1325700">
    <ele>893</ele>
   </trkpt>
   <trkpt lat="45.7683500" lon="6.1325700">
    <ele>893</ele>
   </trkpt>
   <trkpt lat="45.7684200" lon="6.1325900">
    <ele>893</ele>
   </trkpt>
   <trkpt lat="45.7685200" lon="6.1326700">
    <ele>893</ele>
   </trkpt>
   <trkpt lat="45.7689400" lon="6.1331400">
    <ele>897</ele>
   </trkpt>
   <trkpt lat="45.7690399" lon="6.1332400">
    <ele>897</ele>
   </trkpt>
   <trkpt lat="45.7690900" lon="6.1332800">
    <ele>898</ele>
   </trkpt>
   <trkpt lat="45.7691800" lon="6.1333100">
    <ele>898</ele>
   </trkpt>
   <trkpt lat="45.7693100" lon="6.1332900">
    <ele>899</ele>
   </trkpt>
   <trkpt lat="45.7699500" lon="6.1328300">
    <ele>899</ele>
   </trkpt>
   <trkpt lat="45.7700900" lon="6.1327700">
    <ele>898</ele>
   </trkpt>
   <trkpt lat="45.7702400" lon="6.1327600">
    <ele>898</ele>
   </trkpt>
   <trkpt lat="45.7706600" lon="6.1327800">
    <ele>899</ele>
   </trkpt>
   <trkpt lat="45.7707900" lon="6.1327700">
    <ele>899</ele>
   </trkpt>
   <trkpt lat="45.7710300" lon="6.1327000">
    <ele>898</ele>
   </trkpt>
   <trkpt lat="45.7713400" lon="6.1325700">
    <ele>898</ele>
   </trkpt>
   <trkpt lat="45.7714400" lon="6.1325300">
    <ele>898</ele>
   </trkpt>
   <trkpt lat="45.7715300" lon="6.1325300">
    <ele>898</ele>
   </trkpt>
   <trkpt lat="45.7715600" lon="6.1325500">
    <ele>898</ele>
   </trkpt>
   <trkpt lat="45.7716400" lon="6.1323000">
    <ele>898</ele>
   </trkpt>
   <trkpt lat="45.7717699" lon="6.1317300">
    <ele>899</ele>
   </trkpt>
   <trkpt lat="45.7718000" lon="6.1317300">
    <ele>899</ele>
   </trkpt>
   <trkpt lat="45.7718200" lon="6.1317100">
    <ele>899</ele>
   </trkpt>
   <trkpt lat="45.7718300" lon="6.1316800">
    <ele>899</ele>
   </trkpt>
   <trkpt lat="45.7718300" lon="6.1316200">
    <ele>900</ele>
   </trkpt>
   <trkpt lat="45.7718300" lon="6.1316000">
    <ele>900</ele>
   </trkpt>
   <trkpt lat="45.7718400" lon="6.1315600">
    <ele>900</ele>
   </trkpt>
   <trkpt lat="45.7719100" lon="6.1312000">
    <ele>901</ele>
   </trkpt>
   <trkpt lat="45.7719300" lon="6.1311000">
    <ele>902</ele>
   </trkpt>
   <trkpt lat="45.7719499" lon="6.1309300">
    <ele>903</ele>
   </trkpt>
   <trkpt lat="45.7719700" lon="6.1307300">
    <ele>903</ele>
   </trkpt>
   <trkpt lat="45.7720000" lon="6.1301700">
    <ele>906</ele>
   </trkpt>
   <trkpt lat="45.7720100" lon="6.1300800">
    <ele>906</ele>
   </trkpt>
   <trkpt lat="45.7720300" lon="6.1300100">
    <ele>906</ele>
   </trkpt>
   <trkpt lat="45.7720600" lon="6.1299200">
    <ele>906</ele>
   </trkpt>
   <trkpt lat="45.7721100" lon="6.1298700">
    <ele>907</ele>
   </trkpt>
   <trkpt lat="45.7721500" lon="6.1298300">
    <ele>907</ele>
   </trkpt>
   <trkpt lat="45.7722300" lon="6.1298000">
    <ele>907</ele>
   </trkpt>
   <trkpt lat="45.7736900" lon="6.1296000">
    <ele>916</ele>
   </trkpt>
   <trkpt lat="45.7737300" lon="6.1295800">
    <ele>916</ele>
   </trkpt>
   <trkpt lat="45.7737700" lon="6.1295400">
    <ele>917</ele>
   </trkpt>
   <trkpt lat="45.7738100" lon="6.1294900">
    <ele>917</ele>
   </trkpt>
   <trkpt lat="45.7740000" lon="6.1290300">
    <ele>920</ele>
   </trkpt>
   <trkpt lat="45.7740099" lon="6.1289900">
    <ele>920</ele>
   </trkpt>
   <trkpt lat="45.7740200" lon="6.1289000">
    <ele>921</ele>
   </trkpt>
   <trkpt lat="45.7740000" lon="6.1287400">
    <ele>921</ele>
   </trkpt>
   <trkpt lat="45.7739400" lon="6.1284400">
    <ele>921</ele>
   </trkpt>
   <trkpt lat="45.7739300" lon="6.1280700">
    <ele>924</ele>
   </trkpt>
   <trkpt lat="45.7739199" lon="6.1278700">
    <ele>925</ele>
   </trkpt>
   <trkpt lat="45.7739000" lon="6.1277799">
    <ele>926</ele>
   </trkpt>
   <trkpt lat="45.7738800" lon="6.1277100">
    <ele>926</ele>
   </trkpt>
   <trkpt lat="45.7737500" lon="6.1274600">
    <ele>927</ele>
   </trkpt>
   <trkpt lat="45.7737100" lon="6.1273799">
    <ele>928</ele>
   </trkpt>
   <trkpt lat="45.7737000" lon="6.1272900">
    <ele>929</ele>
   </trkpt>
   <trkpt lat="45.7737300" lon="6.1270500">
    <ele>932</ele>
   </trkpt>
   <trkpt lat="45.7737200" lon="6.1269900">
    <ele>932</ele>
   </trkpt>
   <trkpt lat="45.7737100" lon="6.1269500">
    <ele>933</ele>
   </trkpt>
   <trkpt lat="45.7736900" lon="6.1268900">
    <ele>933</ele>
   </trkpt>
   <trkpt lat="45.7736500" lon="6.1268500">
    <ele>934</ele>
   </trkpt>
   <trkpt lat="45.7735100" lon="6.1267100">
    <ele>934</ele>
   </trkpt>
   <trkpt lat="45.7734900" lon="6.1266600">
    <ele>935</ele>
   </trkpt>
   <trkpt lat="45.7734499" lon="6.1265200">
    <ele>936</ele>
   </trkpt>
   <trkpt lat="45.7734100" lon="6.1264700">
    <ele>936</ele>
   </trkpt>
   <trkpt lat="45.7732300" lon="6.1264000">
    <ele>936</ele>
   </trkpt>
   <trkpt lat="45.7732100" lon="6.1263900">
    <ele>936</ele>
   </trkpt>
   <trkpt lat="45.7730000" lon="6.1262000">
    <ele>936</ele>
   </trkpt>
   <trkpt lat="45.7725099" lon="6.1257800">
    <ele>936</ele>
   </trkpt>
   <trkpt lat="45.7717400" lon="6.1252100">
    <ele>932</ele>
   </trkpt>
   <trkpt lat="45.7710700" lon="6.1245600">
    <ele>930</ele>
   </trkpt>
   <trkpt lat="45.7703400" lon="6.1238700">
    <ele>928</ele>
   </trkpt>
   <trkpt lat="45.7698400" lon="6.1234300">
    <ele>930</ele>
   </trkpt>
   <trkpt lat="45.7691100" lon="6.1228600">
    <ele>935</ele>
   </trkpt>
   <trkpt lat="45.7689300" lon="6.1225600">
    <ele>936</ele>
   </trkpt>
   <trkpt lat="45.7687900" lon="6.1224299">
    <ele>936</ele>
   </trkpt>
   <trkpt lat="45.7687200" lon="6.1223599">
    <ele>936</ele>
   </trkpt>
   <trkpt lat="45.7686500" lon="6.1222800">
    <ele>936</ele>
   </trkpt>
   <trkpt lat="45.7685900" lon="6.1222000">
    <ele>936</ele>
   </trkpt>
   <trkpt lat="45.7685200" lon="6.1221300">
    <ele>936</ele>
   </trkpt>
   <trkpt lat="45.7684300" lon="6.1220700">
    <ele>935</ele>
   </trkpt>
   <trkpt lat="45.7682300" lon="6.1219900">
    <ele>933</ele>
   </trkpt>
   <trkpt lat="45.7680700" lon="6.1219000">
    <ele>930</ele>
   </trkpt>
   <trkpt lat="45.7679800" lon="6.1218400">
    <ele>929</ele>
   </trkpt>
   <trkpt lat="45.7679100" lon="6.1217900">
    <ele>928</ele>
   </trkpt>
   <trkpt lat="45.7678600" lon="6.1217300">
    <ele>928</ele>
   </trkpt>
   <trkpt lat="45.7678000" lon="6.1216100">
    <ele>928</ele>
   </trkpt>
   <trkpt lat="45.7677800" lon="6.1215200">
    <ele>928</ele>
   </trkpt>
   <trkpt lat="45.7677800" lon="6.1214200">
    <ele>929</ele>
   </trkpt>
   <trkpt lat="45.7677800" lon="6.1213100">
    <ele>930</ele>
   </trkpt>
   <trkpt lat="45.7677700" lon="6.1212200">
    <ele>931</ele>
   </trkpt>
   <trkpt lat="45.7677400" lon="6.1211399">
    <ele>931</ele>
   </trkpt>
   <trkpt lat="45.7676400" lon="6.1208700">
    <ele>933</ele>
   </trkpt>
   <trkpt lat="45.7676100" lon="6.1207500">
    <ele>934</ele>
   </trkpt>
   <trkpt lat="45.7675900" lon="6.1205999">
    <ele>935</ele>
   </trkpt>
   <trkpt lat="45.7675700" lon="6.1203300">
    <ele>939</ele>
   </trkpt>
   <trkpt lat="45.7675300" lon="6.1202000">
    <ele>940</ele>
   </trkpt>
   <trkpt lat="45.7673400" lon="6.1199000">
    <ele>941</ele>
   </trkpt>
   <trkpt lat="45.7668700" lon="6.1190600">
    <ele>953</ele>
   </trkpt>
   <trkpt lat="45.7667900" lon="6.1189600">
    <ele>954</ele>
   </trkpt>
   <trkpt lat="45.7664500" lon="6.1186400">
    <ele>956</ele>
   </trkpt>
   <trkpt lat="45.7662900" lon="6.1185200">
    <ele>956</ele>
   </trkpt>
   <trkpt lat="45.7661700" lon="6.1184200">
    <ele>957</ele>
   </trkpt>
   <trkpt lat="45.7661400" lon="6.1183600">
    <ele>958</ele>
   </trkpt>
   <trkpt lat="45.7661299" lon="6.1182800">
    <ele>960</ele>
   </trkpt>
   <trkpt lat="45.7661299" lon="6.1182200">
    <ele>961</ele>
   </trkpt>
   <trkpt lat="45.7661500" lon="6.1181700">
    <ele>963</ele>
   </trkpt>
   <trkpt lat="45.7661900" lon="6.1181300">
    <ele>965</ele>
   </trkpt>
   <trkpt lat="45.7662500" lon="6.1181300">
    <ele>966</ele>
   </trkpt>
   <trkpt lat="45.7663200" lon="6.1181500">
    <ele>967</ele>
   </trkpt>
   <trkpt lat="45.7666100" lon="6.1183300">
    <ele>968</ele>
   </trkpt>
   <trkpt lat="45.7673599" lon="6.1186600">
    <ele>974</ele>
   </trkpt>
   <trkpt lat="45.7678200" lon="6.1188100">
    <ele>979</ele>
   </trkpt>
   <trkpt lat="45.7686200" lon="6.1191600">
    <ele>985</ele>
   </trkpt>
   <trkpt lat="45.7687800" lon="6.1192500">
    <ele>987</ele>
   </trkpt>
   <trkpt lat="45.7689300" lon="6.1193600">
    <ele>988</ele>
   </trkpt>
   <trkpt lat="45.7695800" lon="6.1199000">
    <ele>991</ele>
   </trkpt>
   <trkpt lat="45.7700699" lon="6.1202100">
    <ele>996</ele>
   </trkpt>
   <trkpt lat="45.7702400" lon="6.1202900">
    <ele>997</ele>
   </trkpt>
   <trkpt lat="45.7704200" lon="6.1203700">
    <ele>998</ele>
   </trkpt>
   <trkpt lat="45.7706600" lon="6.1204400">
    <ele>1001</ele>
   </trkpt>
   <trkpt lat="45.7707600" lon="6.1204800">
    <ele>1001</ele>
   </trkpt>
   <trkpt lat="45.7708400" lon="6.1205400">
    <ele>1001</ele>
   </trkpt>
   <trkpt lat="45.7709300" lon="6.1206400">
    <ele>1000</ele>
   </trkpt>
   <trkpt lat="45.7711900" lon="6.1209600">
    <ele>998</ele>
   </trkpt>
   <trkpt lat="45.7712500" lon="6.1210100">
    <ele>998</ele>
   </trkpt>
   <trkpt lat="45.7713200" lon="6.1210300">
    <ele>999</ele>
   </trkpt>
   <trkpt lat="45.7713600" lon="6.1210200">
    <ele>1000</ele>
   </trkpt>
   <trkpt lat="45.7713899" lon="6.1209900">
    <ele>1002</ele>
   </trkpt>
   <trkpt lat="45.7714100" lon="6.1209600">
    <ele>1003</ele>
   </trkpt>
   <trkpt lat="45.7714300" lon="6.1209000">
    <ele>1005</ele>
   </trkpt>
   <trkpt lat="45.7714300" lon="6.1208600">
    <ele>1006</ele>
   </trkpt>
   <trkpt lat="45.7714200" lon="6.1208100">
    <ele>1007</ele>
   </trkpt>
   <trkpt lat="45.7714000" lon="6.1207500">
    <ele>1009</ele>
   </trkpt>
   <trkpt lat="45.7713600" lon="6.1206900">
    <ele>1009</ele>
   </trkpt>
   <trkpt lat="45.7712400" lon="6.1205700">
    <ele>1010</ele>
   </trkpt>
   <trkpt lat="45.7709900" lon="6.1203200">
    <ele>1011</ele>
   </trkpt>
   <trkpt lat="45.7708600" lon="6.1202300">
    <ele>1011</ele>
   </trkpt>
   <trkpt lat="45.7707100" lon="6.1201500">
    <ele>1010</ele>
   </trkpt>
   <trkpt lat="45.7706400" lon="6.1200900">
    <ele>1010</ele>
   </trkpt>
   <trkpt lat="45.7704300" lon="6.1198100">
    <ele>1014</ele>
   </trkpt>
   <trkpt lat="45.7701400" lon="6.1194800">
    <ele>1018</ele>
   </trkpt>
   <trkpt lat="45.7698200" lon="6.1191700">
    <ele>1019</ele>
   </trkpt>
   <trkpt lat="45.7697100" lon="6.1190200">
    <ele>1020</ele>
   </trkpt>
   <trkpt lat="45.7695099" lon="6.1186299">
    <ele>1026</ele>
   </trkpt>
   <trkpt lat="45.7692500" lon="6.1182900">
    <ele>1030</ele>
   </trkpt>
   <trkpt lat="45.7687900" lon="6.1179100">
    <ele>1032</ele>
   </trkpt>
   <trkpt lat="45.7684500" lon="6.1175700">
    <ele>1034</ele>
   </trkpt>
   <trkpt lat="45.7680600" lon="6.1172400">
    <ele>1036</ele>
   </trkpt>
   <trkpt lat="45.7679100" lon="6.1171000">
    <ele>1037</ele>
   </trkpt>
   <trkpt lat="45.7675900" lon="6.1166900">
    <ele>1041</ele>
   </trkpt>
   <trkpt lat="45.7674200" lon="6.1164900">
    <ele>1044</ele>
   </trkpt>
   <trkpt lat="45.7672400" lon="6.1163299">
    <ele>1045</ele>
   </trkpt>
   <trkpt lat="45.7670400" lon="6.1161700">
    <ele>1046</ele>
   </trkpt>
   <trkpt lat="45.7662700" lon="6.1156200">
    <ele>1049</ele>
   </trkpt>
   <trkpt lat="45.7653899" lon="6.1150600">
    <ele>1054</ele>
   </trkpt>
   <trkpt lat="45.7650500" lon="6.1148800">
    <ele>1055</ele>
   </trkpt>
   <trkpt lat="45.7648000" lon="6.1147300">
    <ele>1057</ele>
   </trkpt>
   <trkpt lat="45.7644900" lon="6.1144999">
    <ele>1061</ele>
   </trkpt>
   <trkpt lat="45.7643900" lon="6.1144100">
    <ele>1062</ele>
   </trkpt>
   <trkpt lat="45.7640900" lon="6.1140900">
    <ele>1069</ele>
   </trkpt>
   <trkpt lat="45.7639900" lon="6.1140000">
    <ele>1071</ele>
   </trkpt>
   <trkpt lat="45.7636899" lon="6.1137700">
    <ele>1074</ele>
   </trkpt>
   <trkpt lat="45.7635500" lon="6.1136900">
    <ele>1074</ele>
   </trkpt>
   <trkpt lat="45.7629300" lon="6.1133700">
    <ele>1073</ele>
   </trkpt>
   <trkpt lat="45.7626800" lon="6.1131700">
    <ele>1076</ele>
   </trkpt>
   <trkpt lat="45.7624200" lon="6.1130000">
    <ele>1078</ele>
   </trkpt>
   <trkpt lat="45.7621800" lon="6.1127700">
    <ele>1083</ele>
   </trkpt>
   <trkpt lat="45.7620900" lon="6.1127000">
    <ele>1084</ele>
   </trkpt>
   <trkpt lat="45.7617900" lon="6.1125400">
    <ele>1084</ele>
   </trkpt>
   <trkpt lat="45.7616100" lon="6.1124100">
    <ele>1086</ele>
   </trkpt>
   <trkpt lat="45.7615100" lon="6.1123500">
    <ele>1088</ele>
   </trkpt>
   <trkpt lat="45.7609100" lon="6.1120900">
    <ele>1089</ele>
   </trkpt>
   <trkpt lat="45.7608800" lon="6.1120599">
    <ele>1090</ele>
   </trkpt>
   <trkpt lat="45.7608600" lon="6.1120100">
    <ele>1091</ele>
   </trkpt>
   <trkpt lat="45.7608500" lon="6.1119700">
    <ele>1093</ele>
   </trkpt>
   <trkpt lat="45.7608600" lon="6.1119199">
    <ele>1095</ele>
   </trkpt>
   <trkpt lat="45.7608700" lon="6.1118900">
    <ele>1096</ele>
   </trkpt>
   <trkpt lat="45.7609100" lon="6.1118400">
    <ele>1099</ele>
   </trkpt>
   <trkpt lat="45.7609400" lon="6.1118200">
    <ele>1100</ele>
   </trkpt>
   <trkpt lat="45.7609700" lon="6.1118200">
    <ele>1101</ele>
   </trkpt>
   <trkpt lat="45.7610000" lon="6.1118300">
    <ele>1101</ele>
   </trkpt>
   <trkpt lat="45.7610400" lon="6.1118499">
    <ele>1101</ele>
   </trkpt>
   <trkpt lat="45.7612499" lon="6.1120300">
    <ele>1098</ele>
   </trkpt>
   <trkpt lat="45.7613399" lon="6.1120700">
    <ele>1097</ele>
   </trkpt>
   <trkpt lat="45.7621300" lon="6.1122400">
    <ele>1106</ele>
   </trkpt>
   <trkpt lat="45.7622600" lon="6.1122900">
    <ele>1107</ele>
   </trkpt>
   <trkpt lat="45.7624000" lon="6.1123600">
    <ele>1107</ele>
   </trkpt>
   <trkpt lat="45.7626700" lon="6.1124700">
    <ele>1107</ele>
   </trkpt>
   <trkpt lat="45.7628900" lon="6.1125299">
    <ele>1110</ele>
   </trkpt>
   <trkpt lat="45.7632300" lon="6.1126100">
    <ele>1114</ele>
   </trkpt>
   <trkpt lat="45.7634300" lon="6.1126500">
    <ele>1116</ele>
   </trkpt>
   <trkpt lat="45.7635700" lon="6.1126600">
    <ele>1119</ele>
   </trkpt>
   <trkpt lat="45.7636600" lon="6.1126500">
    <ele>1121</ele>
   </trkpt>
   <trkpt lat="45.7637900" lon="6.1126800">
    <ele>1123</ele>
   </trkpt>
   <trkpt lat="45.7639600" lon="6.1127700">
    <ele>1122</ele>
   </trkpt>
   <trkpt lat="45.7647400" lon="6.1130699">
    <ele>1128</ele>
   </trkpt>
   <trkpt lat="45.7651500" lon="6.1132400">
    <ele>1129</ele>
   </trkpt>
   <trkpt lat="45.7669500" lon="6.1138500">
    <ele>1144</ele>
   </trkpt>
   <trkpt lat="45.7672300" lon="6.1139800">
    <ele>1145</ele>
   </trkpt>
   <trkpt lat="45.7674499" lon="6.1141000">
    <ele>1144</ele>
   </trkpt>
   <trkpt lat="45.7675900" lon="6.1141500">
    <ele>1146</ele>
   </trkpt>
   <trkpt lat="45.7678100" lon="6.1142000">
    <ele>1149</ele>
   </trkpt>
   <trkpt lat="45.7683899" lon="6.1144800">
    <ele>1151</ele>
   </trkpt>
   <trkpt lat="45.7686100" lon="6.1145699">
    <ele>1153</ele>
   </trkpt>
   <trkpt lat="45.7696200" lon="6.1150800">
    <ele>1159</ele>
   </trkpt>
   <trkpt lat="45.7698200" lon="6.1151600">
    <ele>1162</ele>
   </trkpt>
   <trkpt lat="45.7701800" lon="6.1152800">
    <ele>1166</ele>
   </trkpt>
   <trkpt lat="45.7705700" lon="6.1153600">
    <ele>1170</ele>
   </trkpt>
   <trkpt lat="45.7709900" lon="6.1154800">
    <ele>1173</ele>
   </trkpt>
   <trkpt lat="45.7712500" lon="6.1155700">
    <ele>1173</ele>
   </trkpt>
   <trkpt lat="45.7716900" lon="6.1156300">
    <ele>1179</ele>
   </trkpt>
   <trkpt lat="45.7717699" lon="6.1156499">
    <ele>1180</ele>
   </trkpt>
   <trkpt lat="45.7718700" lon="6.1157100">
    <ele>1179</ele>
   </trkpt>
   <trkpt lat="45.7720399" lon="6.1158300">
    <ele>1177</ele>
   </trkpt>
   <trkpt lat="45.7723700" lon="6.1160300">
    <ele>1178</ele>
   </trkpt>
   <trkpt lat="45.7725300" lon="6.1161000">
    <ele>1179</ele>
   </trkpt>
   <trkpt lat="45.7727000" lon="6.1161400">
    <ele>1182</ele>
   </trkpt>
   <trkpt lat="45.7729300" lon="6.1161600">
    <ele>1187</ele>
   </trkpt>
   <trkpt lat="45.7731100" lon="6.1162300">
    <ele>1188</ele>
   </trkpt>
   <trkpt lat="45.7735000" lon="6.1164600">
    <ele>1186</ele>
   </trkpt>
   <trkpt lat="45.7738400" lon="6.1166800">
    <ele>1181</ele>
   </trkpt>
   <trkpt lat="45.7738900" lon="6.1167000">
    <ele>1181</ele>
   </trkpt>
   <trkpt lat="45.7739300" lon="6.1167000">
    <ele>1182</ele>
   </trkpt>
   <trkpt lat="45.7739600" lon="6.1166800">
    <ele>1183</ele>
   </trkpt>
   <trkpt lat="45.7740000" lon="6.1166300">
    <ele>1187</ele>
   </trkpt>
   <trkpt lat="45.7740099" lon="6.1165600">
    <ele>1191</ele>
   </trkpt>
   <trkpt lat="45.7740000" lon="6.1165200">
    <ele>1194</ele>
   </trkpt>
   <trkpt lat="45.7739800" lon="6.1164800">
    <ele>1196</ele>
   </trkpt>
   <trkpt lat="45.7739400" lon="6.1164500">
    <ele>1197</ele>
   </trkpt>
   <trkpt lat="45.7736300" lon="6.1163500">
    <ele>1195</ele>
   </trkpt>
   <trkpt lat="45.7735600" lon="6.1163000">
    <ele>1196</ele>
   </trkpt>
   <trkpt lat="45.7734000" lon="6.1161400">
    <ele>1201</ele>
   </trkpt>
   <trkpt lat="45.7732100" lon="6.1159700">
    <ele>1204</ele>
   </trkpt>
   <trkpt lat="45.7730900" lon="6.1158800">
    <ele>1206</ele>
   </trkpt>
   <trkpt lat="45.7727999" lon="6.1158100">
    <ele>1201</ele>
   </trkpt>
   <trkpt lat="45.7727500" lon="6.1157899">
    <ele>1200</ele>
   </trkpt>
   <trkpt lat="45.7727000" lon="6.1157500">
    <ele>1201</ele>
   </trkpt>
   <trkpt lat="45.7725700" lon="6.1156000">
    <ele>1205</ele>
   </trkpt>
   <trkpt lat="45.7724700" lon="6.1155099">
    <ele>1207</ele>
   </trkpt>
   <trkpt lat="45.7722200" lon="6.1153500">
    <ele>1209</ele>
   </trkpt>
   <trkpt lat="45.7721300" lon="6.1152800">
    <ele>1210</ele>
   </trkpt>
   <trkpt lat="45.7719300" lon="6.1150600">
    <ele>1218</ele>
   </trkpt>
   <trkpt lat="45.7718599" lon="6.1149900">
    <ele>1220</ele>
   </trkpt>
   <trkpt lat="45.7717800" lon="6.1149400">
    <ele>1221</ele>
   </trkpt>
   <trkpt lat="45.7717100" lon="6.1148999">
    <ele>1222</ele>
   </trkpt>
   <trkpt lat="45.7716400" lon="6.1148900">
    <ele>1221</ele>
   </trkpt>
   <trkpt lat="45.7714500" lon="6.1148900">
    <ele>1217</ele>
   </trkpt>
   <trkpt lat="45.7712300" lon="6.1148300">
    <ele>1216</ele>
   </trkpt>
   <trkpt lat="45.7710800" lon="6.1147400">
    <ele>1218</ele>
   </trkpt>
   <trkpt lat="45.7708100" lon="6.1145600">
    <ele>1223</ele>
   </trkpt>
   <trkpt lat="45.7707300" lon="6.1145200">
    <ele>1223</ele>
   </trkpt>
   <trkpt lat="45.7706100" lon="6.1144900">
    <ele>1221</ele>
   </trkpt>
   <trkpt lat="45.7705200" lon="6.1144500">
    <ele>1220</ele>
   </trkpt>
   <trkpt lat="45.7704100" lon="6.1143800">
    <ele>1221</ele>
   </trkpt>
   <trkpt lat="45.7701300" lon="6.1141800">
    <ele>1223</ele>
   </trkpt>
   <trkpt lat="45.7700200" lon="6.1141100">
    <ele>1224</ele>
   </trkpt>
   <trkpt lat="45.7696900" lon="6.1139400">
    <ele>1223</ele>
   </trkpt>
   <trkpt lat="45.7696200" lon="6.1138800">
    <ele>1224</ele>
   </trkpt>
   <trkpt lat="45.7695500" lon="6.1138000">
    <ele>1227</ele>
   </trkpt>
   <trkpt lat="45.7694100" lon="6.1136100">
    <ele>1232</ele>
   </trkpt>
   <trkpt lat="45.7691200" lon="6.1133300">
    <ele>1238</ele>
   </trkpt>
   <trkpt lat="45.7689800" lon="6.1132099">
    <ele>1238</ele>
   </trkpt>
   <trkpt lat="45.7687400" lon="6.1130500">
    <ele>1238</ele>
   </trkpt>
   <trkpt lat="45.7683400" lon="6.1127300">
    <ele>1241</ele>
   </trkpt>
   <trkpt lat="45.7676299" lon="6.1120400">
    <ele>1252</ele>
   </trkpt>
   <trkpt lat="45.7673900" lon="6.1118300">
    <ele>1256</ele>
   </trkpt>
   <trkpt lat="45.7668800" lon="6.1114300">
    <ele>1258</ele>
   </trkpt>
   <trkpt lat="45.7667100" lon="6.1112800">
    <ele>1259</ele>
   </trkpt>
   <trkpt lat="45.7664300" lon="6.1109600">
    <ele>1265</ele>
   </trkpt>
   <trkpt lat="45.7663600" lon="6.1108900">
    <ele>1266</ele>
   </trkpt>
   <trkpt lat="45.7662700" lon="6.1108500">
    <ele>1265</ele>
   </trkpt>
   <trkpt lat="45.7660399" lon="6.1107400">
    <ele>1263</ele>
   </trkpt>
   <trkpt lat="45.7656200" lon="6.1104700">
    <ele>1262</ele>
   </trkpt>
   <trkpt lat="45.7655500" lon="6.1104100">
    <ele>1262</ele>
   </trkpt>
   <trkpt lat="45.7654900" lon="6.1103400">
    <ele>1263</ele>
   </trkpt>
   <trkpt lat="45.7652300" lon="6.1098600">
    <ele>1272</ele>
   </trkpt>
   <trkpt lat="45.7651400" lon="6.1097400">
    <ele>1273</ele>
   </trkpt>
   <trkpt lat="45.7648900" lon="6.1094900">
    <ele>1274</ele>
   </trkpt>
   <trkpt lat="45.7647400" lon="6.1093500">
    <ele>1275</ele>
   </trkpt>
   <trkpt lat="45.7646700" lon="6.1092700">
    <ele>1276</ele>
   </trkpt>
   <trkpt lat="45.7645900" lon="6.1091600">
    <ele>1277</ele>
   </trkpt>
   <trkpt lat="45.7643600" lon="6.1088100">
    <ele>1282</ele>
   </trkpt>
   <trkpt lat="45.7642900" lon="6.1086900">
    <ele>1284</ele>
   </trkpt>
   <trkpt lat="45.7641900" lon="6.1084699">
    <ele>1288</ele>
   </trkpt>
   <trkpt lat="45.7641400" lon="6.1083900">
    <ele>1290</ele>
   </trkpt>
   <trkpt lat="45.7639900" lon="6.1082300">
    <ele>1293</ele>
   </trkpt>
   <trkpt lat="45.7639100" lon="6.1081600">
    <ele>1295</ele>
   </trkpt>
   <trkpt lat="45.7638200" lon="6.1081000">
    <ele>1296</ele>
   </trkpt>
   <trkpt lat="45.7636500" lon="6.1080400">
    <ele>1297</ele>
   </trkpt>
   <trkpt lat="45.7632700" lon="6.1079700">
    <ele>1296</ele>
   </trkpt>
   <trkpt lat="45.7632000" lon="6.1079600">
    <ele>1295</ele>
   </trkpt>
   <trkpt lat="45.7630900" lon="6.1079800">
    <ele>1292</ele>
   </trkpt>
   <trkpt lat="45.7629700" lon="6.1080200">
    <ele>1289</ele>
   </trkpt>
   <trkpt lat="45.7629100" lon="6.1080300">
    <ele>1288</ele>
   </trkpt>
   <trkpt lat="45.7628000" lon="6.1079900">
    <ele>1287</ele>
   </trkpt>
   <trkpt lat="45.7627499" lon="6.1079400">
    <ele>1288</ele>
   </trkpt>
   <trkpt lat="45.7627000" lon="6.1078599">
    <ele>1289</ele>
   </trkpt>
   <trkpt lat="45.7626400" lon="6.1077300">
    <ele>1291</ele>
   </trkpt>
   <trkpt lat="45.7625300" lon="6.1073600">
    <ele>1298</ele>
   </trkpt>
   <trkpt lat="45.7624600" lon="6.1072000">
    <ele>1301</ele>
   </trkpt>
   <trkpt lat="45.7624000" lon="6.1070700">
    <ele>1303</ele>
   </trkpt>
   <trkpt lat="45.7623000" lon="6.1069100">
    <ele>1306</ele>
   </trkpt>
   <trkpt lat="45.7621100" lon="6.1066399">
    <ele>1308</ele>
   </trkpt>
   <trkpt lat="45.7618500" lon="6.1061500">
    <ele>1309</ele>
   </trkpt>
   <trkpt lat="45.7617900" lon="6.1060500">
    <ele>1309</ele>
   </trkpt>
   <trkpt lat="45.7616299" lon="6.1058800">
    <ele>1309</ele>
   </trkpt>
   <trkpt lat="45.7615600" lon="6.1057800">
    <ele>1308</ele>
   </trkpt>
   <trkpt lat="45.7614900" lon="6.1056700">
    <ele>1309</ele>
   </trkpt>
   <trkpt lat="45.7612600" lon="6.1050800">
    <ele>1312</ele>
   </trkpt>
   <trkpt lat="45.7609900" lon="6.1046300">
    <ele>1312</ele>
   </trkpt>
   <trkpt lat="45.7607700" lon="6.1042300">
    <ele>1312</ele>
   </trkpt>
   <trkpt lat="45.7607300" lon="6.1041100">
    <ele>1312</ele>
   </trkpt>
   <trkpt lat="45.7607200" lon="6.1039899">
    <ele>1313</ele>
   </trkpt>
   <trkpt lat="45.7607400" lon="6.1038800">
    <ele>1314</ele>
   </trkpt>
   <trkpt lat="45.7607900" lon="6.1038100">
    <ele>1315</ele>
   </trkpt>
   <trkpt lat="45.7608400" lon="6.1037800">
    <ele>1316</ele>
   </trkpt>
   <trkpt lat="45.7609000" lon="6.1037700">
    <ele>1317</ele>
   </trkpt>
   <trkpt lat="45.7609400" lon="6.1037700">
    <ele>1317</ele>
   </trkpt>
   <trkpt lat="45.7610100" lon="6.1038200">
    <ele>1319</ele>
   </trkpt>
   <trkpt lat="45.7611000" lon="6.1039899">
    <ele>1320</ele>
   </trkpt>
   <trkpt lat="45.7614600" lon="6.1048099">
    <ele>1320</ele>
   </trkpt>
   <trkpt lat="45.7615000" lon="6.1048700">
    <ele>1320</ele>
   </trkpt>
   <trkpt lat="45.7615399" lon="6.1049100">
    <ele>1320</ele>
   </trkpt>
   <trkpt lat="45.7615800" lon="6.1049300">
    <ele>1321</ele>
   </trkpt>
   <trkpt lat="45.7616900" lon="6.1049400">
    <ele>1323</ele>
   </trkpt>
   <trkpt lat="45.7619500" lon="6.1049000">
    <ele>1328</ele>
   </trkpt>
   <trkpt lat="45.7620999" lon="6.1049100">
    <ele>1331</ele>
   </trkpt>
   <trkpt lat="45.7622500" lon="6.1049500">
    <ele>1334</ele>
   </trkpt>
   <trkpt lat="45.7623500" lon="6.1049900">
    <ele>1335</ele>
   </trkpt>
   <trkpt lat="45.7625400" lon="6.1051399">
    <ele>1337</ele>
   </trkpt>
   <trkpt lat="45.7626100" lon="6.1052099">
    <ele>1337</ele>
   </trkpt>
   <trkpt lat="45.7627100" lon="6.1053800">
    <ele>1337</ele>
   </trkpt>
   <trkpt lat="45.7627400" lon="6.1054800">
    <ele>1337</ele>
   </trkpt>
   <trkpt lat="45.7628000" lon="6.1057800">
    <ele>1334</ele>
   </trkpt>
   <trkpt lat="45.7628300" lon="6.1058700">
    <ele>1334</ele>
   </trkpt>
   <trkpt lat="45.7629200" lon="6.1060500">
    <ele>1334</ele>
   </trkpt>
   <trkpt lat="45.7629700" lon="6.1061200">
    <ele>1334</ele>
   </trkpt>
   <trkpt lat="45.7630600" lon="6.1062000">
    <ele>1335</ele>
   </trkpt>
   <trkpt lat="45.7632800" lon="6.1063500">
    <ele>1338</ele>
   </trkpt>
   <trkpt lat="45.7633600" lon="6.1063900">
    <ele>1339</ele>
   </trkpt>
   <trkpt lat="45.7639700" lon="6.1064900">
    <ele>1343</ele>
   </trkpt>
   <trkpt lat="45.7642600" lon="6.1066300">
    <ele>1342</ele>
   </trkpt>
   <trkpt lat="45.7643700" lon="6.1066500">
    <ele>1342</ele>
   </trkpt>
   <trkpt lat="45.7645000" lon="6.1066399">
    <ele>1343</ele>
   </trkpt>
   <trkpt lat="45.7648500" lon="6.1065200">
    <ele>1347</ele>
   </trkpt>
   <trkpt lat="45.7649700" lon="6.1064900">
    <ele>1348</ele>
   </trkpt>
   <trkpt lat="45.7651300" lon="6.1064800">
    <ele>1349</ele>
   </trkpt>
   <trkpt lat="45.7652500" lon="6.1064900">
    <ele>1350</ele>
   </trkpt>
   <trkpt lat="45.7653600" lon="6.1065400">
    <ele>1350</ele>
   </trkpt>
   <trkpt lat="45.7655100" lon="6.1066700">
    <ele>1349</ele>
   </trkpt>
   <trkpt lat="45.7656000" lon="6.1067100">
    <ele>1349</ele>
   </trkpt>
   <trkpt lat="45.7657000" lon="6.1067400">
    <ele>1349</ele>
   </trkpt>
   <trkpt lat="45.7658400" lon="6.1067500">
    <ele>1350</ele>
   </trkpt>
   <trkpt lat="45.7659900" lon="6.1067400">
    <ele>1352</ele>
   </trkpt>
   <trkpt lat="45.7661299" lon="6.1067300">
    <ele>1353</ele>
   </trkpt>
   <trkpt lat="45.7662500" lon="6.1067300">
    <ele>1355</ele>
   </trkpt>
   <trkpt lat="45.7663600" lon="6.1067500">
    <ele>1356</ele>
   </trkpt>
   <trkpt lat="45.7666200" lon="6.1068900">
    <ele>1357</ele>
   </trkpt>
   <trkpt lat="45.7667100" lon="6.1069600">
    <ele>1357</ele>
   </trkpt>
   <trkpt lat="45.7667700" lon="6.1070500">
    <ele>1357</ele>
   </trkpt>
   <trkpt lat="45.7668100" lon="6.1071600">
    <ele>1356</ele>
   </trkpt>
   <trkpt lat="45.7668700" lon="6.1074300">
    <ele>1353</ele>
   </trkpt>
   <trkpt lat="45.7669100" lon="6.1075300">
    <ele>1353</ele>
   </trkpt>
   <trkpt lat="45.7669500" lon="6.1076000">
    <ele>1353</ele>
   </trkpt>
   <trkpt lat="45.7669900" lon="6.1076300">
    <ele>1353</ele>
   </trkpt>
   <trkpt lat="45.7672900" lon="6.1078300">
    <ele>1357</ele>
   </trkpt>
   <trkpt lat="45.7673700" lon="6.1079100">
    <ele>1358</ele>
   </trkpt>
   <trkpt lat="45.7674300" lon="6.1080200">
    <ele>1358</ele>
   </trkpt>
   <trkpt lat="45.7674700" lon="6.1081200">
    <ele>1358</ele>
   </trkpt>
   <trkpt lat="45.7675700" lon="6.1084800">
    <ele>1357</ele>
   </trkpt>
   <trkpt lat="45.7676299" lon="6.1088900">
    <ele>1354</ele>
   </trkpt>
   <trkpt lat="45.7676500" lon="6.1089900">
    <ele>1354</ele>
   </trkpt>
   <trkpt lat="45.7677000" lon="6.1090900">
    <ele>1354</ele>
   </trkpt>
   <trkpt lat="45.7677600" lon="6.1091600">
    <ele>1354</ele>
   </trkpt>
   <trkpt lat="45.7678600" lon="6.1092500">
    <ele>1353</ele>
   </trkpt>
   <trkpt lat="45.7679500" lon="6.1093100">
    <ele>1353</ele>
   </trkpt>
   <trkpt lat="45.7681100" lon="6.1093700">
    <ele>1354</ele>
   </trkpt>
   <trkpt lat="45.7683500" lon="6.1093900">
    <ele>1357</ele>
   </trkpt>
   <trkpt lat="45.7685000" lon="6.1094200">
    <ele>1358</ele>
   </trkpt>
   <trkpt lat="45.7694500" lon="6.1097400">
    <ele>1366</ele>
   </trkpt>
   <trkpt lat="45.7695400" lon="6.1097900">
    <ele>1367</ele>
   </trkpt>
   <trkpt lat="45.7696100" lon="6.1098500">
    <ele>1367</ele>
   </trkpt>
   <trkpt lat="45.7698200" lon="6.1101200">
    <ele>1363</ele>
   </trkpt>
   <trkpt lat="45.7698899" lon="6.1101800">
    <ele>1363</ele>
   </trkpt>
   <trkpt lat="45.7703000" lon="6.1103900">
    <ele>1363</ele>
   </trkpt>
   <trkpt lat="45.7703900" lon="6.1104200">
    <ele>1363</ele>
   </trkpt>
   <trkpt lat="45.7708800" lon="6.1105000">
    <ele>1367</ele>
   </trkpt>
   <trkpt lat="45.7712000" lon="6.1105000">
    <ele>1368</ele>
   </trkpt>
   <trkpt lat="45.7714400" lon="6.1105300">
    <ele>1368</ele>
   </trkpt>
   <trkpt lat="45.7716200" lon="6.1105500">
    <ele>1369</ele>
   </trkpt>
   <trkpt lat="45.7719000" lon="6.1106000">
    <ele>1370</ele>
   </trkpt>
   <trkpt lat="45.7723800" lon="6.1107200">
    <ele>1372</ele>
   </trkpt>
   <trkpt lat="45.7726600" lon="6.1107600">
    <ele>1374</ele>
   </trkpt>
   <trkpt lat="45.7728300" lon="6.1107600">
    <ele>1376</ele>
   </trkpt>
   <trkpt lat="45.7729799" lon="6.1106999">
    <ele>1378</ele>
   </trkpt>
   <trkpt lat="45.7731500" lon="6.1106900">
    <ele>1380</ele>
   </trkpt>
   <trkpt lat="45.7733500" lon="6.1107600">
    <ele>1381</ele>
   </trkpt>
   <trkpt lat="45.7735399" lon="6.1108100">
    <ele>1381</ele>
   </trkpt>
   <trkpt lat="45.7737200" lon="6.1108399">
    <ele>1382</ele>
   </trkpt>
   <trkpt lat="45.7741000" lon="6.1109000">
    <ele>1383</ele>
   </trkpt>
   <trkpt lat="45.7743500" lon="6.1109500">
    <ele>1384</ele>
   </trkpt>
   <trkpt lat="45.7744600" lon="6.1109600">
    <ele>1385</ele>
   </trkpt>
   <trkpt lat="45.7746700" lon="6.1109400">
    <ele>1387</ele>
   </trkpt>
   <trkpt lat="45.7748100" lon="6.1109400">
    <ele>1388</ele>
   </trkpt>
   <trkpt lat="45.7749100" lon="6.1109600">
    <ele>1389</ele>
   </trkpt>
   <trkpt lat="45.7751100" lon="6.1110700">
    <ele>1389</ele>
   </trkpt>
   <trkpt lat="45.7752800" lon="6.1112100">
    <ele>1388</ele>
   </trkpt>
   <trkpt lat="45.7753800" lon="6.1112700">
    <ele>1388</ele>
   </trkpt>
   <trkpt lat="45.7754500" lon="6.1112800">
    <ele>1389</ele>
   </trkpt>
   <trkpt lat="45.7757300" lon="6.1112700">
    <ele>1393</ele>
   </trkpt>
   <trkpt lat="45.7757900" lon="6.1112800">
    <ele>1393</ele>
   </trkpt>
   <trkpt lat="45.7759000" lon="6.1113099">
    <ele>1394</ele>
   </trkpt>
   <trkpt lat="45.7761600" lon="6.1114300">
    <ele>1394</ele>
   </trkpt>
   <trkpt lat="45.7767300" lon="6.1117300">
    <ele>1393</ele>
   </trkpt>
   <trkpt lat="45.7768200" lon="6.1117700">
    <ele>1393</ele>
   </trkpt>
   <trkpt lat="45.7769199" lon="6.1118000">
    <ele>1393</ele>
   </trkpt>
   <trkpt lat="45.7770000" lon="6.1117900">
    <ele>1393</ele>
   </trkpt>
   <trkpt lat="45.7770700" lon="6.1117500">
    <ele>1394</ele>
   </trkpt>
   <trkpt lat="45.7771300" lon="6.1116900">
    <ele>1395</ele>
   </trkpt>
   <trkpt lat="45.7772999" lon="6.1114600">
    <ele>1400</ele>
   </trkpt>
   <trkpt lat="45.7775200" lon="6.1112000">
    <ele>1407</ele>
   </trkpt>
   <trkpt lat="45.7775899" lon="6.1111300">
    <ele>1409</ele>
   </trkpt>
   <trkpt lat="45.7776500" lon="6.1110800">
    <ele>1409</ele>
   </trkpt>
   <trkpt lat="45.7777400" lon="6.1110300">
    <ele>1410</ele>
   </trkpt>
   <trkpt lat="45.7779900" lon="6.1109400">
    <ele>1410</ele>
   </trkpt>
   <trkpt lat="45.7780500" lon="6.1108800">
    <ele>1410</ele>
   </trkpt>
   <trkpt lat="45.7783000" lon="6.1106000">
    <ele>1414</ele>
   </trkpt>
   <trkpt lat="45.7785600" lon="6.1103600">
    <ele>1417</ele>
   </trkpt>
   <trkpt lat="45.7786199" lon="6.1103100">
    <ele>1417</ele>
   </trkpt>
   <trkpt lat="45.7786900" lon="6.1102800">
    <ele>1416</ele>
   </trkpt>
   <trkpt lat="45.7788300" lon="6.1102600">
    <ele>1414</ele>
   </trkpt>
   <trkpt lat="45.7790800" lon="6.1102500">
    <ele>1410</ele>
   </trkpt>
   <trkpt lat="45.7791900" lon="6.1102700">
    <ele>1409</ele>
   </trkpt>
   <trkpt lat="45.7794200" lon="6.1103200">
    <ele>1412</ele>
   </trkpt>
   <trkpt lat="45.7795700" lon="6.1103800">
    <ele>1414</ele>
   </trkpt>
   <trkpt lat="45.7796700" lon="6.1104400">
    <ele>1415</ele>
   </trkpt>
   <trkpt lat="45.7797200" lon="6.1104900">
    <ele>1416</ele>
   </trkpt>
   <trkpt lat="45.7797500" lon="6.1105500">
    <ele>1416</ele>
   </trkpt>
   <trkpt lat="45.7797700" lon="6.1106200">
    <ele>1417</ele>
   </trkpt>
   <trkpt lat="45.7797800" lon="6.1106900">
    <ele>1417</ele>
   </trkpt>
   <trkpt lat="45.7797800" lon="6.1107699">
    <ele>1417</ele>
   </trkpt>
   <trkpt lat="45.7797600" lon="6.1108399">
    <ele>1416</ele>
   </trkpt>
   <trkpt lat="45.7797500" lon="6.1109099">
    <ele>1417</ele>
   </trkpt>
   <trkpt lat="45.7797100" lon="6.1109800">
    <ele>1416</ele>
   </trkpt>
   <trkpt lat="45.7796200" lon="6.1111400">
    <ele>1415</ele>
   </trkpt>
   <trkpt lat="45.7795400" lon="6.1112700">
    <ele>1415</ele>
   </trkpt>
   <trkpt lat="45.7795100" lon="6.1114000">
    <ele>1415</ele>
   </trkpt>
   <trkpt lat="45.7794900" lon="6.1115900">
    <ele>1415</ele>
   </trkpt>
   <trkpt lat="45.7794900" lon="6.1117300">
    <ele>1415</ele>
   </trkpt>
   <trkpt lat="45.7795200" lon="6.1119500">
    <ele>1415</ele>
   </trkpt>
   <trkpt lat="45.7796000" lon="6.1123400">
    <ele>1414</ele>
   </trkpt>
   <trkpt lat="45.7796200" lon="6.1124700">
    <ele>1413</ele>
   </trkpt>
   <trkpt lat="45.7796499" lon="6.1128200">
    <ele>1411</ele>
   </trkpt>
   <trkpt lat="45.7796600" lon="6.1129000">
    <ele>1411</ele>
   </trkpt>
   <trkpt lat="45.7796900" lon="6.1129600">
    <ele>1411</ele>
   </trkpt>
   <trkpt lat="45.7797200" lon="6.1130100">
    <ele>1411</ele>
   </trkpt>
   <trkpt lat="45.7797700" lon="6.1130600">
    <ele>1411</ele>
   </trkpt>
   <trkpt lat="45.7798299" lon="6.1131100">
    <ele>1412</ele>
   </trkpt>
   <trkpt lat="45.7803200" lon="6.1134000">
    <ele>1416</ele>
   </trkpt>
   <trkpt lat="45.7805300" lon="6.1135400">
    <ele>1417</ele>
   </trkpt>
   <trkpt lat="45.7806300" lon="6.1135800">
    <ele>1417</ele>
   </trkpt>
   <trkpt lat="45.7806799" lon="6.1135700">
    <ele>1418</ele>
   </trkpt>
   <trkpt lat="45.7807100" lon="6.1135500">
    <ele>1418</ele>
   </trkpt>
   <trkpt lat="45.7807500" lon="6.1135000">
    <ele>1419</ele>
   </trkpt>
   <trkpt lat="45.7807800" lon="6.1134500">
    <ele>1420</ele>
   </trkpt>
   <trkpt lat="45.7808100" lon="6.1133700">
    <ele>1421</ele>
   </trkpt>
   <trkpt lat="45.7809000" lon="6.1128800">
    <ele>1426</ele>
   </trkpt>
   <trkpt lat="45.7809300" lon="6.1127500">
    <ele>1428</ele>
   </trkpt>
   <trkpt lat="45.7809600" lon="6.1126699">
    <ele>1429</ele>
   </trkpt>
   <trkpt lat="45.7810000" lon="6.1126100">
    <ele>1429</ele>
   </trkpt>
   <trkpt lat="45.7810400" lon="6.1125800">
    <ele>1430</ele>
   </trkpt>
   <trkpt lat="45.7811000" lon="6.1125600">
    <ele>1431</ele>
   </trkpt>
   <trkpt lat="45.7812100" lon="6.1125600">
    <ele>1432</ele>
   </trkpt>
   <trkpt lat="45.7812800" lon="6.1125900">
    <ele>1432</ele>
   </trkpt>
   <trkpt lat="45.7813500" lon="6.1126400">
    <ele>1432</ele>
   </trkpt>
   <trkpt lat="45.7814000" lon="6.1127000">
    <ele>1432</ele>
   </trkpt>
   <trkpt lat="45.7814300" lon="6.1127900">
    <ele>1431</ele>
   </trkpt>
   <trkpt lat="45.7814800" lon="6.1129400">
    <ele>1430</ele>
   </trkpt>
   <trkpt lat="45.7815700" lon="6.1133300">
    <ele>1427</ele>
   </trkpt>
   <trkpt lat="45.7816400" lon="6.1135500">
    <ele>1425</ele>
   </trkpt>
   <trkpt lat="45.7817300" lon="6.1138100">
    <ele>1424</ele>
   </trkpt>
   <trkpt lat="45.7817600" lon="6.1138700">
    <ele>1423</ele>
   </trkpt>
   <trkpt lat="45.7818300" lon="6.1139100">
    <ele>1424</ele>
   </trkpt>
   <trkpt lat="45.7818900" lon="6.1139200">
    <ele>1424</ele>
   </trkpt>
   <trkpt lat="45.7820600" lon="6.1139000">
    <ele>1426</ele>
   </trkpt>
   <trkpt lat="45.7822300" lon="6.1138400">
    <ele>1429</ele>
   </trkpt>
   <trkpt lat="45.7823700" lon="6.1137800">
    <ele>1432</ele>
   </trkpt>
   <trkpt lat="45.7825000" lon="6.1137499">
    <ele>1434</ele>
   </trkpt>
   <trkpt lat="45.7826499" lon="6.1137800">
    <ele>1435</ele>
   </trkpt>
   <trkpt lat="45.7828500" lon="6.1138400">
    <ele>1437</ele>
   </trkpt>
   <trkpt lat="45.7830700" lon="6.1138500">
    <ele>1440</ele>
   </trkpt>
   <trkpt lat="45.7832600" lon="6.1138600">
    <ele>1442</ele>
   </trkpt>
   <trkpt lat="45.7833200" lon="6.1138500">
    <ele>1443</ele>
   </trkpt>
   <trkpt lat="45.7834400" lon="6.1138000">
    <ele>1446</ele>
   </trkpt>
   <trkpt lat="45.7835300" lon="6.1137900">
    <ele>1447</ele>
   </trkpt>
   <trkpt lat="45.7836000" lon="6.1138300">
    <ele>1447</ele>
   </trkpt>
   <trkpt lat="45.7836300" lon="6.1138800">
    <ele>1446</ele>
   </trkpt>
   <trkpt lat="45.7836700" lon="6.1139500">
    <ele>1445</ele>
   </trkpt>
   <trkpt lat="45.7837300" lon="6.1140400">
    <ele>1444</ele>
   </trkpt>
   <trkpt lat="45.7839000" lon="6.1141400">
    <ele>1445</ele>
   </trkpt>
   <trkpt lat="45.7840700" lon="6.1142300">
    <ele>1446</ele>
   </trkpt>
   <trkpt lat="45.7841300" lon="6.1142300">
    <ele>1447</ele>
   </trkpt>
   <trkpt lat="45.7841900" lon="6.1142300">
    <ele>1448</ele>
   </trkpt>
   <trkpt lat="45.7842500" lon="6.1142100">
    <ele>1450</ele>
   </trkpt>
   <trkpt lat="45.7844399" lon="6.1141200">
    <ele>1454</ele>
   </trkpt>
   <trkpt lat="45.7845400" lon="6.1141200">
    <ele>1456</ele>
   </trkpt>
   <trkpt lat="45.7846000" lon="6.1141400">
    <ele>1456</ele>
   </trkpt>
   <trkpt lat="45.7846500" lon="6.1141800">
    <ele>1456</ele>
   </trkpt>
   <trkpt lat="45.7847000" lon="6.1142300">
    <ele>1456</ele>
   </trkpt>
   <trkpt lat="45.7848200" lon="6.1144000">
    <ele>1455</ele>
   </trkpt>
   <trkpt lat="45.7849200" lon="6.1144700">
    <ele>1455</ele>
   </trkpt>
   <trkpt lat="45.7853400" lon="6.1145100">
    <ele>1457</ele>
   </trkpt>
   <trkpt lat="45.7856600" lon="6.1146000">
    <ele>1458</ele>
   </trkpt>
   <trkpt lat="45.7857000" lon="6.1145900">
    <ele>1458</ele>
   </trkpt>
   <trkpt lat="45.7857500" lon="6.1145699">
    <ele>1459</ele>
   </trkpt>
   <trkpt lat="45.7857800" lon="6.1145200">
    <ele>1460</ele>
   </trkpt>
   <trkpt lat="45.7858100" lon="6.1143800">
    <ele>1463</ele>
   </trkpt>
   <trkpt lat="45.7858000" lon="6.1141000">
    <ele>1469</ele>
   </trkpt>
   <trkpt lat="45.7858000" lon="6.1140000">
    <ele>1471</ele>
   </trkpt>
   <trkpt lat="45.7858100" lon="6.1139100">
    <ele>1472</ele>
   </trkpt>
   <trkpt lat="45.7858800" lon="6.1136400">
    <ele>1477</ele>
   </trkpt>
   <trkpt lat="45.7858900" lon="6.1135700">
    <ele>1478</ele>
   </trkpt>
   <trkpt lat="45.7858800" lon="6.1134800">
    <ele>1479</ele>
   </trkpt>
   <trkpt lat="45.7858600" lon="6.1134100">
    <ele>1481</ele>
   </trkpt>
   <trkpt lat="45.7858000" lon="6.1132799">
    <ele>1482</ele>
   </trkpt>
   <trkpt lat="45.7857700" lon="6.1132099">
    <ele>1483</ele>
   </trkpt>
   <trkpt lat="45.7857600" lon="6.1131200">
    <ele>1484</ele>
   </trkpt>
   <trkpt lat="45.7857700" lon="6.1129200">
    <ele>1486</ele>
   </trkpt>
   <trkpt lat="45.7858900" lon="6.1122700">
    <ele>1491</ele>
   </trkpt>
   <trkpt lat="45.7859100" lon="6.1121000">
    <ele>1492</ele>
   </trkpt>
   <trkpt lat="45.7859100" lon="6.1119899">
    <ele>1492</ele>
   </trkpt>
   <trkpt lat="45.7859000" lon="6.1118900">
    <ele>1493</ele>
   </trkpt>
   <trkpt lat="45.7858800" lon="6.1118000">
    <ele>1493</ele>
   </trkpt>
   <trkpt lat="45.7858500" lon="6.1117100">
    <ele>1494</ele>
   </trkpt>
   <trkpt lat="45.7858000" lon="6.1116300">
    <ele>1494</ele>
   </trkpt>
   <trkpt lat="45.7857000" lon="6.1114900">
    <ele>1494</ele>
   </trkpt>
   <trkpt lat="45.7855100" lon="6.1112900">
    <ele>1494</ele>
   </trkpt>
   <trkpt lat="45.7854300" lon="6.1111500">
    <ele>1494</ele>
   </trkpt>
   <trkpt lat="45.7854100" lon="6.1110700">
    <ele>1494</ele>
   </trkpt>
   <trkpt lat="45.7854200" lon="6.1110100">
    <ele>1494</ele>
   </trkpt>
   <trkpt lat="45.7854300" lon="6.1109400">
    <ele>1494</ele>
   </trkpt>
   <trkpt lat="45.7854600" lon="6.1108700">
    <ele>1494</ele>
   </trkpt>
   <trkpt lat="45.7855000" lon="6.1108300">
    <ele>1495</ele>
   </trkpt>
   <trkpt lat="45.7855400" lon="6.1108000">
    <ele>1496</ele>
   </trkpt>
   <trkpt lat="45.7859800" lon="6.1107500">
    <ele>1500</ele>
   </trkpt>
   <trkpt lat="45.7861500" lon="6.1107100">
    <ele>1501</ele>
   </trkpt>
   <trkpt lat="45.7867600" lon="6.1104200">
    <ele>1510</ele>
   </trkpt>
   <trkpt lat="45.7868100" lon="6.1104100">
    <ele>1511</ele>
   </trkpt>
   <trkpt lat="45.7868700" lon="6.1104200">
    <ele>1511</ele>
   </trkpt>
   <trkpt lat="45.7870800" lon="6.1105000">
    <ele>1512</ele>
   </trkpt>
   <trkpt lat="45.7871499" lon="6.1105100">
    <ele>1512</ele>
   </trkpt>
   <trkpt lat="45.7872100" lon="6.1105000">
    <ele>1513</ele>
   </trkpt>
   <trkpt lat="45.7874300" lon="6.1104200">
    <ele>1517</ele>
   </trkpt>
   <trkpt lat="45.7874800" lon="6.1104100">
    <ele>1517</ele>
   </trkpt>
   <trkpt lat="45.7875299" lon="6.1104200">
    <ele>1518</ele>
   </trkpt>
   <trkpt lat="45.7876300" lon="6.1105400">
    <ele>1516</ele>
   </trkpt>
   <trkpt lat="45.7876800" lon="6.1105800">
    <ele>1516</ele>
   </trkpt>
   <trkpt lat="45.7878100" lon="6.1106200">
    <ele>1516</ele>
   </trkpt>
   <trkpt lat="45.7880700" lon="6.1105900">
    <ele>1518</ele>
   </trkpt>
   <trkpt lat="45.7882000" lon="6.1105900">
    <ele>1519</ele>
   </trkpt>
   <trkpt lat="45.7884200" lon="6.1106100">
    <ele>1521</ele>
   </trkpt>
   <trkpt lat="45.7884900" lon="6.1106100">
    <ele>1521</ele>
   </trkpt>
   <trkpt lat="45.7885700" lon="6.1105800">
    <ele>1523</ele>
   </trkpt>
   <trkpt lat="45.7887200" lon="6.1105500">
    <ele>1524</ele>
   </trkpt>
   <trkpt lat="45.7887700" lon="6.1105200">
    <ele>1525</ele>
   </trkpt>
   <trkpt lat="45.7888600" lon="6.1104100">
    <ele>1528</ele>
   </trkpt>
   <trkpt lat="45.7889600" lon="6.1102500">
    <ele>1533</ele>
   </trkpt>
   <trkpt lat="45.7890299" lon="6.1101800">
    <ele>1534</ele>
   </trkpt>
   <trkpt lat="45.7890800" lon="6.1101500">
    <ele>1535</ele>
   </trkpt>
   <trkpt lat="45.7891199" lon="6.1101400">
    <ele>1536</ele>
   </trkpt>
   <trkpt lat="45.7892000" lon="6.1101300">
    <ele>1537</ele>
   </trkpt>
   <trkpt lat="45.7892500" lon="6.1101500">
    <ele>1538</ele>
   </trkpt>
   <trkpt lat="45.7893100" lon="6.1101800">
    <ele>1538</ele>
   </trkpt>
   <trkpt lat="45.7894800" lon="6.1103700">
    <ele>1538</ele>
   </trkpt>
   <trkpt lat="45.7897500" lon="6.1106100">
    <ele>1538</ele>
   </trkpt>
   <trkpt lat="45.7898100" lon="6.1106600">
    <ele>1538</ele>
   </trkpt>
   <trkpt lat="45.7898900" lon="6.1106999">
    <ele>1538</ele>
   </trkpt>
   <trkpt lat="45.7899800" lon="6.1107200">
    <ele>1539</ele>
   </trkpt>
   <trkpt lat="45.7903100" lon="6.1107800">
    <ele>1544</ele>
   </trkpt>
   <trkpt lat="45.7903900" lon="6.1107900">
    <ele>1545</ele>
   </trkpt>
   <trkpt lat="45.7905500" lon="6.1107699">
    <ele>1548</ele>
   </trkpt>
   <trkpt lat="45.7906199" lon="6.1107900">
    <ele>1549</ele>
   </trkpt>
   <trkpt lat="45.7908500" lon="6.1109000">
    <ele>1551</ele>
   </trkpt>
   <trkpt lat="45.7909500" lon="6.1109800">
    <ele>1552</ele>
   </trkpt>
   <trkpt lat="45.7910600" lon="6.1110500">
    <ele>1553</ele>
   </trkpt>
   <trkpt lat="45.7913200" lon="6.1111200">
    <ele>1556</ele>
   </trkpt>
   <trkpt lat="45.7918000" lon="6.1112000">
    <ele>1562</ele>
   </trkpt>
   <trkpt lat="45.7918900" lon="6.1112300">
    <ele>1563</ele>
   </trkpt>
   <trkpt lat="45.7919700" lon="6.1112700">
    <ele>1563</ele>
   </trkpt>
   <trkpt lat="45.7921400" lon="6.1114000">
    <ele>1562</ele>
   </trkpt>
   <trkpt lat="45.7923000" lon="6.1115800">
    <ele>1562</ele>
   </trkpt>
   <trkpt lat="45.7923600" lon="6.1116200">
    <ele>1562</ele>
   </trkpt>
   <trkpt lat="45.7924800" lon="6.1116800">
    <ele>1563</ele>
   </trkpt>
   <trkpt lat="45.7926400" lon="6.1116800">
    <ele>1564</ele>
   </trkpt>
   <trkpt lat="45.7927800" lon="6.1116700">
    <ele>1564</ele>
   </trkpt>
   <trkpt lat="45.7928500" lon="6.1116600">
    <ele>1564</ele>
   </trkpt>
   <trkpt lat="45.7928900" lon="6.1116300">
    <ele>1564</ele>
   </trkpt>
   <trkpt lat="45.7929600" lon="6.1115400">
    <ele>1565</ele>
   </trkpt>
   <trkpt lat="45.7929900" lon="6.1114800">
    <ele>1565</ele>
   </trkpt>
   <trkpt lat="45.7930000" lon="6.1114100">
    <ele>1566</ele>
   </trkpt>
   <trkpt lat="45.7930100" lon="6.1111700">
    <ele>1568</ele>
   </trkpt>
   <trkpt lat="45.7930000" lon="6.1107800">
    <ele>1571</ele>
   </trkpt>
   <trkpt lat="45.7929800" lon="6.1105900">
    <ele>1572</ele>
   </trkpt>
   <trkpt lat="45.7929600" lon="6.1104700">
    <ele>1573</ele>
   </trkpt>
   <trkpt lat="45.7929500" lon="6.1103400">
    <ele>1574</ele>
   </trkpt>
   <trkpt lat="45.7929500" lon="6.1102299">
    <ele>1574</ele>
   </trkpt>
   <trkpt lat="45.7930000" lon="6.1099400">
    <ele>1574</ele>
   </trkpt>
   <trkpt lat="45.7930400" lon="6.1095200">
    <ele>1575</ele>
   </trkpt>
   <trkpt lat="45.7930599" lon="6.1094000">
    <ele>1575</ele>
   </trkpt>
   <trkpt lat="45.7931400" lon="6.1091700">
    <ele>1575</ele>
   </trkpt>
   <trkpt lat="45.7934600" lon="6.1085500">
    <ele>1579</ele>
   </trkpt>
   <trkpt lat="45.7935700" lon="6.1083200">
    <ele>1581</ele>
   </trkpt>
   <trkpt lat="45.7936800" lon="6.1081400">
    <ele>1582</ele>
   </trkpt>
   <trkpt lat="45.7937299" lon="6.1080800">
    <ele>1582</ele>
   </trkpt>
   <trkpt lat="45.7938600" lon="6.1079800">
    <ele>1582</ele>
   </trkpt>
   <trkpt lat="45.7946600" lon="6.1076600">
    <ele>1587</ele>
   </trkpt>
   <trkpt lat="45.7950000" lon="6.1075300">
    <ele>1591</ele>
   </trkpt>
   <trkpt lat="45.7951100" lon="6.1074700">
    <ele>1594</ele>
   </trkpt>
   <trkpt lat="45.7951600" lon="6.1074300">
    <ele>1596</ele>
   </trkpt>
   <trkpt lat="45.7952100" lon="6.1073700">
    <ele>1597</ele>
   </trkpt>
   <trkpt lat="45.7952500" lon="6.1072900">
    <ele>1599</ele>
   </trkpt>
   <trkpt lat="45.7952800" lon="6.1072000">
    <ele>1601</ele>
   </trkpt>
   <trkpt lat="45.7953000" lon="6.1071099">
    <ele>1603</ele>
   </trkpt>
   <trkpt lat="45.7953000" lon="6.1070000">
    <ele>1604</ele>
   </trkpt>
   <trkpt lat="45.7952900" lon="6.1068800">
    <ele>1605</ele>
   </trkpt>
   <trkpt lat="45.7952600" lon="6.1067600">
    <ele>1606</ele>
   </trkpt>
   <trkpt lat="45.7952200" lon="6.1066399">
    <ele>1606</ele>
   </trkpt>
   <trkpt lat="45.7949100" lon="6.1058800">
    <ele>1606</ele>
   </trkpt>
   <trkpt lat="45.7948200" lon="6.1056200">
    <ele>1608</ele>
   </trkpt>
   <trkpt lat="45.7946500" lon="6.1050200">
    <ele>1613</ele>
   </trkpt>
   <trkpt lat="45.7946000" lon="6.1048900">
    <ele>1615</ele>
   </trkpt>
   <trkpt lat="45.7943500" lon="6.1043800">
    <ele>1620</ele>
   </trkpt>
   <trkpt lat="45.7942600" lon="6.1042300">
    <ele>1621</ele>
   </trkpt>
   <trkpt lat="45.7941999" lon="6.1041700">
    <ele>1621</ele>
   </trkpt>
   <trkpt lat="45.7939900" lon="6.1040400">
    <ele>1621</ele>
   </trkpt>
   <trkpt lat="45.7938900" lon="6.1039500">
    <ele>1622</ele>
   </trkpt>
   <trkpt lat="45.7938400" lon="6.1038900">
    <ele>1622</ele>
   </trkpt>
   <trkpt lat="45.7937900" lon="6.1038000">
    <ele>1623</ele>
   </trkpt>
   <trkpt lat="45.7936800" lon="6.1035700">
    <ele>1626</ele>
   </trkpt>
   <trkpt lat="45.7936200" lon="6.1034700">
    <ele>1627</ele>
   </trkpt>
   <trkpt lat="45.7935500" lon="6.1033700">
    <ele>1628</ele>
   </trkpt>
   <trkpt lat="45.7926300" lon="6.1025000">
    <ele>1633</ele>
   </trkpt>
   <trkpt lat="45.7925200" lon="6.1023800">
    <ele>1633</ele>
   </trkpt>
   <trkpt lat="45.7924999" lon="6.1023200">
    <ele>1634</ele>
   </trkpt>
   <trkpt lat="45.7924800" lon="6.1022500">
    <ele>1634</ele>
   </trkpt>
   <trkpt lat="45.7924700" lon="6.1021900">
    <ele>1634</ele>
   </trkpt>
   <trkpt lat="45.7924800" lon="6.1021300">
    <ele>1635</ele>
   </trkpt>
   <trkpt lat="45.7925100" lon="6.1020800">
    <ele>1636</ele>
   </trkpt>
   <trkpt lat="45.7925400" lon="6.1020500">
    <ele>1636</ele>
   </trkpt>
   <trkpt lat="45.7925700" lon="6.1020400">
    <ele>1636</ele>
   </trkpt>
   <trkpt lat="45.7926200" lon="6.1020400">
    <ele>1637</ele>
   </trkpt>
   <trkpt lat="45.7929500" lon="6.1021599">
    <ele>1638</ele>
   </trkpt>
   <trkpt lat="45.7931500" lon="6.1022400">
    <ele>1639</ele>
   </trkpt>
   <trkpt lat="45.7933200" lon="6.1022900">
    <ele>1640</ele>
   </trkpt>
   <trkpt lat="45.7933800" lon="6.1022999">
    <ele>1640</ele>
   </trkpt>
   <trkpt lat="45.7934900" lon="6.1022800">
    <ele>1641</ele>
   </trkpt>
   <trkpt lat="45.7936100" lon="6.1022400">
    <ele>1642</ele>
   </trkpt>
   <trkpt lat="45.7937800" lon="6.1022100">
    <ele>1643</ele>
   </trkpt>
   <trkpt lat="45.7938600" lon="6.1022100">
    <ele>1644</ele>
   </trkpt>
   <trkpt lat="45.7939400" lon="6.1022299">
    <ele>1644</ele>
   </trkpt>
   <trkpt lat="45.7940200" lon="6.1022600">
    <ele>1645</ele>
   </trkpt>
   <trkpt lat="45.7941000" lon="6.1022999">
    <ele>1645</ele>
   </trkpt>
   <trkpt lat="45.7942100" lon="6.1024100">
    <ele>1646</ele>
   </trkpt>
   <trkpt lat="45.7944600" lon="6.1026999">
    <ele>1646</ele>
   </trkpt>
   <trkpt lat="45.7945400" lon="6.1027800">
    <ele>1646</ele>
   </trkpt>
   <trkpt lat="45.7946100" lon="6.1028200">
    <ele>1647</ele>
   </trkpt>
   <trkpt lat="45.7951200" lon="6.1030800">
    <ele>1650</ele>
   </trkpt>
   <trkpt lat="45.7952800" lon="6.1031900">
    <ele>1652</ele>
   </trkpt>
   <trkpt lat="45.7953600" lon="6.1032500">
    <ele>1653</ele>
   </trkpt>
   <trkpt lat="45.7954300" lon="6.1033099">
    <ele>1653</ele>
   </trkpt>
   <trkpt lat="45.7955200" lon="6.1034200">
    <ele>1654</ele>
   </trkpt>
   <trkpt lat="45.7955900" lon="6.1035400">
    <ele>1655</ele>
   </trkpt>
   <trkpt lat="45.7957200" lon="6.1038200">
    <ele>1656</ele>
   </trkpt>
   <trkpt lat="45.7958000" lon="6.1040300">
    <ele>1657</ele>
   </trkpt>
   <trkpt lat="45.7958500" lon="6.1041700">
    <ele>1658</ele>
   </trkpt>
   <trkpt lat="45.7959400" lon="6.1045900">
    <ele>1657</ele>
   </trkpt>
   <trkpt lat="45.7959800" lon="6.1047100">
    <ele>1658</ele>
   </trkpt>
   <trkpt lat="45.7960700" lon="6.1049600">
    <ele>1659</ele>
   </trkpt>
   <trkpt lat="45.7961900" lon="6.1052099">
    <ele>1660</ele>
   </trkpt>
   <trkpt lat="45.7962599" lon="6.1053900">
    <ele>1660</ele>
   </trkpt>
   <trkpt lat="45.7963499" lon="6.1056900">
    <ele>1659</ele>
   </trkpt>
   <trkpt lat="45.7965400" lon="6.1062200">
    <ele>1658</ele>
   </trkpt>
   <trkpt lat="45.7966200" lon="6.1063599">
    <ele>1660</ele>
   </trkpt>
   <trkpt lat="45.7967299" lon="6.1064999">
    <ele>1661</ele>
   </trkpt>
   <trkpt lat="45.7968400" lon="6.1066000">
    <ele>1661</ele>
   </trkpt>
   <trkpt lat="45.7976000" lon="6.1071300">
    <ele>1666</ele>
   </trkpt>
   <trkpt lat="45.7978300" lon="6.1072400">
    <ele>1664</ele>
   </trkpt>
   <trkpt lat="45.7980200" lon="6.1072700">
    <ele>1664</ele>
   </trkpt>
   <trkpt lat="45.7981700" lon="6.1072400">
    <ele>1664</ele>
   </trkpt>
   <trkpt lat="45.7982100" lon="6.1072200">
    <ele>1664</ele>
   </trkpt>
   <trkpt lat="45.7983800" lon="6.1070900">
    <ele>1664</ele>
   </trkpt>
   <trkpt lat="45.7984500" lon="6.1070700">
    <ele>1662</ele>
   </trkpt>
   <trkpt lat="45.7985100" lon="6.1070700">
    <ele>1661</ele>
   </trkpt>
   <trkpt lat="45.7986400" lon="6.1071200">
    <ele>1659</ele>
   </trkpt>
   <trkpt lat="45.7990400" lon="6.1073900">
    <ele>1656</ele>
   </trkpt>
   <trkpt lat="45.7992000" lon="6.1075400">
    <ele>1655</ele>
   </trkpt>
   <trkpt lat="45.7993000" lon="6.1077000">
    <ele>1653</ele>
   </trkpt>
   <trkpt lat="45.7993300" lon="6.1078000">
    <ele>1652</ele>
   </trkpt>
   <trkpt lat="45.7993600" lon="6.1078500">
    <ele>1652</ele>
   </trkpt>
   <trkpt lat="45.7995400" lon="6.1084800">
    <ele>1652</ele>
   </trkpt>
   <trkpt lat="45.7996300" lon="6.1087500">
    <ele>1650</ele>
   </trkpt>
   <trkpt lat="45.7997000" lon="6.1088500">
    <ele>1650</ele>
   </trkpt>
   <trkpt lat="45.7997600" lon="6.1089200">
    <ele>1650</ele>
   </trkpt>
   <trkpt lat="45.7998199" lon="6.1089700">
    <ele>1650</ele>
   </trkpt>
   <trkpt lat="45.7998900" lon="6.1090099">
    <ele>1651</ele>
   </trkpt>
   <trkpt lat="45.8001200" lon="6.1090900">
    <ele>1651</ele>
   </trkpt>
   <trkpt lat="45.8002100" lon="6.1091300">
    <ele>1650</ele>
   </trkpt>
   <trkpt lat="45.8003100" lon="6.1092000">
    <ele>1649</ele>
   </trkpt>
   <trkpt lat="45.8007900" lon="6.1095100">
    <ele>1643</ele>
   </trkpt>
   <trkpt lat="45.8008600" lon="6.1095600">
    <ele>1642</ele>
   </trkpt>
   <trkpt lat="45.8011600" lon="6.1098700">
    <ele>1638</ele>
   </trkpt>
   <trkpt lat="45.8012700" lon="6.1099700">
    <ele>1637</ele>
   </trkpt>
   <trkpt lat="45.8016099" lon="6.1102100">
    <ele>1633</ele>
   </trkpt>
   <trkpt lat="45.8019200" lon="6.1104700">
    <ele>1623</ele>
   </trkpt>
   <trkpt lat="45.8019900" lon="6.1105400">
    <ele>1621</ele>
   </trkpt>
   <trkpt lat="45.8020400" lon="6.1105800">
    <ele>1620</ele>
   </trkpt>
   <trkpt lat="45.8021000" lon="6.1106000">
    <ele>1619</ele>
   </trkpt>
   <trkpt lat="45.8021600" lon="6.1106200">
    <ele>1618</ele>
   </trkpt>
   <trkpt lat="45.8022000" lon="6.1106100">
    <ele>1618</ele>
   </trkpt>
   <trkpt lat="45.8022500" lon="6.1106000">
    <ele>1618</ele>
   </trkpt>
   <trkpt lat="45.8023100" lon="6.1105400">
    <ele>1617</ele>
   </trkpt>
   <trkpt lat="45.8023400" lon="6.1104400">
    <ele>1617</ele>
   </trkpt>
   <trkpt lat="45.8023499" lon="6.1103400">
    <ele>1617</ele>
   </trkpt>
   <trkpt lat="45.8023400" lon="6.1102400">
    <ele>1618</ele>
   </trkpt>
   <trkpt lat="45.8022200" lon="6.1098000">
    <ele>1620</ele>
   </trkpt>
   <trkpt lat="45.8021900" lon="6.1096600">
    <ele>1619</ele>
   </trkpt>
   <trkpt lat="45.8020900" lon="6.1090400">
    <ele>1616</ele>
   </trkpt>
   <trkpt lat="45.8020799" lon="6.1089700">
    <ele>1616</ele>
   </trkpt>
   <trkpt lat="45.8020799" lon="6.1088900">
    <ele>1615</ele>
   </trkpt>
   <trkpt lat="45.8021000" lon="6.1087600">
    <ele>1613</ele>
   </trkpt>
   <trkpt lat="45.8021200" lon="6.1084699">
    <ele>1610</ele>
   </trkpt>
   <trkpt lat="45.8021100" lon="6.1083600">
    <ele>1608</ele>
   </trkpt>
   <trkpt lat="45.8021000" lon="6.1082800">
    <ele>1608</ele>
   </trkpt>
   <trkpt lat="45.8020100" lon="6.1080100">
    <ele>1608</ele>
   </trkpt>
   <trkpt lat="45.8019200" lon="6.1077600">
    <ele>1607</ele>
   </trkpt>
   <trkpt lat="45.8017100" lon="6.1072600">
    <ele>1605</ele>
   </trkpt>
   <trkpt lat="45.8015300" lon="6.1068800">
    <ele>1604</ele>
   </trkpt>
   <trkpt lat="45.8014500" lon="6.1067400">
    <ele>1602</ele>
   </trkpt>
   <trkpt lat="45.8013400" lon="6.1066200">
    <ele>1600</ele>
   </trkpt>
   <trkpt lat="45.8011100" lon="6.1064200">
    <ele>1594</ele>
   </trkpt>
   <trkpt lat="45.8010300" lon="6.1063300">
    <ele>1592</ele>
   </trkpt>
   <trkpt lat="45.8009600" lon="6.1061900">
    <ele>1589</ele>
   </trkpt>
   <trkpt lat="45.8009200" lon="6.1060700">
    <ele>1587</ele>
   </trkpt>
   <trkpt lat="45.8009100" lon="6.1059400">
    <ele>1586</ele>
   </trkpt>
   <trkpt lat="45.8009100" lon="6.1058000">
    <ele>1584</ele>
   </trkpt>
   <trkpt lat="45.8009700" lon="6.1054500">
    <ele>1583</ele>
   </trkpt>
   <trkpt lat="45.8010400" lon="6.1049800">
    <ele>1581</ele>
   </trkpt>
   <trkpt lat="45.8010400" lon="6.1046100">
    <ele>1576</ele>
   </trkpt>
   <trkpt lat="45.8010499" lon="6.1044900">
    <ele>1575</ele>
   </trkpt>
   <trkpt lat="45.8010900" lon="6.1043800">
    <ele>1574</ele>
   </trkpt>
   <trkpt lat="45.8012000" lon="6.1041900">
    <ele>1574</ele>
   </trkpt>
   <trkpt lat="45.8015000" lon="6.1037800">
    <ele>1571</ele>
   </trkpt>
   <trkpt lat="45.8020600" lon="6.1031100">
    <ele>1562</ele>
   </trkpt>
   <trkpt lat="45.8021800" lon="6.1029900">
    <ele>1560</ele>
   </trkpt>
   <trkpt lat="45.8022900" lon="6.1029300">
    <ele>1560</ele>
   </trkpt>
   <trkpt lat="45.8023900" lon="6.1029000">
    <ele>1560</ele>
   </trkpt>
   <trkpt lat="45.8025700" lon="6.1029300">
    <ele>1560</ele>
   </trkpt>
   <trkpt lat="45.8030700" lon="6.1030900">
    <ele>1558</ele>
   </trkpt>
   <trkpt lat="45.8037599" lon="6.1032700">
    <ele>1550</ele>
   </trkpt>
   <trkpt lat="45.8040700" lon="6.1033700">
    <ele>1547</ele>
   </trkpt>
   <trkpt lat="45.8044200" lon="6.1035400">
    <ele>1544</ele>
   </trkpt>
   <trkpt lat="45.8046700" lon="6.1036700">
    <ele>1542</ele>
   </trkpt>
   <trkpt lat="45.8048700" lon="6.1037300">
    <ele>1539</ele>
   </trkpt>
   <trkpt lat="45.8051500" lon="6.1038900">
    <ele>1538</ele>
   </trkpt>
   <trkpt lat="45.8052800" lon="6.1039199">
    <ele>1537</ele>
   </trkpt>
   <trkpt lat="45.8058800" lon="6.1038800">
    <ele>1528</ele>
   </trkpt>
   <trkpt lat="45.8060700" lon="6.1038900">
    <ele>1527</ele>
   </trkpt>
   <trkpt lat="45.8061700" lon="6.1038800">
    <ele>1526</ele>
   </trkpt>
   <trkpt lat="45.8062600" lon="6.1038400">
    <ele>1525</ele>
   </trkpt>
   <trkpt lat="45.8068100" lon="6.1035600">
    <ele>1516</ele>
   </trkpt>
   <trkpt lat="45.8069200" lon="6.1034900">
    <ele>1515</ele>
   </trkpt>
   <trkpt lat="45.8070499" lon="6.1033700">
    <ele>1513</ele>
   </trkpt>
   <trkpt lat="45.8072200" lon="6.1032400">
    <ele>1512</ele>
   </trkpt>
   <trkpt lat="45.8073300" lon="6.1031700">
    <ele>1511</ele>
   </trkpt>
   <trkpt lat="45.8074000" lon="6.1031000">
    <ele>1510</ele>
   </trkpt>
   <trkpt lat="45.8075300" lon="6.1029400">
    <ele>1507</ele>
   </trkpt>
   <trkpt lat="45.8076000" lon="6.1028600">
    <ele>1506</ele>
   </trkpt>
   <trkpt lat="45.8076900" lon="6.1027900">
    <ele>1505</ele>
   </trkpt>
   <trkpt lat="45.8078600" lon="6.1027300">
    <ele>1504</ele>
   </trkpt>
   <trkpt lat="45.8079400" lon="6.1026900">
    <ele>1503</ele>
   </trkpt>
   <trkpt lat="45.8080100" lon="6.1026100">
    <ele>1502</ele>
   </trkpt>
   <trkpt lat="45.8080400" lon="6.1025600">
    <ele>1502</ele>
   </trkpt>
   <trkpt lat="45.8081600" lon="6.1023600">
    <ele>1500</ele>
   </trkpt>
   <trkpt lat="45.8081900" lon="6.1022700">
    <ele>1499</ele>
   </trkpt>
   <trkpt lat="45.8082000" lon="6.1021900">
    <ele>1499</ele>
   </trkpt>
   <trkpt lat="45.8082000" lon="6.1017700">
    <ele>1496</ele>
   </trkpt>
   <trkpt lat="45.8082100" lon="6.1016500">
    <ele>1495</ele>
   </trkpt>
   <trkpt lat="45.8082300" lon="6.1015499">
    <ele>1495</ele>
   </trkpt>
   <trkpt lat="45.8082700" lon="6.1014700">
    <ele>1495</ele>
   </trkpt>
   <trkpt lat="45.8083699" lon="6.1013200">
    <ele>1494</ele>
   </trkpt>
   <trkpt lat="45.8084500" lon="6.1012300">
    <ele>1494</ele>
   </trkpt>
   <trkpt lat="45.8086000" lon="6.1011000">
    <ele>1492</ele>
   </trkpt>
   <trkpt lat="45.8094899" lon="6.1003999">
    <ele>1484</ele>
   </trkpt>
   <trkpt lat="45.8095600" lon="6.1003299">
    <ele>1483</ele>
   </trkpt>
   <trkpt lat="45.8096300" lon="6.1002300">
    <ele>1483</ele>
   </trkpt>
   <trkpt lat="45.8096900" lon="6.1001000">
    <ele>1482</ele>
   </trkpt>
   <trkpt lat="45.8097300" lon="6.0999500">
    <ele>1481</ele>
   </trkpt>
   <trkpt lat="45.8097400" lon="6.0998300">
    <ele>1479</ele>
   </trkpt>
   <trkpt lat="45.8097400" lon="6.0996900">
    <ele>1478</ele>
   </trkpt>
   <trkpt lat="45.8097100" lon="6.0995500">
    <ele>1476</ele>
   </trkpt>
   <trkpt lat="45.8096500" lon="6.0993500">
    <ele>1474</ele>
   </trkpt>
   <trkpt lat="45.8094400" lon="6.0988900">
    <ele>1470</ele>
   </trkpt>
   <trkpt lat="45.8093999" lon="6.0987500">
    <ele>1468</ele>
   </trkpt>
   <trkpt lat="45.8093999" lon="6.0986500">
    <ele>1467</ele>
   </trkpt>
   <trkpt lat="45.8094200" lon="6.0985600">
    <ele>1466</ele>
   </trkpt>
   <trkpt lat="45.8094700" lon="6.0985100">
    <ele>1465</ele>
   </trkpt>
   <trkpt lat="45.8095300" lon="6.0984800">
    <ele>1464</ele>
   </trkpt>
   <trkpt lat="45.8096500" lon="6.0984500">
    <ele>1464</ele>
   </trkpt>
   <trkpt lat="45.8098500" lon="6.0984299">
    <ele>1463</ele>
   </trkpt>
   <trkpt lat="45.8100100" lon="6.0983599">
    <ele>1462</ele>
   </trkpt>
   <trkpt lat="45.8101100" lon="6.0983500">
    <ele>1461</ele>
   </trkpt>
   <trkpt lat="45.8105500" lon="6.0983500">
    <ele>1458</ele>
   </trkpt>
   <trkpt lat="45.8106200" lon="6.0983700">
    <ele>1458</ele>
   </trkpt>
   <trkpt lat="45.8107100" lon="6.0984200">
    <ele>1457</ele>
   </trkpt>
   <trkpt lat="45.8110400" lon="6.0987400">
    <ele>1456</ele>
   </trkpt>
   <trkpt lat="45.8111200" lon="6.0988300">
    <ele>1455</ele>
   </trkpt>
   <trkpt lat="45.8112400" lon="6.0990900">
    <ele>1455</ele>
   </trkpt>
   <trkpt lat="45.8113100" lon="6.0991500">
    <ele>1455</ele>
   </trkpt>
   <trkpt lat="45.8113900" lon="6.0991900">
    <ele>1454</ele>
   </trkpt>
   <trkpt lat="45.8114500" lon="6.0992000">
    <ele>1454</ele>
   </trkpt>
   <trkpt lat="45.8117000" lon="6.0991400">
    <ele>1451</ele>
   </trkpt>
   <trkpt lat="45.8118000" lon="6.0991200">
    <ele>1449</ele>
   </trkpt>
   <trkpt lat="45.8120000" lon="6.0991600">
    <ele>1447</ele>
   </trkpt>
   <trkpt lat="45.8120900" lon="6.0991600">
    <ele>1446</ele>
   </trkpt>
   <trkpt lat="45.8121900" lon="6.0991400">
    <ele>1445</ele>
   </trkpt>
   <trkpt lat="45.8123099" lon="6.0990900">
    <ele>1443</ele>
   </trkpt>
   <trkpt lat="45.8123800" lon="6.0990399">
    <ele>1442</ele>
   </trkpt>
   <trkpt lat="45.8125600" lon="6.0989800">
    <ele>1439</ele>
   </trkpt>
   <trkpt lat="45.8126400" lon="6.0989699">
    <ele>1437</ele>
   </trkpt>
   <trkpt lat="45.8127300" lon="6.0990000">
    <ele>1436</ele>
   </trkpt>
   <trkpt lat="45.8128600" lon="6.0991200">
    <ele>1435</ele>
   </trkpt>
   <trkpt lat="45.8130800" lon="6.0993500">
    <ele>1433</ele>
   </trkpt>
   <trkpt lat="45.8131700" lon="6.0994700">
    <ele>1432</ele>
   </trkpt>
   <trkpt lat="45.8135199" lon="6.1001700">
    <ele>1433</ele>
   </trkpt>
   <trkpt lat="45.8135900" lon="6.1002500">
    <ele>1433</ele>
   </trkpt>
   <trkpt lat="45.8136900" lon="6.1003200">
    <ele>1432</ele>
   </trkpt>
   <trkpt lat="45.8138099" lon="6.1003800">
    <ele>1430</ele>
   </trkpt>
   <trkpt lat="45.8138999" lon="6.1004200">
    <ele>1429</ele>
   </trkpt>
   <trkpt lat="45.8139899" lon="6.1004400">
    <ele>1428</ele>
   </trkpt>
   <trkpt lat="45.8142500" lon="6.1003999">
    <ele>1423</ele>
   </trkpt>
   <trkpt lat="45.8143800" lon="6.1004200">
    <ele>1421</ele>
   </trkpt>
   <trkpt lat="45.8146700" lon="6.1005600">
    <ele>1419</ele>
   </trkpt>
   <trkpt lat="45.8147900" lon="6.1006100">
    <ele>1418</ele>
   </trkpt>
   <trkpt lat="45.8149100" lon="6.1006100">
    <ele>1417</ele>
   </trkpt>
   <trkpt lat="45.8150000" lon="6.1006000">
    <ele>1415</ele>
   </trkpt>
   <trkpt lat="45.8150800" lon="6.1005400">
    <ele>1413</ele>
   </trkpt>
   <trkpt lat="45.8152000" lon="6.1004600">
    <ele>1411</ele>
   </trkpt>
   <trkpt lat="45.8153000" lon="6.1004200">
    <ele>1409</ele>
   </trkpt>
   <trkpt lat="45.8154200" lon="6.1004300">
    <ele>1408</ele>
   </trkpt>
   <trkpt lat="45.8155400" lon="6.1004900">
    <ele>1407</ele>
   </trkpt>
   <trkpt lat="45.8157200" lon="6.1005900">
    <ele>1407</ele>
   </trkpt>
   <trkpt lat="45.8158400" lon="6.1006500">
    <ele>1407</ele>
   </trkpt>
   <trkpt lat="45.8160200" lon="6.1007000">
    <ele>1404</ele>
   </trkpt>
   <trkpt lat="45.8162700" lon="6.1007500">
    <ele>1399</ele>
   </trkpt>
   <trkpt lat="45.8164100" lon="6.1007900">
    <ele>1397</ele>
   </trkpt>
   <trkpt lat="45.8165600" lon="6.1009000">
    <ele>1395</ele>
   </trkpt>
   <trkpt lat="45.8167000" lon="6.1010500">
    <ele>1394</ele>
   </trkpt>
   <trkpt lat="45.8168000" lon="6.1011900">
    <ele>1391</ele>
   </trkpt>
   <trkpt lat="45.8168800" lon="6.1013600">
    <ele>1390</ele>
   </trkpt>
   <trkpt lat="45.8170500" lon="6.1017800">
    <ele>1387</ele>
   </trkpt>
   <trkpt lat="45.8171300" lon="6.1020400">
    <ele>1385</ele>
   </trkpt>
   <trkpt lat="45.8171899" lon="6.1022600">
    <ele>1383</ele>
   </trkpt>
   <trkpt lat="45.8172500" lon="6.1026999">
    <ele>1383</ele>
   </trkpt>
   <trkpt lat="45.8172600" lon="6.1029799">
    <ele>1384</ele>
   </trkpt>
   <trkpt lat="45.8172799" lon="6.1031100">
    <ele>1384</ele>
   </trkpt>
   <trkpt lat="45.8173200" lon="6.1032100">
    <ele>1382</ele>
   </trkpt>
   <trkpt lat="45.8173699" lon="6.1032800">
    <ele>1381</ele>
   </trkpt>
   <trkpt lat="45.8174300" lon="6.1033300">
    <ele>1378</ele>
   </trkpt>
   <trkpt lat="45.8175000" lon="6.1033500">
    <ele>1375</ele>
   </trkpt>
   <trkpt lat="45.8176700" lon="6.1033400">
    <ele>1372</ele>
   </trkpt>
   <trkpt lat="45.8177499" lon="6.1033600">
    <ele>1372</ele>
   </trkpt>
   <trkpt lat="45.8178300" lon="6.1034000">
    <ele>1371</ele>
   </trkpt>
   <trkpt lat="45.8180000" lon="6.1035500">
    <ele>1370</ele>
   </trkpt>
   <trkpt lat="45.8182100" lon="6.1037900">
    <ele>1370</ele>
   </trkpt>
   <trkpt lat="45.8189400" lon="6.1045100">
    <ele>1366</ele>
   </trkpt>
   <trkpt lat="45.8191200" lon="6.1046500">
    <ele>1365</ele>
   </trkpt>
   <trkpt lat="45.8191900" lon="6.1046800">
    <ele>1364</ele>
   </trkpt>
   <trkpt lat="45.8192499" lon="6.1046800">
    <ele>1364</ele>
   </trkpt>
   <trkpt lat="45.8193300" lon="6.1046600">
    <ele>1363</ele>
   </trkpt>
   <trkpt lat="45.8194200" lon="6.1046200">
    <ele>1361</ele>
   </trkpt>
   <trkpt lat="45.8194600" lon="6.1045900">
    <ele>1360</ele>
   </trkpt>
   <trkpt lat="45.8195000" lon="6.1045400">
    <ele>1359</ele>
   </trkpt>
   <trkpt lat="45.8195300" lon="6.1044400">
    <ele>1358</ele>
   </trkpt>
   <trkpt lat="45.8195500" lon="6.1043500">
    <ele>1357</ele>
   </trkpt>
   <trkpt lat="45.8195700" lon="6.1039800">
    <ele>1352</ele>
   </trkpt>
   <trkpt lat="45.8196000" lon="6.1038400">
    <ele>1351</ele>
   </trkpt>
   <trkpt lat="45.8196400" lon="6.1037500">
    <ele>1350</ele>
   </trkpt>
   <trkpt lat="45.8197100" lon="6.1036900">
    <ele>1349</ele>
   </trkpt>
   <trkpt lat="45.8198700" lon="6.1036600">
    <ele>1347</ele>
   </trkpt>
   <trkpt lat="45.8199600" lon="6.1036600">
    <ele>1346</ele>
   </trkpt>
   <trkpt lat="45.8200300" lon="6.1036900">
    <ele>1345</ele>
   </trkpt>
   <trkpt lat="45.8201100" lon="6.1037400">
    <ele>1345</ele>
   </trkpt>
   <trkpt lat="45.8201700" lon="6.1038000">
    <ele>1344</ele>
   </trkpt>
   <trkpt lat="45.8205600" lon="6.1042700">
    <ele>1341</ele>
   </trkpt>
   <trkpt lat="45.8206700" lon="6.1043300">
    <ele>1340</ele>
   </trkpt>
   <trkpt lat="45.8207100" lon="6.1043300">
    <ele>1339</ele>
   </trkpt>
   <trkpt lat="45.8207400" lon="6.1042900">
    <ele>1338</ele>
   </trkpt>
   <trkpt lat="45.8207600" lon="6.1042600">
    <ele>1338</ele>
   </trkpt>
   <trkpt lat="45.8207900" lon="6.1041700">
    <ele>1336</ele>
   </trkpt>
   <trkpt lat="45.8207900" lon="6.1041200">
    <ele>1336</ele>
   </trkpt>
   <trkpt lat="45.8207700" lon="6.1040599">
    <ele>1336</ele>
   </trkpt>
   <trkpt lat="45.8207400" lon="6.1039700">
    <ele>1336</ele>
   </trkpt>
   <trkpt lat="45.8204300" lon="6.1034800">
    <ele>1337</ele>
   </trkpt>
   <trkpt lat="45.8203500" lon="6.1032900">
    <ele>1336</ele>
   </trkpt>
   <trkpt lat="45.8202300" lon="6.1029400">
    <ele>1334</ele>
   </trkpt>
   <trkpt lat="45.8199200" lon="6.1021000">
    <ele>1326</ele>
   </trkpt>
   <trkpt lat="45.8197700" lon="6.1017700">
    <ele>1324</ele>
   </trkpt>
   <trkpt lat="45.8197300" lon="6.1016500">
    <ele>1323</ele>
   </trkpt>
   <trkpt lat="45.8197199" lon="6.1014900">
    <ele>1321</ele>
   </trkpt>
   <trkpt lat="45.8197199" lon="6.1012600">
    <ele>1318</ele>
   </trkpt>
   <trkpt lat="45.8197500" lon="6.1010400">
    <ele>1314</ele>
   </trkpt>
   <trkpt lat="45.8197500" lon="6.1008900">
    <ele>1312</ele>
   </trkpt>
   <trkpt lat="45.8197300" lon="6.1007500">
    <ele>1310</ele>
   </trkpt>
   <trkpt lat="45.8196900" lon="6.1006000">
    <ele>1308</ele>
   </trkpt>
   <trkpt lat="45.8196299" lon="6.1004699">
    <ele>1306</ele>
   </trkpt>
   <trkpt lat="45.8195400" lon="6.1003400">
    <ele>1306</ele>
   </trkpt>
   <trkpt lat="45.8188900" lon="6.0995500">
    <ele>1304</ele>
   </trkpt>
   <trkpt lat="45.8188200" lon="6.0994300">
    <ele>1303</ele>
   </trkpt>
   <trkpt lat="45.8184900" lon="6.0987400">
    <ele>1294</ele>
   </trkpt>
   <trkpt lat="45.8183500" lon="6.0985400">
    <ele>1293</ele>
   </trkpt>
   <trkpt lat="45.8180200" lon="6.0982200">
    <ele>1295</ele>
   </trkpt>
   <trkpt lat="45.8179800" lon="6.0981400">
    <ele>1294</ele>
   </trkpt>
   <trkpt lat="45.8179800" lon="6.0980700">
    <ele>1292</ele>
   </trkpt>
   <trkpt lat="45.8179900" lon="6.0980100">
    <ele>1291</ele>
   </trkpt>
   <trkpt lat="45.8180200" lon="6.0979700">
    <ele>1289</ele>
   </trkpt>
   <trkpt lat="45.8180500" lon="6.0979599">
    <ele>1288</ele>
   </trkpt>
   <trkpt lat="45.8181000" lon="6.0979599">
    <ele>1286</ele>
   </trkpt>
   <trkpt lat="45.8181500" lon="6.0980000">
    <ele>1286</ele>
   </trkpt>
   <trkpt lat="45.8186100" lon="6.0984000">
    <ele>1284</ele>
   </trkpt>
   <trkpt lat="45.8195400" lon="6.0988800">
    <ele>1277</ele>
   </trkpt>
   <trkpt lat="45.8196800" lon="6.0989300">
    <ele>1275</ele>
   </trkpt>
   <trkpt lat="45.8197900" lon="6.0989600">
    <ele>1274</ele>
   </trkpt>
   <trkpt lat="45.8201500" lon="6.0989400">
    <ele>1268</ele>
   </trkpt>
   <trkpt lat="45.8202900" lon="6.0989600">
    <ele>1266</ele>
   </trkpt>
   <trkpt lat="45.8206800" lon="6.0991200">
    <ele>1263</ele>
   </trkpt>
   <trkpt lat="45.8207600" lon="6.0991400">
    <ele>1262</ele>
   </trkpt>
   <trkpt lat="45.8208300" lon="6.0991200">
    <ele>1260</ele>
   </trkpt>
   <trkpt lat="45.8209200" lon="6.0990600">
    <ele>1259</ele>
   </trkpt>
   <trkpt lat="45.8210100" lon="6.0989699">
    <ele>1258</ele>
   </trkpt>
   <trkpt lat="45.8211000" lon="6.0988800">
    <ele>1256</ele>
   </trkpt>
   <trkpt lat="45.8211700" lon="6.0988400">
    <ele>1256</ele>
   </trkpt>
   <trkpt lat="45.8212800" lon="6.0988000">
    <ele>1255</ele>
   </trkpt>
   <trkpt lat="45.8214000" lon="6.0987900">
    <ele>1255</ele>
   </trkpt>
   <trkpt lat="45.8215400" lon="6.0987900">
    <ele>1254</ele>
   </trkpt>
   <trkpt lat="45.8216200" lon="6.0987700">
    <ele>1254</ele>
   </trkpt>
   <trkpt lat="45.8216800" lon="6.0987300">
    <ele>1253</ele>
   </trkpt>
   <trkpt lat="45.8217600" lon="6.0986100">
    <ele>1251</ele>
   </trkpt>
   <trkpt lat="45.8219600" lon="6.0982400">
    <ele>1246</ele>
   </trkpt>
   <trkpt lat="45.8223000" lon="6.0979000">
    <ele>1239</ele>
   </trkpt>
   <trkpt lat="45.8223900" lon="6.0978400">
    <ele>1238</ele>
   </trkpt>
   <trkpt lat="45.8224900" lon="6.0978000">
    <ele>1237</ele>
   </trkpt>
   <trkpt lat="45.8226200" lon="6.0977700">
    <ele>1236</ele>
   </trkpt>
   <trkpt lat="45.8227199" lon="6.0977600">
    <ele>1235</ele>
   </trkpt>
   <trkpt lat="45.8228500" lon="6.0977600">
    <ele>1234</ele>
   </trkpt>
   <trkpt lat="45.8229500" lon="6.0978000">
    <ele>1234</ele>
   </trkpt>
   <trkpt lat="45.8230900" lon="6.0978800">
    <ele>1235</ele>
   </trkpt>
   <trkpt lat="45.8233700" lon="6.0981700">
    <ele>1238</ele>
   </trkpt>
   <trkpt lat="45.8234800" lon="6.0982200">
    <ele>1237</ele>
   </trkpt>
   <trkpt lat="45.8235900" lon="6.0982500">
    <ele>1236</ele>
   </trkpt>
   <trkpt lat="45.8240100" lon="6.0983000">
    <ele>1230</ele>
   </trkpt>
   <trkpt lat="45.8244700" lon="6.0983500">
    <ele>1222</ele>
   </trkpt>
   <trkpt lat="45.8249200" lon="6.0984500">
    <ele>1215</ele>
   </trkpt>
   <trkpt lat="45.8250300" lon="6.0985300">
    <ele>1214</ele>
   </trkpt>
   <trkpt lat="45.8251599" lon="6.0986399">
    <ele>1214</ele>
   </trkpt>
   <trkpt lat="45.8253600" lon="6.0988100">
    <ele>1213</ele>
   </trkpt>
   <trkpt lat="45.8255000" lon="6.0989200">
    <ele>1212</ele>
   </trkpt>
   <trkpt lat="45.8260500" lon="6.0992100">
    <ele>1208</ele>
   </trkpt>
   <trkpt lat="45.8261600" lon="6.0992600">
    <ele>1207</ele>
   </trkpt>
   <trkpt lat="45.8262700" lon="6.0992900">
    <ele>1205</ele>
   </trkpt>
   <trkpt lat="45.8265300" lon="6.0993300">
    <ele>1201</ele>
   </trkpt>
   <trkpt lat="45.8266300" lon="6.0993900">
    <ele>1201</ele>
   </trkpt>
   <trkpt lat="45.8268000" lon="6.0995000">
    <ele>1199</ele>
   </trkpt>
   <trkpt lat="45.8274900" lon="6.1000700">
    <ele>1194</ele>
   </trkpt>
   <trkpt lat="45.8276500" lon="6.1001700">
    <ele>1193</ele>
   </trkpt>
   <trkpt lat="45.8278000" lon="6.1002200">
    <ele>1191</ele>
   </trkpt>
   <trkpt lat="45.8279600" lon="6.1002300">
    <ele>1189</ele>
   </trkpt>
   <trkpt lat="45.8282100" lon="6.1002000">
    <ele>1184</ele>
   </trkpt>
   <trkpt lat="45.8283500" lon="6.1002200">
    <ele>1181</ele>
   </trkpt>
   <trkpt lat="45.8284400" lon="6.1002500">
    <ele>1180</ele>
   </trkpt>
   <trkpt lat="45.8287800" lon="6.1004500">
    <ele>1176</ele>
   </trkpt>
   <trkpt lat="45.8289000" lon="6.1005500">
    <ele>1174</ele>
   </trkpt>
   <trkpt lat="45.8289900" lon="6.1006400">
    <ele>1174</ele>
   </trkpt>
   <trkpt lat="45.8291200" lon="6.1007999">
    <ele>1173</ele>
   </trkpt>
   <trkpt lat="45.8291899" lon="6.1009300">
    <ele>1173</ele>
   </trkpt>
   <trkpt lat="45.8292500" lon="6.1010600">
    <ele>1173</ele>
   </trkpt>
   <trkpt lat="45.8293100" lon="6.1011300">
    <ele>1172</ele>
   </trkpt>
   <trkpt lat="45.8294100" lon="6.1012200">
    <ele>1170</ele>
   </trkpt>
   <trkpt lat="45.8296300" lon="6.1013300">
    <ele>1165</ele>
   </trkpt>
   <trkpt lat="45.8300200" lon="6.1015499">
    <ele>1159</ele>
   </trkpt>
   <trkpt lat="45.8301299" lon="6.1016199">
    <ele>1157</ele>
   </trkpt>
   <trkpt lat="45.8302100" lon="6.1017100">
    <ele>1156</ele>
   </trkpt>
   <trkpt lat="45.8302800" lon="6.1018000">
    <ele>1155</ele>
   </trkpt>
   <trkpt lat="45.8305000" lon="6.1021599">
    <ele>1155</ele>
   </trkpt>
   <trkpt lat="45.8305800" lon="6.1022500">
    <ele>1153</ele>
   </trkpt>
   <trkpt lat="45.8310100" lon="6.1025900">
    <ele>1148</ele>
   </trkpt>
   <trkpt lat="45.8313599" lon="6.1028200">
    <ele>1147</ele>
   </trkpt>
   <trkpt lat="45.8314700" lon="6.1028800">
    <ele>1146</ele>
   </trkpt>
   <trkpt lat="45.8315399" lon="6.1028900">
    <ele>1144</ele>
   </trkpt>
   <trkpt lat="45.8315700" lon="6.1028700">
    <ele>1143</ele>
   </trkpt>
   <trkpt lat="45.8316000" lon="6.1028399">
    <ele>1141</ele>
   </trkpt>
   <trkpt lat="45.8316100" lon="6.1028000">
    <ele>1140</ele>
   </trkpt>
   <trkpt lat="45.8316100" lon="6.1027200">
    <ele>1137</ele>
   </trkpt>
   <trkpt lat="45.8315900" lon="6.1026800">
    <ele>1137</ele>
   </trkpt>
   <trkpt lat="45.8315500" lon="6.1026500">
    <ele>1137</ele>
   </trkpt>
   <trkpt lat="45.8314400" lon="6.1026000">
    <ele>1138</ele>
   </trkpt>
   <trkpt lat="45.8313800" lon="6.1025600">
    <ele>1138</ele>
   </trkpt>
   <trkpt lat="45.8313000" lon="6.1024600">
    <ele>1138</ele>
   </trkpt>
   <trkpt lat="45.8311500" lon="6.1021300">
    <ele>1135</ele>
   </trkpt>
   <trkpt lat="45.8310100" lon="6.1015600">
    <ele>1129</ele>
   </trkpt>
   <trkpt lat="45.8309799" lon="6.1013600">
    <ele>1127</ele>
   </trkpt>
   <trkpt lat="45.8309300" lon="6.1009800">
    <ele>1123</ele>
   </trkpt>
   <trkpt lat="45.8308899" lon="6.1006700">
    <ele>1119</ele>
   </trkpt>
   <trkpt lat="45.8308300" lon="6.1004100">
    <ele>1115</ele>
   </trkpt>
   <trkpt lat="45.8307700" lon="6.1002200">
    <ele>1113</ele>
   </trkpt>
   <trkpt lat="45.8307100" lon="6.1001100">
    <ele>1112</ele>
   </trkpt>
   <trkpt lat="45.8306500" lon="6.1000200">
    <ele>1112</ele>
   </trkpt>
   <trkpt lat="45.8305700" lon="6.0999200">
    <ele>1112</ele>
   </trkpt>
   <trkpt lat="45.8304900" lon="6.0998599">
    <ele>1112</ele>
   </trkpt>
   <trkpt lat="45.8303700" lon="6.0997899">
    <ele>1114</ele>
   </trkpt>
   <trkpt lat="45.8302900" lon="6.0997600">
    <ele>1115</ele>
   </trkpt>
   <trkpt lat="45.8302600" lon="6.0997199">
    <ele>1115</ele>
   </trkpt>
   <trkpt lat="45.8302400" lon="6.0996800">
    <ele>1115</ele>
   </trkpt>
   <trkpt lat="45.8302400" lon="6.0996300">
    <ele>1114</ele>
   </trkpt>
   <trkpt lat="45.8302500" lon="6.0995700">
    <ele>1113</ele>
   </trkpt>
   <trkpt lat="45.8302700" lon="6.0995300">
    <ele>1112</ele>
   </trkpt>
   <trkpt lat="45.8303000" lon="6.0995000">
    <ele>1110</ele>
   </trkpt>
   <trkpt lat="45.8303500" lon="6.0994900">
    <ele>1109</ele>
   </trkpt>
   <trkpt lat="45.8304400" lon="6.0995100">
    <ele>1107</ele>
   </trkpt>
   <trkpt lat="45.8305700" lon="6.0995700">
    <ele>1105</ele>
   </trkpt>
   <trkpt lat="45.8308500" lon="6.0996400">
    <ele>1099</ele>
   </trkpt>
   <trkpt lat="45.8309700" lon="6.0996900">
    <ele>1098</ele>
   </trkpt>
   <trkpt lat="45.8310800" lon="6.0997500">
    <ele>1097</ele>
   </trkpt>
   <trkpt lat="45.8313000" lon="6.0999400">
    <ele>1097</ele>
   </trkpt>
   <trkpt lat="45.8314000" lon="6.0999900">
    <ele>1096</ele>
   </trkpt>
   <trkpt lat="45.8315399" lon="6.1000500">
    <ele>1094</ele>
   </trkpt>
   <trkpt lat="45.8316400" lon="6.1001100">
    <ele>1093</ele>
   </trkpt>
   <trkpt lat="45.8317400" lon="6.1002000">
    <ele>1091</ele>
   </trkpt>
   <trkpt lat="45.8318500" lon="6.1003200">
    <ele>1090</ele>
   </trkpt>
   <trkpt lat="45.8319700" lon="6.1004400">
    <ele>1088</ele>
   </trkpt>
   <trkpt lat="45.8321700" lon="6.1006100">
    <ele>1085</ele>
   </trkpt>
   <trkpt lat="45.8322700" lon="6.1007400">
    <ele>1084</ele>
   </trkpt>
   <trkpt lat="45.8324000" lon="6.1009600">
    <ele>1084</ele>
   </trkpt>
   <trkpt lat="45.8324600" lon="6.1010300">
    <ele>1084</ele>
   </trkpt>
   <trkpt lat="45.8325900" lon="6.1011800">
    <ele>1083</ele>
   </trkpt>
   <trkpt lat="45.8333200" lon="6.1020700">
    <ele>1077</ele>
   </trkpt>
   <trkpt lat="45.8335900" lon="6.1023600">
    <ele>1074</ele>
   </trkpt>
   <trkpt lat="45.8342300" lon="6.1029400">
    <ele>1070</ele>
   </trkpt>
   <trkpt lat="45.8343800" lon="6.1030600">
    <ele>1069</ele>
   </trkpt>
   <trkpt lat="45.8345000" lon="6.1031400">
    <ele>1067</ele>
   </trkpt>
   <trkpt lat="45.8346300" lon="6.1032100">
    <ele>1064</ele>
   </trkpt>
   <trkpt lat="45.8347900" lon="6.1032400">
    <ele>1060</ele>
   </trkpt>
   <trkpt lat="45.8351300" lon="6.1033400">
    <ele>1052</ele>
   </trkpt>
   <trkpt lat="45.8355300" lon="6.1035000">
    <ele>1047</ele>
   </trkpt>
   <trkpt lat="45.8357000" lon="6.1035899">
    <ele>1045</ele>
   </trkpt>
   <trkpt lat="45.8358300" lon="6.1036900">
    <ele>1044</ele>
   </trkpt>
   <trkpt lat="45.8359800" lon="6.1038600">
    <ele>1043</ele>
   </trkpt>
   <trkpt lat="45.8361700" lon="6.1041400">
    <ele>1041</ele>
   </trkpt>
   <trkpt lat="45.8364500" lon="6.1046500">
    <ele>1040</ele>
   </trkpt>
   <trkpt lat="45.8365500" lon="6.1047900">
    <ele>1039</ele>
   </trkpt>
   <trkpt lat="45.8365800" lon="6.1048200">
    <ele>1038</ele>
   </trkpt>
   <trkpt lat="45.8366700" lon="6.1049100">
    <ele>1037</ele>
   </trkpt>
   <trkpt lat="45.8367900" lon="6.1050200">
    <ele>1035</ele>
   </trkpt>
   <trkpt lat="45.8370800" lon="6.1052500">
    <ele>1031</ele>
   </trkpt>
   <trkpt lat="45.8376100" lon="6.1056100">
    <ele>1022</ele>
   </trkpt>
   <trkpt lat="45.8377800" lon="6.1057200">
    <ele>1019</ele>
   </trkpt>
   <trkpt lat="45.8382300" lon="6.1059200">
    <ele>1012</ele>
   </trkpt>
   <trkpt lat="45.8388000" lon="6.1062500">
    <ele>1006</ele>
   </trkpt>
   <trkpt lat="45.8390000" lon="6.1063700">
    <ele>1003</ele>
   </trkpt>
   <trkpt lat="45.8401100" lon="6.1071799">
    <ele>992</ele>
   </trkpt>
   <trkpt lat="45.8403900" lon="6.1073500">
    <ele>990</ele>
   </trkpt>
   <trkpt lat="45.8407000" lon="6.1074800">
    <ele>986</ele>
   </trkpt>
   <trkpt lat="45.8409400" lon="6.1075600">
    <ele>983</ele>
   </trkpt>
   <trkpt lat="45.8412200" lon="6.1076800">
    <ele>981</ele>
   </trkpt>
   <trkpt lat="45.8420200" lon="6.1082700">
    <ele>973</ele>
   </trkpt>
   <trkpt lat="45.8421000" lon="6.1083200">
    <ele>972</ele>
   </trkpt>
   <trkpt lat="45.8423299" lon="6.1084100">
    <ele>968</ele>
   </trkpt>
   <trkpt lat="45.8423900" lon="6.1084300">
    <ele>968</ele>
   </trkpt>
   <trkpt lat="45.8427400" lon="6.1086900">
    <ele>966</ele>
   </trkpt>
   <trkpt lat="45.8430600" lon="6.1088800">
    <ele>964</ele>
   </trkpt>
   <trkpt lat="45.8436600" lon="6.1091800">
    <ele>961</ele>
   </trkpt>
   <trkpt lat="45.8439700" lon="6.1094000">
    <ele>961</ele>
   </trkpt>
   <trkpt lat="45.8441900" lon="6.1096000">
    <ele>959</ele>
   </trkpt>
   <trkpt lat="45.8445800" lon="6.1099200">
    <ele>956</ele>
   </trkpt>
   <trkpt lat="45.8447400" lon="6.1100800">
    <ele>955</ele>
   </trkpt>
   <trkpt lat="45.8454500" lon="6.1108399">
    <ele>948</ele>
   </trkpt>
   <trkpt lat="45.8455600" lon="6.1109200">
    <ele>947</ele>
   </trkpt>
   <trkpt lat="45.8459500" lon="6.1110900">
    <ele>943</ele>
   </trkpt>
   <trkpt lat="45.8463500" lon="6.1112800">
    <ele>942</ele>
   </trkpt>
   <trkpt lat="45.8464300" lon="6.1113099">
    <ele>941</ele>
   </trkpt>
   <trkpt lat="45.8470400" lon="6.1114200">
    <ele>935</ele>
   </trkpt>
   <trkpt lat="45.8481100" lon="6.1116400">
    <ele>927</ele>
   </trkpt>
   <trkpt lat="45.8481800" lon="6.1116600">
    <ele>926</ele>
   </trkpt>
   <trkpt lat="45.8482900" lon="6.1117100">
    <ele>926</ele>
   </trkpt>
   <trkpt lat="45.8484100" lon="6.1118100">
    <ele>926</ele>
   </trkpt>
   <trkpt lat="45.8485800" lon="6.1119700">
    <ele>926</ele>
   </trkpt>
   <trkpt lat="45.8486400" lon="6.1120200">
    <ele>925</ele>
   </trkpt>
   <trkpt lat="45.8488200" lon="6.1121100">
    <ele>924</ele>
   </trkpt>
   <trkpt lat="45.8489200" lon="6.1121400">
    <ele>923</ele>
   </trkpt>
   <trkpt lat="45.8494500" lon="6.1123100">
    <ele>915</ele>
   </trkpt>
   <trkpt lat="45.8496900" lon="6.1124100">
    <ele>911</ele>
   </trkpt>
   <trkpt lat="45.8499200" lon="6.1125100">
    <ele>907</ele>
   </trkpt>
   <trkpt lat="45.8500400" lon="6.1126200">
    <ele>906</ele>
   </trkpt>
   <trkpt lat="45.8504700" lon="6.1129300">
    <ele>902</ele>
   </trkpt>
   <trkpt lat="45.8506000" lon="6.1130100">
    <ele>901</ele>
   </trkpt>
   <trkpt lat="45.8507400" lon="6.1130800">
    <ele>899</ele>
   </trkpt>
   <trkpt lat="45.8509800" lon="6.1131500">
    <ele>898</ele>
   </trkpt>
   <trkpt lat="45.8513400" lon="6.1131700">
    <ele>897</ele>
   </trkpt>
   <trkpt lat="45.8515000" lon="6.1132099">
    <ele>897</ele>
   </trkpt>
   <trkpt lat="45.8516199" lon="6.1132900">
    <ele>897</ele>
   </trkpt>
   <trkpt lat="45.8517800" lon="6.1134400">
    <ele>897</ele>
   </trkpt>
   <trkpt lat="45.8518600" lon="6.1135600">
    <ele>898</ele>
   </trkpt>
   <trkpt lat="45.8520700" lon="6.1138700">
    <ele>898</ele>
   </trkpt>
   <trkpt lat="45.8523500" lon="6.1143800">
    <ele>899</ele>
   </trkpt>
   <trkpt lat="45.8524200" lon="6.1144600">
    <ele>899</ele>
   </trkpt>
   <trkpt lat="45.8525300" lon="6.1145600">
    <ele>899</ele>
   </trkpt>
   <trkpt lat="45.8528700" lon="6.1147900">
    <ele>899</ele>
   </trkpt>
   <trkpt lat="45.8533300" lon="6.1150800">
    <ele>898</ele>
   </trkpt>
   <trkpt lat="45.8534700" lon="6.1151500">
    <ele>898</ele>
   </trkpt>
   <trkpt lat="45.8536500" lon="6.1152000">
    <ele>897</ele>
   </trkpt>
   <trkpt lat="45.8539000" lon="6.1152400">
    <ele>897</ele>
   </trkpt>
   <trkpt lat="45.8540500" lon="6.1152400">
    <ele>896</ele>
   </trkpt>
   <trkpt lat="45.8545900" lon="6.1152000">
    <ele>892</ele>
   </trkpt>
   <trkpt lat="45.8546900" lon="6.1151799">
    <ele>891</ele>
   </trkpt>
   <trkpt lat="45.8548100" lon="6.1151500">
    <ele>890</ele>
   </trkpt>
   <trkpt lat="45.8549099" lon="6.1151500">
    <ele>889</ele>
   </trkpt>
   <trkpt lat="45.8549700" lon="6.1151700">
    <ele>888</ele>
   </trkpt>
   <trkpt lat="45.8550500" lon="6.1152400">
    <ele>888</ele>
   </trkpt>
   <trkpt lat="45.8551900" lon="6.1153700">
    <ele>887</ele>
   </trkpt>
   <trkpt lat="45.8553300" lon="6.1155400">
    <ele>886</ele>
   </trkpt>
   <trkpt lat="45.8553700" lon="6.1156200">
    <ele>885</ele>
   </trkpt>
   <trkpt lat="45.8554100" lon="6.1157400">
    <ele>884</ele>
   </trkpt>
   <trkpt lat="45.8554500" lon="6.1159000">
    <ele>884</ele>
   </trkpt>
   <trkpt lat="45.8555500" lon="6.1163999">
    <ele>882</ele>
   </trkpt>
   <trkpt lat="45.8556100" lon="6.1165900">
    <ele>881</ele>
   </trkpt>
   <trkpt lat="45.8557000" lon="6.1167500">
    <ele>880</ele>
   </trkpt>
   <trkpt lat="45.8558000" lon="6.1168800">
    <ele>879</ele>
   </trkpt>
   <trkpt lat="45.8559200" lon="6.1169700">
    <ele>878</ele>
   </trkpt>
   <trkpt lat="45.8561900" lon="6.1170500">
    <ele>876</ele>
   </trkpt>
   <trkpt lat="45.8563700" lon="6.1170800">
    <ele>875</ele>
   </trkpt>
   <trkpt lat="45.8568600" lon="6.1170700">
    <ele>871</ele>
   </trkpt>
   <trkpt lat="45.8570800" lon="6.1171000">
    <ele>868</ele>
   </trkpt>
   <trkpt lat="45.8571800" lon="6.1171400">
    <ele>867</ele>
   </trkpt>
   <trkpt lat="45.8572800" lon="6.1172000">
    <ele>866</ele>
   </trkpt>
   <trkpt lat="45.8573700" lon="6.1173300">
    <ele>864</ele>
   </trkpt>
   <trkpt lat="45.8574000" lon="6.1173900">
    <ele>864</ele>
   </trkpt>
   <trkpt lat="45.8574399" lon="6.1175300">
    <ele>863</ele>
   </trkpt>
   <trkpt lat="45.8574500" lon="6.1175800">
    <ele>863</ele>
   </trkpt>
   <trkpt lat="45.8574500" lon="6.1176700">
    <ele>863</ele>
   </trkpt>
   <trkpt lat="45.8574200" lon="6.1180600">
    <ele>863</ele>
   </trkpt>
   <trkpt lat="45.8574300" lon="6.1181900">
    <ele>862</ele>
   </trkpt>
   <trkpt lat="45.8574399" lon="6.1183300">
    <ele>862</ele>
   </trkpt>
   <trkpt lat="45.8575299" lon="6.1186700">
    <ele>860</ele>
   </trkpt>
   <trkpt lat="45.8575500" lon="6.1188200">
    <ele>859</ele>
   </trkpt>
   <trkpt lat="45.8575500" lon="6.1189900">
    <ele>858</ele>
   </trkpt>
   <trkpt lat="45.8575400" lon="6.1191800">
    <ele>858</ele>
   </trkpt>
   <trkpt lat="45.8574800" lon="6.1198700">
    <ele>857</ele>
   </trkpt>
   <trkpt lat="45.8574900" lon="6.1200500">
    <ele>856</ele>
   </trkpt>
   <trkpt lat="45.8575100" lon="6.1202100">
    <ele>857</ele>
   </trkpt>
   <trkpt lat="45.8575400" lon="6.1203200">
    <ele>857</ele>
   </trkpt>
   <trkpt lat="45.8575800" lon="6.1204000">
    <ele>857</ele>
   </trkpt>
   <trkpt lat="45.8576200" lon="6.1204700">
    <ele>857</ele>
   </trkpt>
   <trkpt lat="45.8578500" lon="6.1208400">
    <ele>855</ele>
   </trkpt>
   <trkpt lat="45.8579099" lon="6.1209500">
    <ele>854</ele>
   </trkpt>
   <trkpt lat="45.8579800" lon="6.1211300">
    <ele>853</ele>
   </trkpt>
   <trkpt lat="45.8580900" lon="6.1213499">
    <ele>851</ele>
   </trkpt>
   <trkpt lat="45.8581500" lon="6.1214500">
    <ele>850</ele>
   </trkpt>
   <trkpt lat="45.8582200" lon="6.1215400">
    <ele>849</ele>
   </trkpt>
   <trkpt lat="45.8583600" lon="6.1216700">
    <ele>846</ele>
   </trkpt>
   <trkpt lat="45.8587000" lon="6.1219000">
    <ele>847</ele>
   </trkpt>
   <trkpt lat="45.8587900" lon="6.1219900">
    <ele>848</ele>
   </trkpt>
   <trkpt lat="45.8588800" lon="6.1220900">
    <ele>848</ele>
   </trkpt>
   <trkpt lat="45.8589800" lon="6.1222500">
    <ele>849</ele>
   </trkpt>
   <trkpt lat="45.8590500" lon="6.1223300">
    <ele>849</ele>
   </trkpt>
   <trkpt lat="45.8593400" lon="6.1225200">
    <ele>850</ele>
   </trkpt>
   <trkpt lat="45.8595400" lon="6.1226600">
    <ele>850</ele>
   </trkpt>
   <trkpt lat="45.8597100" lon="6.1227200">
    <ele>850</ele>
   </trkpt>
   <trkpt lat="45.8597899" lon="6.1227300">
    <ele>850</ele>
   </trkpt>
   <trkpt lat="45.8598600" lon="6.1227400">
    <ele>850</ele>
   </trkpt>
   <trkpt lat="45.8602400" lon="6.1227000">
    <ele>848</ele>
   </trkpt>
   <trkpt lat="45.8607100" lon="6.1226700">
    <ele>844</ele>
   </trkpt>
   <trkpt lat="45.8609600" lon="6.1226500">
    <ele>842</ele>
   </trkpt>
   <trkpt lat="45.8614700" lon="6.1225200">
    <ele>841</ele>
   </trkpt>
   <trkpt lat="45.8616600" lon="6.1224999">
    <ele>841</ele>
   </trkpt>
   <trkpt lat="45.8617300" lon="6.1225100">
    <ele>841</ele>
   </trkpt>
   <trkpt lat="45.8618200" lon="6.1225300">
    <ele>841</ele>
   </trkpt>
   <trkpt lat="45.8619800" lon="6.1225800">
    <ele>840</ele>
   </trkpt>
   <trkpt lat="45.8620900" lon="6.1226400">
    <ele>840</ele>
   </trkpt>
   <trkpt lat="45.8623900" lon="6.1228100">
    <ele>840</ele>
   </trkpt>
   <trkpt lat="45.8625100" lon="6.1228700">
    <ele>840</ele>
   </trkpt>
   <trkpt lat="45.8626400" lon="6.1229100">
    <ele>839</ele>
   </trkpt>
   <trkpt lat="45.8627899" lon="6.1229300">
    <ele>838</ele>
   </trkpt>
   <trkpt lat="45.8629000" lon="6.1229300">
    <ele>838</ele>
   </trkpt>
   <trkpt lat="45.8630100" lon="6.1229100">
    <ele>837</ele>
   </trkpt>
   <trkpt lat="45.8631000" lon="6.1228600">
    <ele>836</ele>
   </trkpt>
   <trkpt lat="45.8631500" lon="6.1228200">
    <ele>836</ele>
   </trkpt>
   <trkpt lat="45.8632200" lon="6.1227600">
    <ele>835</ele>
   </trkpt>
   <trkpt lat="45.8632700" lon="6.1226600">
    <ele>834</ele>
   </trkpt>
   <trkpt lat="45.8634400" lon="6.1223700">
    <ele>831</ele>
   </trkpt>
   <trkpt lat="45.8637400" lon="6.1218800">
    <ele>826</ele>
   </trkpt>
   <trkpt lat="45.8638300" lon="6.1217100">
    <ele>823</ele>
   </trkpt>
   <trkpt lat="45.8638700" lon="6.1216000">
    <ele>823</ele>
   </trkpt>
   <trkpt lat="45.8639600" lon="6.1214200">
    <ele>821</ele>
   </trkpt>
   <trkpt lat="45.8640100" lon="6.1213300">
    <ele>820</ele>
   </trkpt>
   <trkpt lat="45.8641400" lon="6.1211500">
    <ele>818</ele>
   </trkpt>
   <trkpt lat="45.8643100" lon="6.1209700">
    <ele>817</ele>
   </trkpt>
   <trkpt lat="45.8644000" lon="6.1209000">
    <ele>816</ele>
   </trkpt>
   <trkpt lat="45.8644600" lon="6.1208800">
    <ele>816</ele>
   </trkpt>
   <trkpt lat="45.8645700" lon="6.1208500">
    <ele>815</ele>
   </trkpt>
   <trkpt lat="45.8646900" lon="6.1208500">
    <ele>814</ele>
   </trkpt>
   <trkpt lat="45.8647500" lon="6.1208500">
    <ele>814</ele>
   </trkpt>
   <trkpt lat="45.8648700" lon="6.1208900">
    <ele>813</ele>
   </trkpt>
   <trkpt lat="45.8649700" lon="6.1209500">
    <ele>812</ele>
   </trkpt>
   <trkpt lat="45.8650700" lon="6.1210300">
    <ele>811</ele>
   </trkpt>
   <trkpt lat="45.8652299" lon="6.1211300">
    <ele>811</ele>
   </trkpt>
   <trkpt lat="45.8653500" lon="6.1211600">
    <ele>811</ele>
   </trkpt>
   <trkpt lat="45.8654100" lon="6.1211600">
    <ele>811</ele>
   </trkpt>
   <trkpt lat="45.8656099" lon="6.1211300">
    <ele>811</ele>
   </trkpt>
   <trkpt lat="45.8661200" lon="6.1210200">
    <ele>813</ele>
   </trkpt>
   <trkpt lat="45.8664300" lon="6.1209500">
    <ele>815</ele>
   </trkpt>
   <trkpt lat="45.8666399" lon="6.1209300">
    <ele>816</ele>
   </trkpt>
   <trkpt lat="45.8668300" lon="6.1209500">
    <ele>816</ele>
   </trkpt>
   <trkpt lat="45.8672400" lon="6.1209600">
    <ele>817</ele>
   </trkpt>
   <trkpt lat="45.8675200" lon="6.1209400">
    <ele>819</ele>
   </trkpt>
   <trkpt lat="45.8677100" lon="6.1209600">
    <ele>819</ele>
   </trkpt>
   <trkpt lat="45.8678100" lon="6.1209900">
    <ele>819</ele>
   </trkpt>
   <trkpt lat="45.8679200" lon="6.1210200">
    <ele>819</ele>
   </trkpt>
   <trkpt lat="45.8681100" lon="6.1211100">
    <ele>819</ele>
   </trkpt>
   <trkpt lat="45.8684800" lon="6.1213200">
    <ele>818</ele>
   </trkpt>
   <trkpt lat="45.8687600" lon="6.1215000">
    <ele>817</ele>
   </trkpt>
   <trkpt lat="45.8688400" lon="6.1215400">
    <ele>817</ele>
   </trkpt>
   <trkpt lat="45.8693000" lon="6.1216799">
    <ele>816</ele>
   </trkpt>
   <trkpt lat="45.8694000" lon="6.1217200">
    <ele>816</ele>
   </trkpt>
   <trkpt lat="45.8700000" lon="6.1220900">
    <ele>811</ele>
   </trkpt>
   <trkpt lat="45.8701099" lon="6.1221300">
    <ele>811</ele>
   </trkpt>
   <trkpt lat="45.8702600" lon="6.1221800">
    <ele>810</ele>
   </trkpt>
   <trkpt lat="45.8704600" lon="6.1221900">
    <ele>810</ele>
   </trkpt>
   <trkpt lat="45.8706100" lon="6.1222200">
    <ele>809</ele>
   </trkpt>
   <trkpt lat="45.8708000" lon="6.1223000">
    <ele>808</ele>
   </trkpt>
   <trkpt lat="45.8709700" lon="6.1224100">
    <ele>807</ele>
   </trkpt>
   <trkpt lat="45.8710800" lon="6.1225100">
    <ele>806</ele>
   </trkpt>
   <trkpt lat="45.8712200" lon="6.1226800">
    <ele>805</ele>
   </trkpt>
   <trkpt lat="45.8713100" lon="6.1228000">
    <ele>804</ele>
   </trkpt>
   <trkpt lat="45.8715400" lon="6.1230300">
    <ele>802</ele>
   </trkpt>
   <trkpt lat="45.8716300" lon="6.1231099">
    <ele>801</ele>
   </trkpt>
   <trkpt lat="45.8717400" lon="6.1231600">
    <ele>801</ele>
   </trkpt>
   <trkpt lat="45.8719500" lon="6.1232200">
    <ele>801</ele>
   </trkpt>
   <trkpt lat="45.8720900" lon="6.1232500">
    <ele>801</ele>
   </trkpt>
   <trkpt lat="45.8722700" lon="6.1232600">
    <ele>801</ele>
   </trkpt>
   <trkpt lat="45.8724100" lon="6.1232800">
    <ele>802</ele>
   </trkpt>
   <trkpt lat="45.8725300" lon="6.1233200">
    <ele>801</ele>
   </trkpt>
   <trkpt lat="45.8726399" lon="6.1233800">
    <ele>801</ele>
   </trkpt>
   <trkpt lat="45.8728000" lon="6.1234700">
    <ele>801</ele>
   </trkpt>
   <trkpt lat="45.8730100" lon="6.1236200">
    <ele>801</ele>
   </trkpt>
   <trkpt lat="45.8730900" lon="6.1236900">
    <ele>801</ele>
   </trkpt>
   <trkpt lat="45.8731900" lon="6.1237899">
    <ele>801</ele>
   </trkpt>
   <trkpt lat="45.8733200" lon="6.1240000">
    <ele>799</ele>
   </trkpt>
   <trkpt lat="45.8735100" lon="6.1244900">
    <ele>796</ele>
   </trkpt>
   <trkpt lat="45.8736200" lon="6.1247100">
    <ele>795</ele>
   </trkpt>
   <trkpt lat="45.8737900" lon="6.1250400">
    <ele>794</ele>
   </trkpt>
   <trkpt lat="45.8740800" lon="6.1256000">
    <ele>789</ele>
   </trkpt>
   <trkpt lat="45.8743800" lon="6.1261000">
    <ele>785</ele>
   </trkpt>
   <trkpt lat="45.8744900" lon="6.1262400">
    <ele>784</ele>
   </trkpt>
   <trkpt lat="45.8745900" lon="6.1263300">
    <ele>783</ele>
   </trkpt>
   <trkpt lat="45.8747300" lon="6.1264200">
    <ele>783</ele>
   </trkpt>
   <trkpt lat="45.8748999" lon="6.1265000">
    <ele>783</ele>
   </trkpt>
   <trkpt lat="45.8750000" lon="6.1265300">
    <ele>783</ele>
   </trkpt>
   <trkpt lat="45.8751900" lon="6.1265700">
    <ele>782</ele>
   </trkpt>
   <trkpt lat="45.8758600" lon="6.1266000">
    <ele>783</ele>
   </trkpt>
   <trkpt lat="45.8759299" lon="6.1266100">
    <ele>783</ele>
   </trkpt>
   <trkpt lat="45.8760000" lon="6.1266200">
    <ele>783</ele>
   </trkpt>
   <trkpt lat="45.8762100" lon="6.1266999">
    <ele>781</ele>
   </trkpt>
   <trkpt lat="45.8763700" lon="6.1268399">
    <ele>779</ele>
   </trkpt>
   <trkpt lat="45.8768500" lon="6.1272000">
    <ele>773</ele>
   </trkpt>
   <trkpt lat="45.8770600" lon="6.1273200">
    <ele>772</ele>
   </trkpt>
   <trkpt lat="45.8772400" lon="6.1273900">
    <ele>771</ele>
   </trkpt>
   <trkpt lat="45.8774500" lon="6.1274100">
    <ele>771</ele>
   </trkpt>
   <trkpt lat="45.8777100" lon="6.1274200">
    <ele>769</ele>
   </trkpt>
   <trkpt lat="45.8779200" lon="6.1274499">
    <ele>767</ele>
   </trkpt>
   <trkpt lat="45.8783800" lon="6.1277000">
    <ele>761</ele>
   </trkpt>
   <trkpt lat="45.8787000" lon="6.1278200">
    <ele>757</ele>
   </trkpt>
   <trkpt lat="45.8788000" lon="6.1279000">
    <ele>755</ele>
   </trkpt>
   <trkpt lat="45.8788399" lon="6.1279700">
    <ele>754</ele>
   </trkpt>
   <trkpt lat="45.8788900" lon="6.1280599">
    <ele>753</ele>
   </trkpt>
   <trkpt lat="45.8789200" lon="6.1281700">
    <ele>752</ele>
   </trkpt>
   <trkpt lat="45.8789700" lon="6.1283000">
    <ele>750</ele>
   </trkpt>
   <trkpt lat="45.8790200" lon="6.1283899">
    <ele>749</ele>
   </trkpt>
   <trkpt lat="45.8790800" lon="6.1284500">
    <ele>748</ele>
   </trkpt>
   <trkpt lat="45.8791400" lon="6.1284900">
    <ele>747</ele>
   </trkpt>
   <trkpt lat="45.8792300" lon="6.1285200">
    <ele>747</ele>
   </trkpt>
   <trkpt lat="45.8793999" lon="6.1285400">
    <ele>745</ele>
   </trkpt>
   <trkpt lat="45.8794899" lon="6.1285200">
    <ele>745</ele>
   </trkpt>
   <trkpt lat="45.8796600" lon="6.1284700">
    <ele>744</ele>
   </trkpt>
   <trkpt lat="45.8800500" lon="6.1283000">
    <ele>742</ele>
   </trkpt>
   <trkpt lat="45.8801200" lon="6.1282900">
    <ele>742</ele>
   </trkpt>
   <trkpt lat="45.8801900" lon="6.1282900">
    <ele>742</ele>
   </trkpt>
   <trkpt lat="45.8803900" lon="6.1283899">
    <ele>740</ele>
   </trkpt>
   <trkpt lat="45.8804900" lon="6.1284000">
    <ele>740</ele>
   </trkpt>
   <trkpt lat="45.8807400" lon="6.1283500">
    <ele>739</ele>
   </trkpt>
   <trkpt lat="45.8808000" lon="6.1283500">
    <ele>739</ele>
   </trkpt>
   <trkpt lat="45.8808600" lon="6.1283700">
    <ele>738</ele>
   </trkpt>
   <trkpt lat="45.8809300" lon="6.1284400">
    <ele>737</ele>
   </trkpt>
   <trkpt lat="45.8809700" lon="6.1285400">
    <ele>735</ele>
   </trkpt>
   <trkpt lat="45.8809800" lon="6.1286200">
    <ele>735</ele>
   </trkpt>
   <trkpt lat="45.8810000" lon="6.1287400">
    <ele>734</ele>
   </trkpt>
   <trkpt lat="45.8810400" lon="6.1294900">
    <ele>729</ele>
   </trkpt>
   <trkpt lat="45.8810300" lon="6.1297499">
    <ele>727</ele>
   </trkpt>
   <trkpt lat="45.8809700" lon="6.1301200">
    <ele>725</ele>
   </trkpt>
   <trkpt lat="45.8809200" lon="6.1302600">
    <ele>725</ele>
   </trkpt>
   <trkpt lat="45.8808600" lon="6.1303599">
    <ele>725</ele>
   </trkpt>
   <trkpt lat="45.8806900" lon="6.1305700">
    <ele>724</ele>
   </trkpt>
   <trkpt lat="45.8805000" lon="6.1308700">
    <ele>722</ele>
   </trkpt>
   <trkpt lat="45.8804600" lon="6.1309100">
    <ele>721</ele>
   </trkpt>
   <trkpt lat="45.8802200" lon="6.1310399">
    <ele>721</ele>
   </trkpt>
   <trkpt lat="45.8801500" lon="6.1311400">
    <ele>720</ele>
   </trkpt>
   <trkpt lat="45.8801300" lon="6.1312300">
    <ele>720</ele>
   </trkpt>
   <trkpt lat="45.8801300" lon="6.1313300">
    <ele>719</ele>
   </trkpt>
   <trkpt lat="45.8801599" lon="6.1314300">
    <ele>718</ele>
   </trkpt>
   <trkpt lat="45.8802200" lon="6.1314900">
    <ele>718</ele>
   </trkpt>
   <trkpt lat="45.8802800" lon="6.1315099">
    <ele>717</ele>
   </trkpt>
   <trkpt lat="45.8803399" lon="6.1315000">
    <ele>717</ele>
   </trkpt>
   <trkpt lat="45.8804100" lon="6.1314600">
    <ele>717</ele>
   </trkpt>
   <trkpt lat="45.8805500" lon="6.1313200">
    <ele>718</ele>
   </trkpt>
   <trkpt lat="45.8806900" lon="6.1312100">
    <ele>718</ele>
   </trkpt>
   <trkpt lat="45.8807600" lon="6.1311600">
    <ele>718</ele>
   </trkpt>
   <trkpt lat="45.8808300" lon="6.1311500">
    <ele>718</ele>
   </trkpt>
   <trkpt lat="45.8809200" lon="6.1311400">
    <ele>718</ele>
   </trkpt>
   <trkpt lat="45.8811500" lon="6.1311800">
    <ele>715</ele>
   </trkpt>
   <trkpt lat="45.8813699" lon="6.1312700">
    <ele>712</ele>
   </trkpt>
   <trkpt lat="45.8814900" lon="6.1312900">
    <ele>711</ele>
   </trkpt>
   <trkpt lat="45.8817600" lon="6.1312500">
    <ele>708</ele>
   </trkpt>
   <trkpt lat="45.8819400" lon="6.1312700">
    <ele>705</ele>
   </trkpt>
   <trkpt lat="45.8820100" lon="6.1312600">
    <ele>704</ele>
   </trkpt>
   <trkpt lat="45.8821100" lon="6.1312400">
    <ele>703</ele>
   </trkpt>
   <trkpt lat="45.8821600" lon="6.1312000">
    <ele>702</ele>
   </trkpt>
   <trkpt lat="45.8823500" lon="6.1311200">
    <ele>700</ele>
   </trkpt>
   <trkpt lat="45.8824200" lon="6.1311099">
    <ele>700</ele>
   </trkpt>
   <trkpt lat="45.8824900" lon="6.1311099">
    <ele>698</ele>
   </trkpt>
   <trkpt lat="45.8825900" lon="6.1311300">
    <ele>697</ele>
   </trkpt>
   <trkpt lat="45.8827900" lon="6.1312200">
    <ele>694</ele>
   </trkpt>
   <trkpt lat="45.8829700" lon="6.1312600">
    <ele>692</ele>
   </trkpt>
   <trkpt lat="45.8830300" lon="6.1312700">
    <ele>691</ele>
   </trkpt>
   <trkpt lat="45.8831599" lon="6.1312600">
    <ele>690</ele>
   </trkpt>
   <trkpt lat="45.8835200" lon="6.1311700">
    <ele>688</ele>
   </trkpt>
   <trkpt lat="45.8838099" lon="6.1311400">
    <ele>683</ele>
   </trkpt>
   <trkpt lat="45.8839200" lon="6.1311200">
    <ele>682</ele>
   </trkpt>
   <trkpt lat="45.8840800" lon="6.1310399">
    <ele>680</ele>
   </trkpt>
   <trkpt lat="45.8844100" lon="6.1308500">
    <ele>677</ele>
   </trkpt>
   <trkpt lat="45.8844800" lon="6.1308000">
    <ele>677</ele>
   </trkpt>
   <trkpt lat="45.8845900" lon="6.1307700">
    <ele>676</ele>
   </trkpt>
   <trkpt lat="45.8846599" lon="6.1307800">
    <ele>675</ele>
   </trkpt>
   <trkpt lat="45.8847100" lon="6.1308100">
    <ele>673</ele>
   </trkpt>
   <trkpt lat="45.8847700" lon="6.1308600">
    <ele>672</ele>
   </trkpt>
   <trkpt lat="45.8849100" lon="6.1310000">
    <ele>669</ele>
   </trkpt>
   <trkpt lat="45.8849700" lon="6.1310500">
    <ele>668</ele>
   </trkpt>
   <trkpt lat="45.8850200" lon="6.1310800">
    <ele>668</ele>
   </trkpt>
   <trkpt lat="45.8850900" lon="6.1311099">
    <ele>667</ele>
   </trkpt>
   <trkpt lat="45.8851700" lon="6.1311200">
    <ele>667</ele>
   </trkpt>
   <trkpt lat="45.8853200" lon="6.1311200">
    <ele>667</ele>
   </trkpt>
   <trkpt lat="45.8854200" lon="6.1311099">
    <ele>667</ele>
   </trkpt>
   <trkpt lat="45.8856700" lon="6.1310600">
    <ele>668</ele>
   </trkpt>
   <trkpt lat="45.8857200" lon="6.1310500">
    <ele>668</ele>
   </trkpt>
   <trkpt lat="45.8858400" lon="6.1310000">
    <ele>668</ele>
   </trkpt>
   <trkpt lat="45.8859400" lon="6.1309500">
    <ele>668</ele>
   </trkpt>
   <trkpt lat="45.8861599" lon="6.1308000">
    <ele>668</ele>
   </trkpt>
   <trkpt lat="45.8868800" lon="6.1303100">
    <ele>661</ele>
   </trkpt>
   <trkpt lat="45.8869400" lon="6.1302600">
    <ele>659</ele>
   </trkpt>
   <trkpt lat="45.8869800" lon="6.1302100">
    <ele>658</ele>
   </trkpt>
   <trkpt lat="45.8870600" lon="6.1300300">
    <ele>657</ele>
   </trkpt>
   <trkpt lat="45.8870999" lon="6.1299000">
    <ele>656</ele>
   </trkpt>
   <trkpt lat="45.8872300" lon="6.1293600">
    <ele>652</ele>
   </trkpt>
   <trkpt lat="45.8872799" lon="6.1291300">
    <ele>650</ele>
   </trkpt>
   <trkpt lat="45.8873200" lon="6.1287900">
    <ele>644</ele>
   </trkpt>
   <trkpt lat="45.8873300" lon="6.1287500">
    <ele>643</ele>
   </trkpt>
   <trkpt lat="45.8873500" lon="6.1287000">
    <ele>641</ele>
   </trkpt>
   <trkpt lat="45.8874300" lon="6.1286200">
    <ele>637</ele>
   </trkpt>
   <trkpt lat="45.8874600" lon="6.1286100">
    <ele>636</ele>
   </trkpt>
   <trkpt lat="45.8875100" lon="6.1286100">
    <ele>634</ele>
   </trkpt>
   <trkpt lat="45.8875500" lon="6.1286200">
    <ele>633</ele>
   </trkpt>
   <trkpt lat="45.8875900" lon="6.1286400">
    <ele>632</ele>
   </trkpt>
   <trkpt lat="45.8876400" lon="6.1287000">
    <ele>632</ele>
   </trkpt>
   <trkpt lat="45.8876500" lon="6.1287400">
    <ele>632</ele>
   </trkpt>
   <trkpt lat="45.8876700" lon="6.1287900">
    <ele>632</ele>
   </trkpt>
   <trkpt lat="45.8876700" lon="6.1289100">
    <ele>634</ele>
   </trkpt>
   <trkpt lat="45.8876500" lon="6.1289999">
    <ele>636</ele>
   </trkpt>
   <trkpt lat="45.8875400" lon="6.1293800">
    <ele>642</ele>
   </trkpt>
   <trkpt lat="45.8875200" lon="6.1295300">
    <ele>642</ele>
   </trkpt>
   <trkpt lat="45.8875300" lon="6.1296500">
    <ele>641</ele>
   </trkpt>
   <trkpt lat="45.8875699" lon="6.1298000">
    <ele>640</ele>
   </trkpt>
   <trkpt lat="45.8876700" lon="6.1299500">
    <ele>636</ele>
   </trkpt>
   <trkpt lat="45.8877300" lon="6.1301100">
    <ele>634</ele>
   </trkpt>
   <trkpt lat="45.8878000" lon="6.1304299">
    <ele>631</ele>
   </trkpt>
   <trkpt lat="45.8878400" lon="6.1306000">
    <ele>630</ele>
   </trkpt>
   <trkpt lat="45.8879600" lon="6.1310000">
    <ele>625</ele>
   </trkpt>
   <trkpt lat="45.8879700" lon="6.1311000">
    <ele>624</ele>
   </trkpt>
   <trkpt lat="45.8879700" lon="6.1312400">
    <ele>624</ele>
   </trkpt>
   <trkpt lat="45.8879700" lon="6.1313600">
    <ele>623</ele>
   </trkpt>
   <trkpt lat="45.8879499" lon="6.1314900">
    <ele>623</ele>
   </trkpt>
   <trkpt lat="45.8877900" lon="6.1321899">
    <ele>619</ele>
   </trkpt>
   <trkpt lat="45.8877300" lon="6.1324500">
    <ele>616</ele>
   </trkpt>
   <trkpt lat="45.8876800" lon="6.1326900">
    <ele>614</ele>
   </trkpt>
   <trkpt lat="45.8876400" lon="6.1328100">
    <ele>612</ele>
   </trkpt>
   <trkpt lat="45.8875800" lon="6.1329800">
    <ele>611</ele>
   </trkpt>
   <trkpt lat="45.8874700" lon="6.1331700">
    <ele>609</ele>
   </trkpt>
   <trkpt lat="45.8872400" lon="6.1334300">
    <ele>610</ele>
   </trkpt>
   <trkpt lat="45.8871600" lon="6.1335300">
    <ele>611</ele>
   </trkpt>
   <trkpt lat="45.8871100" lon="6.1336100">
    <ele>611</ele>
   </trkpt>
   <trkpt lat="45.8870900" lon="6.1336900">
    <ele>610</ele>
   </trkpt>
   <trkpt lat="45.8870700" lon="6.1337800">
    <ele>609</ele>
   </trkpt>
   <trkpt lat="45.8870600" lon="6.1338500">
    <ele>609</ele>
   </trkpt>
   <trkpt lat="45.8870700" lon="6.1339100">
    <ele>608</ele>
   </trkpt>
   <trkpt lat="45.8870800" lon="6.1339499">
    <ele>607</ele>
   </trkpt>
   <trkpt lat="45.8871100" lon="6.1340100">
    <ele>605</ele>
   </trkpt>
   <trkpt lat="45.8871899" lon="6.1340600">
    <ele>602</ele>
   </trkpt>
   <trkpt lat="45.8872400" lon="6.1340700">
    <ele>601</ele>
   </trkpt>
   <trkpt lat="45.8872900" lon="6.1340600">
    <ele>600</ele>
   </trkpt>
   <trkpt lat="45.8873400" lon="6.1340199">
    <ele>599</ele>
   </trkpt>
   <trkpt lat="45.8875600" lon="6.1337400">
    <ele>598</ele>
   </trkpt>
   <trkpt lat="45.8877600" lon="6.1334700">
    <ele>599</ele>
   </trkpt>
   <trkpt lat="45.8878200" lon="6.1333800">
    <ele>600</ele>
   </trkpt>
   <trkpt lat="45.8879300" lon="6.1332000">
    <ele>601</ele>
   </trkpt>
   <trkpt lat="45.8879800" lon="6.1331000">
    <ele>601</ele>
   </trkpt>
   <trkpt lat="45.8880399" lon="6.1329300">
    <ele>602</ele>
   </trkpt>
   <trkpt lat="45.8881500" lon="6.1324800">
    <ele>604</ele>
   </trkpt>
   <trkpt lat="45.8882199" lon="6.1320700">
    <ele>608</ele>
   </trkpt>
   <trkpt lat="45.8882600" lon="6.1319300">
    <ele>609</ele>
   </trkpt>
   <trkpt lat="45.8883100" lon="6.1318200">
    <ele>609</ele>
   </trkpt>
   <trkpt lat="45.8883800" lon="6.1317199">
    <ele>608</ele>
   </trkpt>
   <trkpt lat="45.8885300" lon="6.1315000">
    <ele>603</ele>
   </trkpt>
   <trkpt lat="45.8885900" lon="6.1314100">
    <ele>601</ele>
   </trkpt>
   <trkpt lat="45.8887600" lon="6.1310399">
    <ele>594</ele>
   </trkpt>
   <trkpt lat="45.8888500" lon="6.1308400">
    <ele>591</ele>
   </trkpt>
   <trkpt lat="45.8888700" lon="6.1307400">
    <ele>591</ele>
   </trkpt>
   <trkpt lat="45.8888900" lon="6.1304999">
    <ele>591</ele>
   </trkpt>
   <trkpt lat="45.8889000" lon="6.1303400">
    <ele>592</ele>
   </trkpt>
   <trkpt lat="45.8889300" lon="6.1301300">
    <ele>592</ele>
   </trkpt>
   <trkpt lat="45.8889600" lon="6.1300400">
    <ele>592</ele>
   </trkpt>
   <trkpt lat="45.8889900" lon="6.1299600">
    <ele>591</ele>
   </trkpt>
   <trkpt lat="45.8890200" lon="6.1299100">
    <ele>590</ele>
   </trkpt>
   <trkpt lat="45.8890699" lon="6.1298700">
    <ele>588</ele>
   </trkpt>
   <trkpt lat="45.8891100" lon="6.1298600">
    <ele>587</ele>
   </trkpt>
   <trkpt lat="45.8891400" lon="6.1298600">
    <ele>586</ele>
   </trkpt>
   <trkpt lat="45.8891800" lon="6.1298800">
    <ele>585</ele>
   </trkpt>
   <trkpt lat="45.8892100" lon="6.1299300">
    <ele>584</ele>
   </trkpt>
   <trkpt lat="45.8892300" lon="6.1299800">
    <ele>583</ele>
   </trkpt>
   <trkpt lat="45.8892300" lon="6.1300400">
    <ele>582</ele>
   </trkpt>
   <trkpt lat="45.8892300" lon="6.1301600">
    <ele>581</ele>
   </trkpt>
   <trkpt lat="45.8892000" lon="6.1303599">
    <ele>581</ele>
   </trkpt>
   <trkpt lat="45.8891200" lon="6.1307100">
    <ele>581</ele>
   </trkpt>
   <trkpt lat="45.8890900" lon="6.1308800">
    <ele>581</ele>
   </trkpt>
   <trkpt lat="45.8890800" lon="6.1313400">
    <ele>580</ele>
   </trkpt>
   <trkpt lat="45.8890800" lon="6.1314500">
    <ele>579</ele>
   </trkpt>
   <trkpt lat="45.8890900" lon="6.1316100">
    <ele>579</ele>
   </trkpt>
   <trkpt lat="45.8891300" lon="6.1318200">
    <ele>577</ele>
   </trkpt>
   <trkpt lat="45.8891700" lon="6.1320200">
    <ele>575</ele>
   </trkpt>
   <trkpt lat="45.8892400" lon="6.1322599">
    <ele>573</ele>
   </trkpt>
   <trkpt lat="45.8892700" lon="6.1324400">
    <ele>573</ele>
   </trkpt>
   <trkpt lat="45.8892900" lon="6.1326000">
    <ele>571</ele>
   </trkpt>
   <trkpt lat="45.8892800" lon="6.1330800">
    <ele>568</ele>
   </trkpt>
   <trkpt lat="45.8892800" lon="6.1334200">
    <ele>565</ele>
   </trkpt>
   <trkpt lat="45.8892700" lon="6.1335400">
    <ele>563</ele>
   </trkpt>
   <trkpt lat="45.8892499" lon="6.1336100">
    <ele>562</ele>
   </trkpt>
   <trkpt lat="45.8892300" lon="6.1336800">
    <ele>561</ele>
   </trkpt>
   <trkpt lat="45.8891800" lon="6.1337700">
    <ele>560</ele>
   </trkpt>
   <trkpt lat="45.8891000" lon="6.1338500">
    <ele>561</ele>
   </trkpt>
   <trkpt lat="45.8890000" lon="6.1339200">
    <ele>562</ele>
   </trkpt>
   <trkpt lat="45.8889300" lon="6.1339900">
    <ele>563</ele>
   </trkpt>
   <trkpt lat="45.8888700" lon="6.1341000">
    <ele>563</ele>
   </trkpt>
   <trkpt lat="45.8888300" lon="6.1342600">
    <ele>562</ele>
   </trkpt>
   <trkpt lat="45.8888300" lon="6.1344500">
    <ele>559</ele>
   </trkpt>
   <trkpt lat="45.8888600" lon="6.1346000">
    <ele>557</ele>
   </trkpt>
   <trkpt lat="45.8889300" lon="6.1347100">
    <ele>554</ele>
   </trkpt>
   <trkpt lat="45.8890400" lon="6.1347800">
    <ele>550</ele>
   </trkpt>
   <trkpt lat="45.8890900" lon="6.1347900">
    <ele>549</ele>
   </trkpt>
   <trkpt lat="45.8891599" lon="6.1347800">
    <ele>547</ele>
   </trkpt>
   <trkpt lat="45.8892100" lon="6.1347500">
    <ele>546</ele>
   </trkpt>
   <trkpt lat="45.8893500" lon="6.1346600">
    <ele>544</ele>
   </trkpt>
   <trkpt lat="45.8894800" lon="6.1345300">
    <ele>543</ele>
   </trkpt>
   <trkpt lat="45.8895399" lon="6.1344400">
    <ele>543</ele>
   </trkpt>
   <trkpt lat="45.8896200" lon="6.1343000">
    <ele>543</ele>
   </trkpt>
   <trkpt lat="45.8899300" lon="6.1336800">
    <ele>544</ele>
   </trkpt>
   <trkpt lat="45.8899900" lon="6.1335100">
    <ele>544</ele>
   </trkpt>
   <trkpt lat="45.8900300" lon="6.1333100">
    <ele>544</ele>
   </trkpt>
   <trkpt lat="45.8900600" lon="6.1331400">
    <ele>544</ele>
   </trkpt>
   <trkpt lat="45.8900999" lon="6.1328699">
    <ele>544</ele>
   </trkpt>
   <trkpt lat="45.8901200" lon="6.1327800">
    <ele>544</ele>
   </trkpt>
   <trkpt lat="45.8901800" lon="6.1326500">
    <ele>542</ele>
   </trkpt>
   <trkpt lat="45.8902700" lon="6.1325000">
    <ele>540</ele>
   </trkpt>
   <trkpt lat="45.8903700" lon="6.1323900">
    <ele>537</ele>
   </trkpt>
   <trkpt lat="45.8904300" lon="6.1323500">
    <ele>536</ele>
   </trkpt>
   <trkpt lat="45.8904900" lon="6.1323200">
    <ele>534</ele>
   </trkpt>
   <trkpt lat="45.8906000" lon="6.1323100">
    <ele>531</ele>
   </trkpt>
   <trkpt lat="45.8911600" lon="6.1323200">
    <ele>522</ele>
   </trkpt>
   <trkpt lat="45.8913100" lon="6.1323400">
    <ele>521</ele>
   </trkpt>
   <trkpt lat="45.8913600" lon="6.1323700">
    <ele>520</ele>
   </trkpt>
   <trkpt lat="45.8914100" lon="6.1324200">
    <ele>519</ele>
   </trkpt>
   <trkpt lat="45.8914400" lon="6.1324700">
    <ele>518</ele>
   </trkpt>
   <trkpt lat="45.8914900" lon="6.1325800">
    <ele>517</ele>
   </trkpt>
   <trkpt lat="45.8915000" lon="6.1326599">
    <ele>516</ele>
   </trkpt>
   <trkpt lat="45.8915000" lon="6.1327200">
    <ele>516</ele>
   </trkpt>
   <trkpt lat="45.8914900" lon="6.1327999">
    <ele>516</ele>
   </trkpt>
   <trkpt lat="45.8914600" lon="6.1328600">
    <ele>516</ele>
   </trkpt>
   <trkpt lat="45.8914300" lon="6.1329300">
    <ele>515</ele>
   </trkpt>
   <trkpt lat="45.8913900" lon="6.1330000">
    <ele>515</ele>
   </trkpt>
   <trkpt lat="45.8913400" lon="6.1330400">
    <ele>516</ele>
   </trkpt>
   <trkpt lat="45.8912800" lon="6.1330800">
    <ele>516</ele>
   </trkpt>
   <trkpt lat="45.8909400" lon="6.1332500">
    <ele>518</ele>
   </trkpt>
   <trkpt lat="45.8908900" lon="6.1332900">
    <ele>519</ele>
   </trkpt>
   <trkpt lat="45.8908400" lon="6.1333399">
    <ele>519</ele>
   </trkpt>
   <trkpt lat="45.8907800" lon="6.1334799">
    <ele>520</ele>
   </trkpt>
   <trkpt lat="45.8907500" lon="6.1335700">
    <ele>521</ele>
   </trkpt>
   <trkpt lat="45.8907400" lon="6.1336700">
    <ele>521</ele>
   </trkpt>
   <trkpt lat="45.8907500" lon="6.1337700">
    <ele>520</ele>
   </trkpt>
   <trkpt lat="45.8907700" lon="6.1338500">
    <ele>519</ele>
   </trkpt>
   <trkpt lat="45.8908400" lon="6.1340000">
    <ele>517</ele>
   </trkpt>
   <trkpt lat="45.8909000" lon="6.1340700">
    <ele>515</ele>
   </trkpt>
   <trkpt lat="45.8909700" lon="6.1341200">
    <ele>514</ele>
   </trkpt>
   <trkpt lat="45.8912199" lon="6.1342800">
    <ele>509</ele>
   </trkpt>
   <trkpt lat="45.8913900" lon="6.1344100">
    <ele>504</ele>
   </trkpt>
   <trkpt lat="45.8914700" lon="6.1344600">
    <ele>502</ele>
   </trkpt>
   <trkpt lat="45.8916200" lon="6.1345300">
    <ele>499</ele>
   </trkpt>
   <trkpt lat="45.8917200" lon="6.1345200">
    <ele>498</ele>
   </trkpt>
   <trkpt lat="45.8919100" lon="6.1344900">
    <ele>495</ele>
   </trkpt>
   <trkpt lat="45.8919600" lon="6.1344700">
    <ele>495</ele>
   </trkpt>
   <trkpt lat="45.8920500" lon="6.1344100">
    <ele>494</ele>
   </trkpt>
   <trkpt lat="45.8922800" lon="6.1341900">
    <ele>492</ele>
   </trkpt>
   <trkpt lat="45.8925100" lon="6.1339800">
    <ele>491</ele>
   </trkpt>
   <trkpt lat="45.8927100" lon="6.1336800">
    <ele>491</ele>
   </trkpt>
   <trkpt lat="45.8927800" lon="6.1335400">
    <ele>491</ele>
   </trkpt>
   <trkpt lat="45.8929100" lon="6.1332500">
    <ele>492</ele>
   </trkpt>
   <trkpt lat="45.8929800" lon="6.1331100">
    <ele>491</ele>
   </trkpt>
   <trkpt lat="45.8931500" lon="6.1328500">
    <ele>488</ele>
   </trkpt>
   <trkpt lat="45.8932500" lon="6.1326599">
    <ele>487</ele>
   </trkpt>
   <trkpt lat="45.8932700" lon="6.1326200">
    <ele>486</ele>
   </trkpt>
   <trkpt lat="45.8932800" lon="6.1326000">
    <ele>486</ele>
   </trkpt>
   <trkpt lat="45.8937900" lon="6.1314900">
    <ele>485</ele>
   </trkpt>
   <trkpt lat="45.8938100" lon="6.1313300">
    <ele>485</ele>
   </trkpt>
   <trkpt lat="45.8938300" lon="6.1306600">
    <ele>488</ele>
   </trkpt>
   <trkpt lat="45.8938400" lon="6.1305600">
    <ele>488</ele>
   </trkpt>
   <trkpt lat="45.8938700" lon="6.1304100">
    <ele>487</ele>
   </trkpt>
   <trkpt lat="45.8939300" lon="6.1303000">
    <ele>486</ele>
   </trkpt>
   <trkpt lat="45.8939499" lon="6.1302600">
    <ele>486</ele>
   </trkpt>
   <trkpt lat="45.8939800" lon="6.1302100">
    <ele>485</ele>
   </trkpt>
   <trkpt lat="45.8940200" lon="6.1301600">
    <ele>484</ele>
   </trkpt>
   <trkpt lat="45.8940500" lon="6.1301500">
    <ele>484</ele>
   </trkpt>
   <trkpt lat="45.8940900" lon="6.1301100">
    <ele>483</ele>
   </trkpt>
   <trkpt lat="45.8941200" lon="6.1300400">
    <ele>482</ele>
   </trkpt>
   <trkpt lat="45.8941200" lon="6.1300000">
    <ele>482</ele>
   </trkpt>
   <trkpt lat="45.8942100" lon="6.1300000">
    <ele>481</ele>
   </trkpt>
   <trkpt lat="45.8943600" lon="6.1299600">
    <ele>479</ele>
   </trkpt>
   <trkpt lat="45.8944500" lon="6.1298600">
    <ele>478</ele>
   </trkpt>
   <trkpt lat="45.8945200" lon="6.1297499">
    <ele>477</ele>
   </trkpt>
   <trkpt lat="45.8945999" lon="6.1296200">
    <ele>477</ele>
   </trkpt>
   <trkpt lat="45.8946800" lon="6.1295100">
    <ele>476</ele>
   </trkpt>
   <trkpt lat="45.8947300" lon="6.1294400">
    <ele>475</ele>
   </trkpt>
   <trkpt lat="45.8948400" lon="6.1293700">
    <ele>474</ele>
   </trkpt>
   <trkpt lat="45.8949500" lon="6.1293400">
    <ele>473</ele>
   </trkpt>
   <trkpt lat="45.8950500" lon="6.1293500">
    <ele>473</ele>
   </trkpt>
   <trkpt lat="45.8951700" lon="6.1294400">
    <ele>472</ele>
   </trkpt>
   <trkpt lat="45.8954200" lon="6.1298100">
    <ele>470</ele>
   </trkpt>
   <trkpt lat="45.8955200" lon="6.1299600">
    <ele>468</ele>
   </trkpt>
   <trkpt lat="45.8955900" lon="6.1300500">
    <ele>467</ele>
   </trkpt>
   <trkpt lat="45.8956100" lon="6.1300800">
    <ele>467</ele>
   </trkpt>
   <trkpt lat="45.8957100" lon="6.1302300">
    <ele>465</ele>
   </trkpt>
   <trkpt lat="45.8957800" lon="6.1303599">
    <ele>463</ele>
   </trkpt>
   <trkpt lat="45.8958400" lon="6.1304800">
    <ele>461</ele>
   </trkpt>
   <trkpt lat="45.8959199" lon="6.1306000">
    <ele>459</ele>
   </trkpt>
   <trkpt lat="45.8960099" lon="6.1307300">
    <ele>457</ele>
   </trkpt>
   <trkpt lat="45.8960300" lon="6.1307500">
    <ele>457</ele>
   </trkpt>
   <trkpt lat="45.8962200" lon="6.1310200">
    <ele>455</ele>
   </trkpt>
   <trkpt lat="45.8963899" lon="6.1312700">
    <ele>454</ele>
   </trkpt>
   <trkpt lat="45.8964500" lon="6.1313500">
    <ele>454</ele>
   </trkpt>
   <trkpt lat="45.8965200" lon="6.1314600">
    <ele>453</ele>
   </trkpt>
   <trkpt lat="45.8966000" lon="6.1315700">
    <ele>453</ele>
   </trkpt>
   <trkpt lat="45.8966400" lon="6.1316600">
    <ele>452</ele>
   </trkpt>
   <trkpt lat="45.8966300" lon="6.1317300">
    <ele>452</ele>
   </trkpt>
   <trkpt lat="45.8966500" lon="6.1317900">
    <ele>452</ele>
   </trkpt>
   <trkpt lat="45.8966700" lon="6.1318200">
    <ele>452</ele>
   </trkpt>
   <trkpt lat="45.8966800" lon="6.1318400">
    <ele>452</ele>
   </trkpt>
   <trkpt lat="45.8967300" lon="6.1318700">
    <ele>452</ele>
   </trkpt>
   <trkpt lat="45.8967800" lon="6.1318600">
    <ele>451</ele>
   </trkpt>
   <trkpt lat="45.8968300" lon="6.1318300">
    <ele>451</ele>
   </trkpt>
   <trkpt lat="45.8968599" lon="6.1317700">
    <ele>451</ele>
   </trkpt>
   <trkpt lat="45.8968700" lon="6.1317100">
    <ele>451</ele>
   </trkpt>
   <trkpt lat="45.8969499" lon="6.1316000">
    <ele>451</ele>
   </trkpt>
   <trkpt lat="45.8971100" lon="6.1314100">
    <ele>451</ele>
   </trkpt>
   <trkpt lat="45.8972399" lon="6.1312400">
    <ele>451</ele>
   </trkpt>
   <trkpt lat="45.8975300" lon="6.1308999">
    <ele>453</ele>
   </trkpt>
   <trkpt lat="45.8976300" lon="6.1308100">
    <ele>453</ele>
   </trkpt>
   <trkpt lat="45.8976600" lon="6.1307700">
    <ele>453</ele>
   </trkpt>
   <trkpt lat="45.8976900" lon="6.1307200">
    <ele>453</ele>
   </trkpt>
   <trkpt lat="45.8977600" lon="6.1305500">
    <ele>453</ele>
   </trkpt>
   <trkpt lat="45.8977900" lon="6.1304299">
    <ele>453</ele>
   </trkpt>
   <trkpt lat="45.8978200" lon="6.1302500">
    <ele>453</ele>
   </trkpt>
   <trkpt lat="45.8978100" lon="6.1300400">
    <ele>454</ele>
   </trkpt>
   <trkpt lat="45.8978400" lon="6.1298300">
    <ele>454</ele>
   </trkpt>
   <trkpt lat="45.8979000" lon="6.1292799">
    <ele>455</ele>
   </trkpt>
   <trkpt lat="45.8979300" lon="6.1291900">
    <ele>455</ele>
   </trkpt>
   <trkpt lat="45.8979600" lon="6.1291500">
    <ele>455</ele>
   </trkpt>
   <trkpt lat="45.8980300" lon="6.1290699">
    <ele>454</ele>
   </trkpt>
   <trkpt lat="45.8981000" lon="6.1290500">
    <ele>453</ele>
   </trkpt>
   <trkpt lat="45.8981400" lon="6.1290400">
    <ele>453</ele>
   </trkpt>
   <trkpt lat="45.8984100" lon="6.1290200">
    <ele>451</ele>
   </trkpt>
   <trkpt lat="45.8984700" lon="6.1290100">
    <ele>451</ele>
   </trkpt>
   <trkpt lat="45.8984700" lon="6.1290699">
    <ele>451</ele>
   </trkpt>
   <trkpt lat="45.8985200" lon="6.1290600">
    <ele>451</ele>
   </trkpt>
   <trkpt lat="45.8985600" lon="6.1290800">
    <ele>451</ele>
   </trkpt>
   <trkpt lat="45.8985800" lon="6.1290900">
    <ele>451</ele>
   </trkpt>
   <trkpt lat="45.8987300" lon="6.1290699">
    <ele>451</ele>
   </trkpt>
   <trkpt lat="45.8989500" lon="6.1290500">
    <ele>451</ele>
   </trkpt>
   <trkpt lat="45.8989900" lon="6.1290100">
    <ele>451</ele>
   </trkpt>
   <trkpt lat="45.8990099" lon="6.1290100">
    <ele>451</ele>
   </trkpt>
   <trkpt lat="45.8991500" lon="6.1289999">
    <ele>451</ele>
   </trkpt>
   <trkpt lat="45.8993300" lon="6.1289999">
    <ele>451</ele>
   </trkpt>
   <trkpt lat="45.8994100" lon="6.1289999">
    <ele>452</ele>
   </trkpt>
   <trkpt lat="45.8995400" lon="6.1289700">
    <ele>452</ele>
   </trkpt>
   <trkpt lat="45.9000900" lon="6.1289700">
    <ele>452</ele>
   </trkpt>
   <trkpt lat="45.9001200" lon="6.1289700">
    <ele>452</ele>
   </trkpt>
   <trkpt lat="45.9001300" lon="6.1285100">
    <ele>454</ele>
   </trkpt>
   <trkpt lat="45.9001499" lon="6.1282700">
    <ele>455</ele>
   </trkpt>
   <trkpt lat="45.9001800" lon="6.1281600">
    <ele>455</ele>
   </trkpt>
   <trkpt lat="45.9001900" lon="6.1281100">
    <ele>455</ele>
   </trkpt>
   <trkpt lat="45.9002100" lon="6.1280800">
    <ele>455</ele>
   </trkpt>
   <trkpt lat="45.9009000" lon="6.1276100">
    <ele>454</ele>
   </trkpt>
   <trkpt lat="45.9009500" lon="6.1275900">
    <ele>454</ele>
   </trkpt>
   <trkpt lat="45.9010200" lon="6.1276200">
    <ele>455</ele>
   </trkpt>
   <trkpt lat="45.9011200" lon="6.1276900">
    <ele>455</ele>
   </trkpt>
   <trkpt lat="45.9011400" lon="6.1276500">
    <ele>455</ele>
   </trkpt>
   <trkpt lat="45.9012100" lon="6.1275400">
    <ele>455</ele>
   </trkpt>
   <trkpt lat="45.9012300" lon="6.1275000">
    <ele>455</ele>
   </trkpt>
   <trkpt lat="45.9012699" lon="6.1274400">
    <ele>456</ele>
   </trkpt>
   <trkpt lat="45.9013400" lon="6.1272800">
    <ele>456</ele>
   </trkpt>
   <trkpt lat="45.9014400" lon="6.1272000">
    <ele>456</ele>
   </trkpt>
   <trkpt lat="45.9014700" lon="6.1271500">
    <ele>456</ele>
   </trkpt>
   <trkpt lat="45.9015000" lon="6.1271100">
    <ele>457</ele>
   </trkpt>
   <trkpt lat="45.9015200" lon="6.1271400">
    <ele>457</ele>
   </trkpt>
   <trkpt lat="45.9015600" lon="6.1271500">
    <ele>457</ele>
   </trkpt>
   <trkpt lat="45.9016300" lon="6.1271400">
    <ele>457</ele>
   </trkpt>
   <trkpt lat="45.9022300" lon="6.1267500">
    <ele>458</ele>
   </trkpt>
   <trkpt lat="45.9023200" lon="6.1267500">
    <ele>459</ele>
   </trkpt>
   <trkpt lat="45.9024000" lon="6.1267800">
    <ele>459</ele>
   </trkpt>
   <trkpt lat="45.9024000" lon="6.1266600">
    <ele>459</ele>
   </trkpt>
   <trkpt lat="45.9024200" lon="6.1266200">
    <ele>459</ele>
   </trkpt>
   <trkpt lat="45.9024500" lon="6.1265800">
    <ele>459</ele>
   </trkpt>
   <trkpt lat="45.9028800" lon="6.1262900">
    <ele>457</ele>
   </trkpt>
   <trkpt lat="45.9032700" lon="6.1259900">
    <ele>455</ele>
   </trkpt>
   <trkpt lat="45.9033900" lon="6.1259300">
    <ele>455</ele>
   </trkpt>
   <trkpt lat="45.9036400" lon="6.1257600">
    <ele>455</ele>
   </trkpt>
   <trkpt lat="45.9037500" lon="6.1256900">
    <ele>454</ele>
   </trkpt>
   <trkpt lat="45.9038200" lon="6.1256000">
    <ele>454</ele>
   </trkpt>
   <trkpt lat="45.9038800" lon="6.1255700">
    <ele>454</ele>
   </trkpt>
   <trkpt lat="45.9038899" lon="6.1255600">
    <ele>454</ele>
   </trkpt>
   <trkpt lat="45.9037500" lon="6.1248600">
    <ele>455</ele>
   </trkpt>
   <trkpt lat="45.9038200" lon="6.1247400">
    <ele>454</ele>
   </trkpt>
   <trkpt lat="45.9038200" lon="6.1247200">
    <ele>454</ele>
   </trkpt>
   <trkpt lat="45.9038500" lon="6.1247299">
    <ele>454</ele>
   </trkpt>
   <trkpt lat="45.9038899" lon="6.1247299">
    <ele>454</ele>
   </trkpt>
   <trkpt lat="45.9041300" lon="6.1245300">
    <ele>453</ele>
   </trkpt>
   <trkpt lat="45.9043300" lon="6.1243900">
    <ele>453</ele>
   </trkpt>
   <trkpt lat="45.9050200" lon="6.1240200">
    <ele>455</ele>
   </trkpt>
   <trkpt lat="45.9051199" lon="6.1239800">
    <ele>455</ele>
   </trkpt>
   <trkpt lat="45.9053800" lon="6.1238500">
    <ele>455</ele>
   </trkpt>
   <trkpt lat="45.9055000" lon="6.1238100">
    <ele>455</ele>
   </trkpt>
   <trkpt lat="45.9055700" lon="6.1238400">
    <ele>456</ele>
   </trkpt>
   <trkpt lat="45.9055700" lon="6.1237400">
    <ele>455</ele>
   </trkpt>
   <trkpt lat="45.9055600" lon="6.1236200">
    <ele>455</ele>
   </trkpt>
   <trkpt lat="45.9055400" lon="6.1234300">
    <ele>455</ele>
   </trkpt>
   <trkpt lat="45.9054900" lon="6.1233000">
    <ele>454</ele>
   </trkpt>
   <trkpt lat="45.9054800" lon="6.1232400">
    <ele>454</ele>
   </trkpt>
   <trkpt lat="45.9054500" lon="6.1229600">
    <ele>453</ele>
   </trkpt>
   <trkpt lat="45.9054000" lon="6.1224900">
    <ele>452</ele>
   </trkpt>
   <trkpt lat="45.9053800" lon="6.1221300">
    <ele>452</ele>
   </trkpt>
   <trkpt lat="45.9053400" lon="6.1217900">
    <ele>451</ele>
   </trkpt>
   <trkpt lat="45.9053200" lon="6.1216100">
    <ele>451</ele>
   </trkpt>
   <trkpt lat="45.9053100" lon="6.1215600">
    <ele>451</ele>
   </trkpt>
   <trkpt lat="45.9053100" lon="6.1213800">
    <ele>451</ele>
   </trkpt>
   <trkpt lat="45.9053400" lon="6.1213300">
    <ele>451</ele>
   </trkpt>
   <trkpt lat="45.9054400" lon="6.1212799">
    <ele>451</ele>
   </trkpt>
   <trkpt lat="45.9054900" lon="6.1212700">
    <ele>451</ele>
   </trkpt>
   <trkpt lat="45.9055400" lon="6.1212600">
    <ele>451</ele>
   </trkpt>
   <trkpt lat="45.9056200" lon="6.1212700">
    <ele>451</ele>
   </trkpt>
  </trkseg>
 </trk>
</gpx>
